
=== BERLIN: mitvergnuegen.com ===
  Category IDs: [27015, 27017, 13753]
  Page 1: +100 posts (total 100)
  Page 2: +100 posts (total 200)
  Page 3: +100 posts (total 300)
  Page 4: +100 posts (total 400)
  Page 5: +100 posts (total 500)
  Page 6: +100 posts (total 600)
  Page 7: +100 posts (total 700)
  Page 8: +100 posts (total 800)
  Page 9: +100 posts (total 900)
  Page 10: +100 posts (total 1000)
  Page 11: +100 posts (total 1100)
  Page 12: +100 posts (total 1200)
  Page 13: +100 posts (total 1300)
  Page 14: +100 posts (total 1400)
  Page 15: +100 posts (total 1500)
  Page 16: +100 posts (total 1600)
  Page 17: +100 posts (total 1700)
  Page 18: +100 posts (total 1800)
  Page 19: +100 posts (total 1900)
  Page 20: +100 posts (total 2000)
  Page 21: +100 posts (total 2100)
  Page 22: +100 posts (total 2200)
  Page 23: +100 posts (total 2300)
  Page 24: +100 posts (total 2400)
  Page 25: +100 posts (total 2500)
  Page 26: +100 posts (total 2600)
  Page 27: +100 posts (total 2700)
  Page 28: +100 posts (total 2800)
  Page 29: +100 posts (total 2900)
  Page 30: +100 posts (total 3000)
  Page 31: +100 posts (total 3100)
  Page 32: +100 posts (total 3200)
  Page 33: +100 posts (total 3300)
  Page 34: +83 posts (total 3383)
  [ERROR] https://mitvergnuegen.com/wp-json/wp/v2/posts?categories=27015,27017,13753&per_page=100&page=35: HTTP Error 400: Bad Request
  Total posts to process: 3383
  [5/3383] 0 tips from post (total unique: 44)
  [10/3383] 0 tips from post (total unique: 76)
  [15/3383] 11 tips from post (total unique: 150)
  [20/3383] 11 tips from post (total unique: 191)
  [25/3383] 11 tips from post (total unique: 229)
  [30/3383] 11 tips from post (total unique: 270)
  [35/3383] 11 tips from post (total unique: 306)
  [40/3383] 11 tips from post (total unique: 342)
  [45/3383] 11 tips from post (total unique: 377)
  [50/3383] 0 tips from post (total unique: 387)
  [55/3383] 0 tips from post (total unique: 410)
  [60/3383] 10 tips from post (total unique: 429)
  [65/3383] 21 tips from post (total unique: 456)
  [70/3383] 11 tips from post (total unique: 491)
  [75/3383] 0 tips from post (total unique: 519)
  [80/3383] 11 tips from post (total unique: 546)
  [85/3383] 1 tips from post (total unique: 578)
  [90/3383] 11 tips from post (total unique: 595)
  [95/3383] 0 tips from post (total unique: 611)
  [100/3383] 1 tips from post (total unique: 626)
  [105/3383] 0 tips from post (total unique: 651)
  [110/3383] 11 tips from post (total unique: 668)
  [115/3383] 11 tips from post (total unique: 713)
  [120/3383] 11 tips from post (total unique: 726)
  [125/3383] 11 tips from post (total unique: 747)
  [130/3383] 5 tips from post (total unique: 769)
  [135/3383] 10 tips from post (total unique: 789)
  [140/3383] 3 tips from post (total unique: 809)
  [145/3383] 11 tips from post (total unique: 836)
  [150/3383] 0 tips from post (total unique: 859)
  [155/3383] 5 tips from post (total unique: 881)
  [160/3383] 10 tips from post (total unique: 902)
  [165/3383] 0 tips from post (total unique: 928)
  [170/3383] 0 tips from post (total unique: 960)
  [175/3383] 5 tips from post (total unique: 978)
  [180/3383] 0 tips from post (total unique: 988)
  [185/3383] 5 tips from post (total unique: 1003)
  [190/3383] 1 tips from post (total unique: 1020)
  [195/3383] 21 tips from post (total unique: 1042)
  [200/3383] 5 tips from post (total unique: 1062)
  [205/3383] 0 tips from post (total unique: 1073)
  [210/3383] 11 tips from post (total unique: 1092)
  [215/3383] 0 tips from post (total unique: 1110)
  [220/3383] 11 tips from post (total unique: 1135)
  [225/3383] 11 tips from post (total unique: 1161)
  [230/3383] 11 tips from post (total unique: 1183)
  [235/3383] 21 tips from post (total unique: 1209)
  [240/3383] 11 tips from post (total unique: 1237)
  [245/3383] 0 tips from post (total unique: 1247)
  [250/3383] 11 tips from post (total unique: 1256)
  [255/3383] 0 tips from post (total unique: 1259)
  [260/3383] 5 tips from post (total unique: 1272)
  [265/3383] 11 tips from post (total unique: 1290)
  [270/3383] 1 tips from post (total unique: 1311)
  [275/3383] 0 tips from post (total unique: 1320)
  [280/3383] 0 tips from post (total unique: 1335)
  [285/3383] 0 tips from post (total unique: 1371)
  [290/3383] 0 tips from post (total unique: 1371)
  [295/3383] 0 tips from post (total unique: 1376)
  [300/3383] 5 tips from post (total unique: 1384)
  [305/3383] 0 tips from post (total unique: 1387)
  [310/3383] 11 tips from post (total unique: 1410)
  [315/3383] 11 tips from post (total unique: 1427)
  [320/3383] 0 tips from post (total unique: 1432)
  [325/3383] 11 tips from post (total unique: 1448)
  [330/3383] 11 tips from post (total unique: 1455)
  [335/3383] 11 tips from post (total unique: 1478)
  [340/3383] 0 tips from post (total unique: 1486)
  [345/3383] 1 tips from post (total unique: 1493)
  [350/3383] 0 tips from post (total unique: 1502)
  [355/3383] 0 tips from post (total unique: 1509)
  [360/3383] 0 tips from post (total unique: 1519)
  [365/3383] 11 tips from post (total unique: 1540)
  [370/3383] 5 tips from post (total unique: 1576)
  [375/3383] 11 tips from post (total unique: 1596)
  [380/3383] 1 tips from post (total unique: 1608)
  [385/3383] 0 tips from post (total unique: 1616)
  [390/3383] 0 tips from post (total unique: 1622)
  [395/3383] 11 tips from post (total unique: 1627)
  [400/3383] 11 tips from post (total unique: 1645)
  [405/3383] 11 tips from post (total unique: 1659)
  [410/3383] 11 tips from post (total unique: 1679)
  [415/3383] 0 tips from post (total unique: 1693)
  [420/3383] 11 tips from post (total unique: 1703)
  [425/3383] 1 tips from post (total unique: 1713)
  [430/3383] 5 tips from post (total unique: 1731)
  [435/3383] 11 tips from post (total unique: 1746)
  [440/3383] 11 tips from post (total unique: 1763)
  [445/3383] 0 tips from post (total unique: 1763)
  [450/3383] 5 tips from post (total unique: 1770)
  [455/3383] 0 tips from post (total unique: 1779)
  [460/3383] 0 tips from post (total unique: 1784)
  [465/3383] 0 tips from post (total unique: 1794)
  [470/3383] 1 tips from post (total unique: 1798)
  [475/3383] 11 tips from post (total unique: 1813)
  [480/3383] 10 tips from post (total unique: 1823)
  [485/3383] 11 tips from post (total unique: 1847)
  [490/3383] 0 tips from post (total unique: 1852)
  [495/3383] 0 tips from post (total unique: 1862)
  [500/3383] 11 tips from post (total unique: 1870)
  [505/3383] 5 tips from post (total unique: 1871)
  [510/3383] 0 tips from post (total unique: 1893)
  [515/3383] 0 tips from post (total unique: 1917)
  [520/3383] 0 tips from post (total unique: 1930)
  [525/3383] 0 tips from post (total unique: 1933)
  [530/3383] 11 tips from post (total unique: 1952)
  [535/3383] 1 tips from post (total unique: 1968)
  [540/3383] 11 tips from post (total unique: 1976)
  [545/3383] 1 tips from post (total unique: 1981)
  [550/3383] 0 tips from post (total unique: 1994)
  [555/3383] 0 tips from post (total unique: 2014)
  [560/3383] 1 tips from post (total unique: 2016)
  [565/3383] 0 tips from post (total unique: 2032)
  [570/3383] 5 tips from post (total unique: 2046)
  [575/3383] 11 tips from post (total unique: 2058)
  [580/3383] 0 tips from post (total unique: 2060)
  [585/3383] 1 tips from post (total unique: 2070)
  [590/3383] 0 tips from post (total unique: 2072)
  [595/3383] 0 tips from post (total unique: 2080)
  [600/3383] 0 tips from post (total unique: 2081)
  [605/3383] 0 tips from post (total unique: 2090)
  [610/3383] 0 tips from post (total unique: 2101)
  [615/3383] 1 tips from post (total unique: 2111)
  [620/3383] 11 tips from post (total unique: 2127)
  [625/3383] 0 tips from post (total unique: 2132)
  [630/3383] 0 tips from post (total unique: 2148)
  [635/3383] 11 tips from post (total unique: 2166)
  [640/3383] 21 tips from post (total unique: 2178)
  [645/3383] 11 tips from post (total unique: 2201)
  [650/3383] 11 tips from post (total unique: 2207)
  [655/3383] 5 tips from post (total unique: 2217)
  [660/3383] 0 tips from post (total unique: 2235)
  [665/3383] 11 tips from post (total unique: 2243)
  [670/3383] 0 tips from post (total unique: 2245)
  [675/3383] 0 tips from post (total unique: 2256)
  [680/3383] 0 tips from post (total unique: 2272)
  [685/3383] 11 tips from post (total unique: 2284)
  [690/3383] 0 tips from post (total unique: 2286)
  [695/3383] 0 tips from post (total unique: 2295)
  [700/3383] 5 tips from post (total unique: 2299)
  [705/3383] 1 tips from post (total unique: 2300)
  [710/3383] 1 tips from post (total unique: 2302)
  [715/3383] 11 tips from post (total unique: 2319)
  [720/3383] 0 tips from post (total unique: 2325)
  [725/3383] 11 tips from post (total unique: 2339)
  [730/3383] 0 tips from post (total unique: 2345)
  [735/3383] 0 tips from post (total unique: 2346)
  [740/3383] 5 tips from post (total unique: 2347)
  [745/3383] 1 tips from post (total unique: 2354)
  [750/3383] 5 tips from post (total unique: 2359)
  [755/3383] 1 tips from post (total unique: 2374)
  [760/3383] 0 tips from post (total unique: 2390)
  [765/3383] 1 tips from post (total unique: 2394)
  [770/3383] 11 tips from post (total unique: 2398)
  [775/3383] 0 tips from post (total unique: 2407)
  [780/3383] 5 tips from post (total unique: 2409)
  [785/3383] 11 tips from post (total unique: 2412)
  [790/3383] 11 tips from post (total unique: 2420)
  [795/3383] 11 tips from post (total unique: 2434)
  [800/3383] 11 tips from post (total unique: 2450)
  [805/3383] 0 tips from post (total unique: 2472)
  [810/3383] 0 tips from post (total unique: 2482)
  [815/3383] 0 tips from post (total unique: 2488)
  [820/3383] 0 tips from post (total unique: 2496)
  [825/3383] 11 tips from post (total unique: 2503)
  [830/3383] 11 tips from post (total unique: 2517)
  [835/3383] 11 tips from post (total unique: 2532)
  [840/3383] 11 tips from post (total unique: 2538)
  [845/3383] 0 tips from post (total unique: 2542)
  [850/3383] 11 tips from post (total unique: 2554)
  [855/3383] 5 tips from post (total unique: 2556)
  [860/3383] 11 tips from post (total unique: 2564)
  [865/3383] 0 tips from post (total unique: 2567)
  [870/3383] 0 tips from post (total unique: 2575)
  [875/3383] 5 tips from post (total unique: 2576)
  [880/3383] 1 tips from post (total unique: 2589)
  [885/3383] 1 tips from post (total unique: 2596)
  [890/3383] 11 tips from post (total unique: 2604)
  [895/3383] 11 tips from post (total unique: 2616)
  [900/3383] 0 tips from post (total unique: 2622)
  [905/3383] 0 tips from post (total unique: 2624)
  [910/3383] 0 tips from post (total unique: 2625)
  [915/3383] 0 tips from post (total unique: 2637)
  [920/3383] 0 tips from post (total unique: 2642)
  [925/3383] 0 tips from post (total unique: 2642)
  [930/3383] 0 tips from post (total unique: 2642)
  [935/3383] 0 tips from post (total unique: 2647)
  [940/3383] 11 tips from post (total unique: 2650)
  [945/3383] 0 tips from post (total unique: 2650)
  [950/3383] 11 tips from post (total unique: 2653)
  [955/3383] 11 tips from post (total unique: 2662)
  [960/3383] 0 tips from post (total unique: 2666)
  [965/3383] 0 tips from post (total unique: 2675)
  [970/3383] 0 tips from post (total unique: 2677)
  [975/3383] 0 tips from post (total unique: 2689)
  [980/3383] 0 tips from post (total unique: 2691)
  [985/3383] 0 tips from post (total unique: 2692)
  [990/3383] 11 tips from post (total unique: 2692)
  [995/3383] 1 tips from post (total unique: 2698)
  [1000/3383] 0 tips from post (total unique: 2698)
  [1005/3383] 1 tips from post (total unique: 2708)
  [1010/3383] 11 tips from post (total unique: 2718)
  [1015/3383] 11 tips from post (total unique: 2722)
  [1020/3383] 0 tips from post (total unique: 2727)
  [1025/3383] 1 tips from post (total unique: 2734)
  [1030/3383] 11 tips from post (total unique: 2742)
  [1035/3383] 11 tips from post (total unique: 2747)
  [1040/3383] 11 tips from post (total unique: 2751)
  [1045/3383] 11 tips from post (total unique: 2760)
  [1050/3383] 1 tips from post (total unique: 2763)
  [1055/3383] 0 tips from post (total unique: 2772)
  [1060/3383] 1 tips from post (total unique: 2774)
  [1065/3383] 11 tips from post (total unique: 2798)
  [1070/3383] 0 tips from post (total unique: 2804)
  [1075/3383] 0 tips from post (total unique: 2805)
  [1080/3383] 0 tips from post (total unique: 2814)
  [1085/3383] 0 tips from post (total unique: 2829)
  [1090/3383] 1 tips from post (total unique: 2833)
  [1095/3383] 0 tips from post (total unique: 2839)
  [1100/3383] 11 tips from post (total unique: 2845)
  [1105/3383] 0 tips from post (total unique: 2847)
  [1110/3383] 0 tips from post (total unique: 2849)
  [1115/3383] 0 tips from post (total unique: 2856)
  [1120/3383] 0 tips from post (total unique: 2856)
  [1125/3383] 0 tips from post (total unique: 2856)
  [1130/3383] 0 tips from post (total unique: 2858)
  [1135/3383] 0 tips from post (total unique: 2865)
  [1140/3383] 1 tips from post (total unique: 2870)
  [1145/3383] 0 tips from post (total unique: 2872)
  [1150/3383] 0 tips from post (total unique: 2875)
  [1155/3383] 11 tips from post (total unique: 2878)
  [1160/3383] 0 tips from post (total unique: 2879)
  [1165/3383] 0 tips from post (total unique: 2892)
  [1170/3383] 0 tips from post (total unique: 2905)
  [1175/3383] 0 tips from post (total unique: 2909)
  [1180/3383] 0 tips from post (total unique: 2911)
  [1185/3383] 0 tips from post (total unique: 2913)
  [1190/3383] 0 tips from post (total unique: 2914)
  [1195/3383] 0 tips from post (total unique: 2926)
  [1200/3383] 1 tips from post (total unique: 2928)
  [1205/3383] 11 tips from post (total unique: 2938)
  [1210/3383] 11 tips from post (total unique: 2956)
  [1215/3383] 1 tips from post (total unique: 2961)
  [1220/3383] 11 tips from post (total unique: 2966)
  [1225/3383] 0 tips from post (total unique: 2972)
  [1230/3383] 1 tips from post (total unique: 2993)
  [1235/3383] 1 tips from post (total unique: 2999)
  [1240/3383] 0 tips from post (total unique: 3006)
  [1245/3383] 0 tips from post (total unique: 3010)
  [1250/3383] 0 tips from post (total unique: 3016)
  [1255/3383] 1 tips from post (total unique: 3017)
  [1260/3383] 0 tips from post (total unique: 3017)
  [1265/3383] 24 tips from post (total unique: 3030)
  [1270/3383] 1 tips from post (total unique: 3034)
  [1275/3383] 0 tips from post (total unique: 3035)
  [1280/3383] 11 tips from post (total unique: 3045)
  [1285/3383] 0 tips from post (total unique: 3055)
  [1290/3383] 11 tips from post (total unique: 3066)
  [1295/3383] 0 tips from post (total unique: 3067)
  [1300/3383] 11 tips from post (total unique: 3078)
  [1305/3383] 0 tips from post (total unique: 3084)
  [1310/3383] 1 tips from post (total unique: 3087)
  [1315/3383] 11 tips from post (total unique: 3091)
  [1320/3383] 0 tips from post (total unique: 3093)
  [1325/3383] 0 tips from post (total unique: 3104)
  [1330/3383] 1 tips from post (total unique: 3112)
  [1335/3383] 0 tips from post (total unique: 3118)
  [1340/3383] 1 tips from post (total unique: 3124)
  [1345/3383] 1 tips from post (total unique: 3146)
  [1350/3383] 1 tips from post (total unique: 3149)
  [1355/3383] 1 tips from post (total unique: 3154)
  [1360/3383] 0 tips from post (total unique: 3160)
  [1365/3383] 0 tips from post (total unique: 3163)
  [1370/3383] 11 tips from post (total unique: 3174)
  [1375/3383] 0 tips from post (total unique: 3176)
  [1380/3383] 11 tips from post (total unique: 3187)
  [1385/3383] 0 tips from post (total unique: 3193)
  [1390/3383] 1 tips from post (total unique: 3195)
  [1395/3383] 5 tips from post (total unique: 3198)
  [1400/3383] 0 tips from post (total unique: 3214)
  [1405/3383] 0 tips from post (total unique: 3222)
  [1410/3383] 0 tips from post (total unique: 3232)
  [1415/3383] 1 tips from post (total unique: 3239)
  [1420/3383] 1 tips from post (total unique: 3249)
  [1425/3383] 11 tips from post (total unique: 3255)
  [1430/3383] 0 tips from post (total unique: 3257)
  [1435/3383] 1 tips from post (total unique: 3260)
  [1440/3383] 1 tips from post (total unique: 3265)
  [1445/3383] 1 tips from post (total unique: 3277)
  [1450/3383] 1 tips from post (total unique: 3286)
  [1455/3383] 1 tips from post (total unique: 3299)
  [1460/3383] 0 tips from post (total unique: 3302)
  [1465/3383] 0 tips from post (total unique: 3303)
  [1470/3383] 0 tips from post (total unique: 3315)
  [1475/3383] 1 tips from post (total unique: 3329)
  [1480/3383] 11 tips from post (total unique: 3353)
  [1485/3383] 1 tips from post (total unique: 3358)
  [1490/3383] 1 tips from post (total unique: 3361)
  [1495/3383] 0 tips from post (total unique: 3370)
  [1500/3383] 0 tips from post (total unique: 3378)
  [1505/3383] 0 tips from post (total unique: 3382)
  [1510/3383] 11 tips from post (total unique: 3391)
  [1515/3383] 1 tips from post (total unique: 3409)
  [1520/3383] 1 tips from post (total unique: 3414)
  [1525/3383] 11 tips from post (total unique: 3416)
  [1530/3383] 1 tips from post (total unique: 3421)
  [1535/3383] 1 tips from post (total unique: 3429)
  [1540/3383] 0 tips from post (total unique: 3434)
  [1545/3383] 1 tips from post (total unique: 3438)
  [1550/3383] 1 tips from post (total unique: 3451)
  [1555/3383] 0 tips from post (total unique: 3467)
  [1560/3383] 1 tips from post (total unique: 3475)
  [1565/3383] 0 tips from post (total unique: 3477)
  [1570/3383] 1 tips from post (total unique: 3492)
  [1575/3383] 1 tips from post (total unique: 3497)
  [1580/3383] 11 tips from post (total unique: 3503)
  [1585/3383] 1 tips from post (total unique: 3513)
  [1590/3383] 11 tips from post (total unique: 3519)
  [1595/3383] 1 tips from post (total unique: 3535)
  [1600/3383] 11 tips from post (total unique: 3547)
  [1605/3383] 1 tips from post (total unique: 3549)
  [1610/3383] 1 tips from post (total unique: 3569)
  [1615/3383] 11 tips from post (total unique: 3599)
  [1620/3383] 1 tips from post (total unique: 3603)
  [1625/3383] 0 tips from post (total unique: 3617)
  [1630/3383] 1 tips from post (total unique: 3624)
  [1635/3383] 0 tips from post (total unique: 3647)
  [1640/3383] 0 tips from post (total unique: 3656)
  [1645/3383] 0 tips from post (total unique: 3656)
  [1650/3383] 4 tips from post (total unique: 3662)
  [1655/3383] 5 tips from post (total unique: 3674)
  [1660/3383] 11 tips from post (total unique: 3682)
  [1665/3383] 1 tips from post (total unique: 3698)
  [1670/3383] 0 tips from post (total unique: 3699)
  [1675/3383] 1 tips from post (total unique: 3718)
  [1680/3383] 11 tips from post (total unique: 3724)
  [1685/3383] 1 tips from post (total unique: 3733)
  [1690/3383] 1 tips from post (total unique: 3756)
  [1695/3383] 1 tips from post (total unique: 3771)
  [1700/3383] 0 tips from post (total unique: 3785)
  [1705/3383] 1 tips from post (total unique: 3788)
  [1710/3383] 1 tips from post (total unique: 3792)
  [1715/3383] 11 tips from post (total unique: 3808)
  [1720/3383] 1 tips from post (total unique: 3811)
  [1725/3383] 0 tips from post (total unique: 3825)
  [1730/3383] 1 tips from post (total unique: 3847)
  [1735/3383] 11 tips from post (total unique: 3860)
  [1740/3383] 0 tips from post (total unique: 3872)
  [1745/3383] 11 tips from post (total unique: 3886)
  [1750/3383] 11 tips from post (total unique: 3893)
  [1755/3383] 1 tips from post (total unique: 3895)
  [1760/3383] 0 tips from post (total unique: 3913)
  [1765/3383] 5 tips from post (total unique: 3937)
  [1770/3383] 0 tips from post (total unique: 3946)
  [1775/3383] 1 tips from post (total unique: 3963)
  [1780/3383] 1 tips from post (total unique: 3966)
  [1785/3383] 0 tips from post (total unique: 3978)
  [1790/3383] 11 tips from post (total unique: 3989)
  [1795/3383] 11 tips from post (total unique: 4008)
  [1800/3383] 0 tips from post (total unique: 4017)
  [1805/3383] 0 tips from post (total unique: 4028)
  [1810/3383] 11 tips from post (total unique: 4041)
  [1815/3383] 0 tips from post (total unique: 4046)
  [1820/3383] 11 tips from post (total unique: 4073)
  [1825/3383] 0 tips from post (total unique: 4082)
  [1830/3383] 0 tips from post (total unique: 4082)
  [1835/3383] 11 tips from post (total unique: 4105)
  [1840/3383] 0 tips from post (total unique: 4117)
  [1845/3383] 11 tips from post (total unique: 4122)
  [1850/3383] 0 tips from post (total unique: 4134)
  [1855/3383] 5 tips from post (total unique: 4155)
  [1860/3383] 1 tips from post (total unique: 4157)
  [1865/3383] 0 tips from post (total unique: 4171)
  [1870/3383] 11 tips from post (total unique: 4171)
  [1875/3383] 0 tips from post (total unique: 4171)
  [1880/3383] 11 tips from post (total unique: 4184)
  [1885/3383] 0 tips from post (total unique: 4186)
  [1890/3383] 0 tips from post (total unique: 4199)
  [1895/3383] 0 tips from post (total unique: 4202)
  [1900/3383] 0 tips from post (total unique: 4203)
  [1905/3383] 11 tips from post (total unique: 4213)
  [1910/3383] 11 tips from post (total unique: 4230)
  [1915/3383] 0 tips from post (total unique: 4232)
  [1920/3383] 11 tips from post (total unique: 4251)
  [1925/3383] 1 tips from post (total unique: 4253)
  [1930/3383] 0 tips from post (total unique: 4258)
  [1935/3383] 11 tips from post (total unique: 4271)
  [1940/3383] 0 tips from post (total unique: 4271)
  [1945/3383] 0 tips from post (total unique: 4275)
  [1950/3383] 0 tips from post (total unique: 4277)
  [1955/3383] 0 tips from post (total unique: 4283)
  [1960/3383] 0 tips from post (total unique: 4296)
  [1965/3383] 0 tips from post (total unique: 4300)
  [1970/3383] 0 tips from post (total unique: 4306)
  [1975/3383] 0 tips from post (total unique: 4307)
  [1980/3383] 11 tips from post (total unique: 4312)
  [1985/3383] 11 tips from post (total unique: 4322)
  [1990/3383] 1 tips from post (total unique: 4324)
  [1995/3383] 0 tips from post (total unique: 4337)
  [2000/3383] 11 tips from post (total unique: 4344)
  [2005/3383] 0 tips from post (total unique: 4345)
  [2010/3383] 1 tips from post (total unique: 4348)
  [2015/3383] 0 tips from post (total unique: 4348)
  [2020/3383] 11 tips from post (total unique: 4373)
  [2025/3383] 0 tips from post (total unique: 4386)
  [2030/3383] 11 tips from post (total unique: 4400)
  [2035/3383] 0 tips from post (total unique: 4402)
  [2040/3383] 0 tips from post (total unique: 4404)
  [2045/3383] 1 tips from post (total unique: 4408)
  [2050/3383] 0 tips from post (total unique: 4420)
  [2055/3383] 1 tips from post (total unique: 4427)
  [2060/3383] 0 tips from post (total unique: 4431)
  [2065/3383] 0 tips from post (total unique: 4439)
  [2070/3383] 1 tips from post (total unique: 4442)
  [2075/3383] 0 tips from post (total unique: 4455)
  [2080/3383] 1 tips from post (total unique: 4462)
  [2085/3383] 1 tips from post (total unique: 4463)
  [2090/3383] 1 tips from post (total unique: 4466)
  [2095/3383] 1 tips from post (total unique: 4471)
  [2100/3383] 11 tips from post (total unique: 4495)
  [2105/3383] 0 tips from post (total unique: 4500)
  [2110/3383] 0 tips from post (total unique: 4501)
  [2115/3383] 0 tips from post (total unique: 4505)
  [2120/3383] 0 tips from post (total unique: 4507)
  [2125/3383] 1 tips from post (total unique: 4508)
  [2130/3383] 0 tips from post (total unique: 4515)
  [2135/3383] 1 tips from post (total unique: 4518)
  [2140/3383] 0 tips from post (total unique: 4520)
  [2145/3383] 11 tips from post (total unique: 4533)
  [2150/3383] 0 tips from post (total unique: 4544)
  [2155/3383] 0 tips from post (total unique: 4547)
  [2160/3383] 0 tips from post (total unique: 4561)
  [2165/3383] 1 tips from post (total unique: 4569)
  [2170/3383] 5 tips from post (total unique: 4574)
  [2175/3383] 1 tips from post (total unique: 4579)
  [2180/3383] 11 tips from post (total unique: 4585)
  [2185/3383] 11 tips from post (total unique: 4598)
  [2190/3383] 11 tips from post (total unique: 4611)
  [2195/3383] 1 tips from post (total unique: 4642)
  [2200/3383] 1 tips from post (total unique: 4650)
  [2205/3383] 1 tips from post (total unique: 4651)
  [2210/3383] 1 tips from post (total unique: 4654)
  [2215/3383] 1 tips from post (total unique: 4662)
  [2220/3383] 1 tips from post (total unique: 4665)
  [2225/3383] 1 tips from post (total unique: 4673)
  [2230/3383] 11 tips from post (total unique: 4690)
  [2235/3383] 0 tips from post (total unique: 4693)
  [2240/3383] 10 tips from post (total unique: 4695)
  [2245/3383] 1 tips from post (total unique: 4698)
  [2250/3383] 0 tips from post (total unique: 4713)
  [2255/3383] 0 tips from post (total unique: 4718)
  [2260/3383] 0 tips from post (total unique: 4719)
  [2265/3383] 0 tips from post (total unique: 4722)
  [2270/3383] 0 tips from post (total unique: 4734)
  [2275/3383] 0 tips from post (total unique: 4746)
  [2280/3383] 11 tips from post (total unique: 4753)
  [2285/3383] 0 tips from post (total unique: 4755)
  [2290/3383] 1 tips from post (total unique: 4757)
  [2295/3383] 0 tips from post (total unique: 4762)
  [2300/3383] 0 tips from post (total unique: 4764)
  [2305/3383] 0 tips from post (total unique: 4766)
  [2310/3383] 0 tips from post (total unique: 4767)
  [2315/3383] 0 tips from post (total unique: 4774)
  [2320/3383] 0 tips from post (total unique: 4776)
  [2325/3383] 1 tips from post (total unique: 4779)
  [2330/3383] 0 tips from post (total unique: 4779)
  [2335/3383] 1 tips from post (total unique: 4779)
  [2340/3383] 0 tips from post (total unique: 4787)
  [2345/3383] 1 tips from post (total unique: 4789)
  [2350/3383] 10 tips from post (total unique: 4800)
  [2355/3383] 1 tips from post (total unique: 4803)
  [2360/3383] 11 tips from post (total unique: 4808)
  [2365/3383] 0 tips from post (total unique: 4815)
  [2370/3383] 11 tips from post (total unique: 4822)
  [2375/3383] 0 tips from post (total unique: 4839)
  [2380/3383] 11 tips from post (total unique: 4859)
  [2385/3383] 0 tips from post (total unique: 4861)
  [2390/3383] 0 tips from post (total unique: 4866)
  [2395/3383] 11 tips from post (total unique: 4870)
  [2400/3383] 0 tips from post (total unique: 4880)
  [2405/3383] 1 tips from post (total unique: 4881)
  [2410/3383] 0 tips from post (total unique: 4882)
  [2415/3383] 1 tips from post (total unique: 4906)
  [2420/3383] 0 tips from post (total unique: 4909)
  [2425/3383] 0 tips from post (total unique: 4915)
  [2430/3383] 0 tips from post (total unique: 4917)
  [2435/3383] 11 tips from post (total unique: 4936)
  [2440/3383] 1 tips from post (total unique: 4959)
  [2445/3383] 0 tips from post (total unique: 4959)
  [2450/3383] 0 tips from post (total unique: 4962)
  [2455/3383] 0 tips from post (total unique: 4963)
  [2460/3383] 0 tips from post (total unique: 4969)
  [2465/3383] 11 tips from post (total unique: 4973)
  [2470/3383] 0 tips from post (total unique: 4974)
  [2475/3383] 0 tips from post (total unique: 4982)
  [2480/3383] 0 tips from post (total unique: 5003)
  [2485/3383] 0 tips from post (total unique: 5008)
  [2490/3383] 0 tips from post (total unique: 5008)
  [2495/3383] 1 tips from post (total unique: 5010)
  [2500/3383] 1 tips from post (total unique: 5013)
  [2505/3383] 1 tips from post (total unique: 5016)
  [2510/3383] 1 tips from post (total unique: 5029)
  [2515/3383] 0 tips from post (total unique: 5042)
  [2520/3383] 0 tips from post (total unique: 5044)
  [2525/3383] 0 tips from post (total unique: 5056)
  [2530/3383] 0 tips from post (total unique: 5058)
  [2535/3383] 0 tips from post (total unique: 5072)
  [2540/3383] 11 tips from post (total unique: 5078)
  [2545/3383] 0 tips from post (total unique: 5079)
  [2550/3383] 11 tips from post (total unique: 5082)
  [2555/3383] 0 tips from post (total unique: 5083)
  [2560/3383] 11 tips from post (total unique: 5093)
  [2565/3383] 0 tips from post (total unique: 5094)
  [2570/3383] 11 tips from post (total unique: 5101)
  [2575/3383] 11 tips from post (total unique: 5125)
  [2580/3383] 1 tips from post (total unique: 5132)
  [2585/3383] 0 tips from post (total unique: 5138)
  [2590/3383] 11 tips from post (total unique: 5155)
  [2595/3383] 0 tips from post (total unique: 5157)
  [2600/3383] 1 tips from post (total unique: 5161)
  [2605/3383] 0 tips from post (total unique: 5163)
  [2610/3383] 1 tips from post (total unique: 5185)
  [2615/3383] 1 tips from post (total unique: 5197)
  [2620/3383] 0 tips from post (total unique: 5218)
  [2625/3383] 0 tips from post (total unique: 5219)
  [2630/3383] 0 tips from post (total unique: 5219)
  [2635/3383] 0 tips from post (total unique: 5230)
  [2640/3383] 0 tips from post (total unique: 5241)
  [2645/3383] 1 tips from post (total unique: 5253)
  [2650/3383] 0 tips from post (total unique: 5258)
  [2655/3383] 0 tips from post (total unique: 5270)
  [2660/3383] 11 tips from post (total unique: 5280)
  [2665/3383] 0 tips from post (total unique: 5286)
  [2670/3383] 1 tips from post (total unique: 5290)
  [2675/3383] 1 tips from post (total unique: 5293)
  [2680/3383] 1 tips from post (total unique: 5297)
  [2685/3383] 0 tips from post (total unique: 5314)
  [2690/3383] 1 tips from post (total unique: 5317)
  [2695/3383] 0 tips from post (total unique: 5329)
  [2700/3383] 1 tips from post (total unique: 5337)
  [2705/3383] 0 tips from post (total unique: 5352)
  [2710/3383] 1 tips from post (total unique: 5355)
  [2715/3383] 1 tips from post (total unique: 5356)
  [2720/3383] 1 tips from post (total unique: 5371)
  [2725/3383] 11 tips from post (total unique: 5377)
  [2730/3383] 0 tips from post (total unique: 5379)
  [2735/3383] 1 tips from post (total unique: 5382)
  [2740/3383] 1 tips from post (total unique: 5388)
  [2745/3383] 11 tips from post (total unique: 5411)
  [2750/3383] 1 tips from post (total unique: 5421)
  [2755/3383] 0 tips from post (total unique: 5421)
  [2760/3383] 1 tips from post (total unique: 5425)
  [2765/3383] 11 tips from post (total unique: 5429)
  [2770/3383] 1 tips from post (total unique: 5431)
  [2775/3383] 1 tips from post (total unique: 5438)
  [2780/3383] 0 tips from post (total unique: 5438)
  [2785/3383] 11 tips from post (total unique: 5453)
  [2790/3383] 0 tips from post (total unique: 5463)
  [2795/3383] 1 tips from post (total unique: 5487)
  [2800/3383] 0 tips from post (total unique: 5498)
  [2805/3383] 11 tips from post (total unique: 5511)
  [2810/3383] 11 tips from post (total unique: 5514)
  [2815/3383] 0 tips from post (total unique: 5514)
  [2820/3383] 0 tips from post (total unique: 5523)
  [2825/3383] 11 tips from post (total unique: 5529)
  [2830/3383] 1 tips from post (total unique: 5537)
  [2835/3383] 0 tips from post (total unique: 5538)
  [2840/3383] 1 tips from post (total unique: 5540)
  [2845/3383] 1 tips from post (total unique: 5544)
  [2850/3383] 11 tips from post (total unique: 5570)
  [2855/3383] 0 tips from post (total unique: 5578)
  [2860/3383] 1 tips from post (total unique: 5584)
  [2865/3383] 11 tips from post (total unique: 5588)
  [2870/3383] 0 tips from post (total unique: 5592)
  [2875/3383] 11 tips from post (total unique: 5610)
  [2880/3383] 0 tips from post (total unique: 5617)
  [2885/3383] 0 tips from post (total unique: 5617)
  [2890/3383] 0 tips from post (total unique: 5618)
  [2895/3383] 0 tips from post (total unique: 5626)
  [2900/3383] 0 tips from post (total unique: 5632)
  [2905/3383] 0 tips from post (total unique: 5639)
  [2910/3383] 0 tips from post (total unique: 5640)
  [2915/3383] 11 tips from post (total unique: 5651)
  [2920/3383] 0 tips from post (total unique: 5652)
  [2925/3383] 11 tips from post (total unique: 5671)
  [2930/3383] 1 tips from post (total unique: 5683)
  [2935/3383] 1 tips from post (total unique: 5683)
  [2940/3383] 0 tips from post (total unique: 5695)
  [2945/3383] 11 tips from post (total unique: 5705)
  [2950/3383] 1 tips from post (total unique: 5707)
  [2955/3383] 0 tips from post (total unique: 5717)
  [2960/3383] 11 tips from post (total unique: 5720)
  [2965/3383] 1 tips from post (total unique: 5733)
  [2970/3383] 0 tips from post (total unique: 5733)
  [2975/3383] 0 tips from post (total unique: 5734)
  [2980/3383] 0 tips from post (total unique: 5735)
  [2985/3383] 11 tips from post (total unique: 5740)
  [2990/3383] 0 tips from post (total unique: 5743)
  [2995/3383] 11 tips from post (total unique: 5749)
  [3000/3383] 0 tips from post (total unique: 5749)
  [3005/3383] 0 tips from post (total unique: 5749)
  [3010/3383] 0 tips from post (total unique: 5760)
  [3015/3383] 0 tips from post (total unique: 5764)
  [3020/3383] 1 tips from post (total unique: 5768)
  [3025/3383] 0 tips from post (total unique: 5768)
  [3030/3383] 0 tips from post (total unique: 5768)
  [3035/3383] 0 tips from post (total unique: 5777)
  [3040/3383] 11 tips from post (total unique: 5784)
  [3045/3383] 0 tips from post (total unique: 5785)
  [3050/3383] 0 tips from post (total unique: 5791)
  [3055/3383] 0 tips from post (total unique: 5791)
  [3060/3383] 0 tips from post (total unique: 5810)
  [3065/3383] 0 tips from post (total unique: 5819)
  [3070/3383] 0 tips from post (total unique: 5827)
  [3075/3383] 0 tips from post (total unique: 5828)
  [3080/3383] 0 tips from post (total unique: 5830)
  [3085/3383] 0 tips from post (total unique: 5830)
  [3090/3383] 0 tips from post (total unique: 5835)
  [3095/3383] 1 tips from post (total unique: 5843)
  [3100/3383] 0 tips from post (total unique: 5844)
  [3105/3383] 0 tips from post (total unique: 5847)
  [3110/3383] 0 tips from post (total unique: 5847)
  [3115/3383] 0 tips from post (total unique: 5850)
  [3120/3383] 0 tips from post (total unique: 5850)
  [3125/3383] 0 tips from post (total unique: 5857)
  [3130/3383] 0 tips from post (total unique: 5858)
  [3135/3383] 0 tips from post (total unique: 5858)
  [3140/3383] 0 tips from post (total unique: 5861)
  [3145/3383] 0 tips from post (total unique: 5861)
  [3150/3383] 0 tips from post (total unique: 5861)
  [3155/3383] 0 tips from post (total unique: 5861)
  [3160/3383] 0 tips from post (total unique: 5862)
  [3165/3383] 0 tips from post (total unique: 5862)
  [3170/3383] 0 tips from post (total unique: 5862)
  [3175/3383] 0 tips from post (total unique: 5862)
  [3180/3383] 0 tips from post (total unique: 5863)
  [3185/3383] 0 tips from post (total unique: 5865)
  [3190/3383] 1 tips from post (total unique: 5866)
  [3195/3383] 0 tips from post (total unique: 5866)
  [3200/3383] 0 tips from post (total unique: 5866)
  [3205/3383] 0 tips from post (total unique: 5867)
  [3210/3383] 0 tips from post (total unique: 5868)
  [3215/3383] 1 tips from post (total unique: 5869)
  [3220/3383] 1 tips from post (total unique: 5873)
  [3225/3383] 1 tips from post (total unique: 5874)
  [3230/3383] 0 tips from post (total unique: 5875)
  [3235/3383] 0 tips from post (total unique: 5875)
  [3240/3383] 0 tips from post (total unique: 5876)
  [3245/3383] 0 tips from post (total unique: 5877)
  [3250/3383] 0 tips from post (total unique: 5877)
  [3255/3383] 0 tips from post (total unique: 5877)
  [3260/3383] 0 tips from post (total unique: 5877)
  [3265/3383] 0 tips from post (total unique: 5877)
  [3270/3383] 0 tips from post (total unique: 5877)
  [3275/3383] 0 tips from post (total unique: 5877)
  [3280/3383] 0 tips from post (total unique: 5877)
  [3285/3383] 0 tips from post (total unique: 5877)
  [3290/3383] 0 tips from post (total unique: 5877)
  [3295/3383] 0 tips from post (total unique: 5877)
  [3300/3383] 0 tips from post (total unique: 5877)
  [3305/3383] 0 tips from post (total unique: 5877)
  [3310/3383] 0 tips from post (total unique: 5877)
  [3315/3383] 0 tips from post (total unique: 5877)
  [3320/3383] 0 tips from post (total unique: 5877)
  [3325/3383] 0 tips from post (total unique: 5877)
  [3330/3383] 0 tips from post (total unique: 5877)
  [3335/3383] 0 tips from post (total unique: 5877)
  [3340/3383] 0 tips from post (total unique: 5877)
  [3345/3383] 0 tips from post (total unique: 5877)
  [3350/3383] 0 tips from post (total unique: 5877)
  [3355/3383] 0 tips from post (total unique: 5877)
  [3360/3383] 0 tips from post (total unique: 5877)
  [3365/3383] 0 tips from post (total unique: 5877)
  [3370/3383] 0 tips from post (total unique: 5877)
  [3375/3383] 0 tips from post (total unique: 5877)
  [3380/3383] 0 tips from post (total unique: 5877)
  [ERROR] https://mitvergnuegen.com/2011/giovanni%c2%b4s-eroffnungsbilder/: HTTP Error 404: Not Found
  Total unique tips: 5877
  [ERROR] https://mitvergnuegen.com/api/v1/tips/21645/: HTTP Error 404: Not Found
  [ERROR] https://mitvergnuegen.com/api/v1/tips/21735/: HTTP Error 404: Not Found
  [ERROR] https://mitvergnuegen.com/api/v1/tips/21740/: HTTP Error 404: Not Found
  [ERROR] https://mitvergnuegen.com/api/v1/tips/21860/: HTTP Error 404: Not Found
  [ERROR] https://mitvergnuegen.com/api/v1/tips/21919/: HTTP Error 404: Not Found
  [ERROR] https://mitvergnuegen.com/api/v1/tips/21932/: HTTP Error 404: Not Found
  [ERROR] https://mitvergnuegen.com/api/v1/tips/21962/: HTTP Error 404: Not Found
  [ERROR] https://mitvergnuegen.com/api/v1/tips/21971/: HTTP Error 404: Not Found
  [ERROR] https://mitvergnuegen.com/api/v1/tips/21988/: HTTP Error 404: Not Found
  [ERROR] https://mitvergnuegen.com/api/v1/tips/23934/: HTTP Error 404: Not Found
  [ERROR] https://mitvergnuegen.com/api/v1/tips/27766/: HTTP Error 404: Not Found
  [ERROR] https://mitvergnuegen.com/api/v1/tips/28709/: HTTP Error 404: Not Found
  [ERROR] https://mitvergnuegen.com/api/v1/tips/29041/: HTTP Error 404: Not Found
  [ERROR] https://mitvergnuegen.com/api/v1/tips/29772/: HTTP Error 404: Not Found
  [ERROR] https://mitvergnuegen.com/api/v1/tips/36560/: HTTP Error 404: Not Found
  [ERROR] https://mitvergnuegen.com/api/v1/tips/42205/: HTTP Error 404: Not Found
  [ERROR] https://mitvergnuegen.com/api/v1/tips/47327/: HTTP Error 404: Not Found
  [ERROR] https://mitvergnuegen.com/api/v1/tips/47423/: HTTP Error 404: Not Found
  [ERROR] https://mitvergnuegen.com/api/v1/tips/47650/: HTTP Error 404: Not Found
  [ERROR] https://mitvergnuegen.com/api/v1/tips/51891/: HTTP Error 404: Not Found
  [ERROR] https://mitvergnuegen.com/api/v1/tips/53251/: HTTP Error 404: Not Found
  [ERROR] https://mitvergnuegen.com/api/v1/tips/53663/: HTTP Error 404: Not Found
  [ERROR] https://mitvergnuegen.com/api/v1/tips/54362/: HTTP Error 404: Not Found
  [ERROR] https://mitvergnuegen.com/api/v1/tips/54494/: HTTP Error 404: Not Found
  [ERROR] https://mitvergnuegen.com/api/v1/tips/54767/: HTTP Error 404: Not Found
  [ERROR] https://mitvergnuegen.com/api/v1/tips/55064/: HTTP Error 404: Not Found
  [ERROR] https://mitvergnuegen.com/api/v1/tips/55456/: HTTP Error 404: Not Found
  [ERROR] https://mitvergnuegen.com/api/v1/tips/55796/: HTTP Error 404: Not Found
  [ERROR] https://mitvergnuegen.com/api/v1/tips/57062/: HTTP Error 404: Not Found
  [ERROR] https://mitvergnuegen.com/api/v1/tips/58514/: HTTP Error 404: Not Found
  [ERROR] https://mitvergnuegen.com/api/v1/tips/60478/: HTTP Error 404: Not Found
  [ERROR] https://mitvergnuegen.com/api/v1/tips/62635/: HTTP Error 404: Not Found
  [ERROR] https://mitvergnuegen.com/api/v1/tips/63186/: HTTP Error 404: Not Found
  [ERROR] https://mitvergnuegen.com/api/v1/tips/63274/: HTTP Error 404: Not Found
  [ERROR] https://mitvergnuegen.com/api/v1/tips/63798/: HTTP Error 404: Not Found
  [ERROR] https://mitvergnuegen.com/api/v1/tips/63900/: HTTP Error 404: Not Found
  [ERROR] https://mitvergnuegen.com/api/v1/tips/65056/: HTTP Error 404: Not Found
  [ERROR] https://mitvergnuegen.com/api/v1/tips/65776/: HTTP Error 404: Not Found
  [ERROR] https://mitvergnuegen.com/api/v1/tips/69455/: HTTP Error 404: Not Found
  [ERROR] https://mitvergnuegen.com/api/v1/tips/69962/: HTTP Error 404: Not Found
  [ERROR] https://mitvergnuegen.com/api/v1/tips/72069/: HTTP Error 404: Not Found
  [ERROR] https://mitvergnuegen.com/api/v1/tips/72585/: HTTP Error 404: Not Found
  [ERROR] https://mitvergnuegen.com/api/v1/tips/72908/: HTTP Error 404: Not Found
  [ERROR] https://mitvergnuegen.com/api/v1/tips/73329/: HTTP Error 404: Not Found
  [ERROR] https://mitvergnuegen.com/api/v1/tips/74736/: HTTP Error 404: Not Found
  [ERROR] https://mitvergnuegen.com/api/v1/tips/74829/: HTTP Error 404: Not Found
  [ERROR] https://mitvergnuegen.com/api/v1/tips/76139/: HTTP Error 404: Not Found
  [ERROR] https://mitvergnuegen.com/api/v1/tips/76783/: HTTP Error 404: Not Found
  [ERROR] https://mitvergnuegen.com/api/v1/tips/77160/: HTTP Error 404: Not Found
  [ERROR] https://mitvergnuegen.com/api/v1/tips/78686/: HTTP Error 404: Not Found
  [ERROR] https://mitvergnuegen.com/api/v1/tips/78713/: HTTP Error 404: Not Found
  [ERROR] https://mitvergnuegen.com/api/v1/tips/80468/: HTTP Error 404: Not Found
  [ERROR] https://mitvergnuegen.com/api/v1/tips/80955/: HTTP Error 404: Not Found
  [ERROR] https://mitvergnuegen.com/api/v1/tips/81946/: HTTP Error 404: Not Found
  [ERROR] https://mitvergnuegen.com/api/v1/tips/82707/: HTTP Error 404: Not Found
  [ERROR] https://mitvergnuegen.com/api/v1/tips/83891/: HTTP Error 404: Not Found
  [ERROR] https://mitvergnuegen.com/api/v1/tips/86975/: HTTP Error 404: Not Found
  [ERROR] https://mitvergnuegen.com/api/v1/tips/87141/: HTTP Error 404: Not Found
  [ERROR] https://mitvergnuegen.com/api/v1/tips/88359/: HTTP Error 404: Not Found
  [ERROR] https://mitvergnuegen.com/api/v1/tips/88362/: HTTP Error 404: Not Found
  [ERROR] https://mitvergnuegen.com/api/v1/tips/90037/: HTTP Error 404: Not Found
  [ERROR] https://mitvergnuegen.com/api/v1/tips/90264/: HTTP Error 404: Not Found
  [ERROR] https://mitvergnuegen.com/api/v1/tips/92977/: HTTP Error 404: Not Found
  [ERROR] https://mitvergnuegen.com/api/v1/tips/93476/: HTTP Error 404: Not Found
  [ERROR] https://mitvergnuegen.com/api/v1/tips/93596/: HTTP Error 404: Not Found
  [ERROR] https://mitvergnuegen.com/api/v1/tips/93628/: HTTP Error 404: Not Found
  [ERROR] https://mitvergnuegen.com/api/v1/tips/95630/: HTTP Error 404: Not Found
  [ERROR] https://mitvergnuegen.com/api/v1/tips/96023/: HTTP Error 404: Not Found
  [ERROR] https://mitvergnuegen.com/api/v1/tips/96461/: HTTP Error 404: Not Found
  [ERROR] https://mitvergnuegen.com/api/v1/tips/96710/: HTTP Error 404: Not Found
  [ERROR] https://mitvergnuegen.com/api/v1/tips/97454/: HTTP Error 404: Not Found
  [ERROR] https://mitvergnuegen.com/api/v1/tips/97998/: HTTP Error 404: Not Found
  [ERROR] https://mitvergnuegen.com/api/v1/tips/98419/: HTTP Error 404: Not Found
  [ERROR] https://mitvergnuegen.com/api/v1/tips/98502/: HTTP Error 404: Not Found
  [ERROR] https://mitvergnuegen.com/api/v1/tips/98907/: HTTP Error 404: Not Found
  [ERROR] https://mitvergnuegen.com/api/v1/tips/98924/: HTTP Error 404: Not Found
  [10/5877] added=10 updated=0
  [ERROR] https://mitvergnuegen.com/api/v1/tips/98984/: HTTP Error 404: Not Found
  [ERROR] https://mitvergnuegen.com/api/v1/tips/98994/: HTTP Error 404: Not Found
  [ERROR] https://mitvergnuegen.com/api/v1/tips/99001/: HTTP Error 404: Not Found
  [ERROR] https://mitvergnuegen.com/api/v1/tips/99025/: HTTP Error 404: Not Found
  [ERROR] https://mitvergnuegen.com/api/v1/tips/99085/: HTTP Error 404: Not Found
  [ERROR] https://mitvergnuegen.com/api/v1/tips/99090/: HTTP Error 404: Not Found
  [20/5877] added=20 updated=0
  [ERROR] https://mitvergnuegen.com/api/v1/tips/99136/: HTTP Error 404: Not Found
  [ERROR] https://mitvergnuegen.com/api/v1/tips/99140/: HTTP Error 404: Not Found
  [ERROR] https://mitvergnuegen.com/api/v1/tips/99150/: HTTP Error 404: Not Found
  [ERROR] https://mitvergnuegen.com/api/v1/tips/99191/: HTTP Error 404: Not Found
  [30/5877] added=30 updated=0
  [ERROR] https://mitvergnuegen.com/api/v1/tips/99226/: HTTP Error 404: Not Found
  [40/5877] added=40 updated=0
  [ERROR] https://mitvergnuegen.com/api/v1/tips/99312/: HTTP Error 404: Not Found
  [50/5877] added=50 updated=0
  [ERROR] https://mitvergnuegen.com/api/v1/tips/99513/: HTTP Error 404: Not Found
  [60/5877] added=60 updated=0
  [ERROR] https://mitvergnuegen.com/api/v1/tips/99536/: HTTP Error 404: Not Found
  [ERROR] https://mitvergnuegen.com/api/v1/tips/99551/: HTTP Error 404: Not Found
  [ERROR] https://mitvergnuegen.com/api/v1/tips/99558/: HTTP Error 404: Not Found
  [ERROR] https://mitvergnuegen.com/api/v1/tips/99565/: HTTP Error 404: Not Found
  [ERROR] https://mitvergnuegen.com/api/v1/tips/99568/: HTTP Error 404: Not Found
  [ERROR] https://mitvergnuegen.com/api/v1/tips/99571/: HTTP Error 404: Not Found
  [70/5877] added=70 updated=0
  [ERROR] https://mitvergnuegen.com/api/v1/tips/99669/: HTTP Error 404: Not Found
  [80/5877] added=80 updated=0
  [ERROR] https://mitvergnuegen.com/api/v1/tips/99715/: HTTP Error 404: Not Found
  [ERROR] https://mitvergnuegen.com/api/v1/tips/99721/: HTTP Error 404: Not Found
  [ERROR] https://mitvergnuegen.com/api/v1/tips/99723/: HTTP Error 404: Not Found
  [90/5877] added=90 updated=0
  [ERROR] https://mitvergnuegen.com/api/v1/tips/99781/: HTTP Error 404: Not Found
  [ERROR] https://mitvergnuegen.com/api/v1/tips/99783/: HTTP Error 404: Not Found
  [ERROR] https://mitvergnuegen.com/api/v1/tips/99792/: HTTP Error 404: Not Found
  [ERROR] https://mitvergnuegen.com/api/v1/tips/99795/: HTTP Error 404: Not Found
  [ERROR] https://mitvergnuegen.com/api/v1/tips/99804/: HTTP Error 404: Not Found
  [ERROR] https://mitvergnuegen.com/api/v1/tips/99806/: HTTP Error 404: Not Found
  [ERROR] https://mitvergnuegen.com/api/v1/tips/99808/: HTTP Error 404: Not Found
  [100/5877] added=100 updated=0
  [ERROR] https://mitvergnuegen.com/api/v1/tips/99838/: HTTP Error 404: Not Found
  [110/5877] added=110 updated=0
  [120/5877] added=120 updated=0
  [130/5877] added=130 updated=0
  [ERROR] https://mitvergnuegen.com/api/v1/tips/100267/: HTTP Error 404: Not Found
  [140/5877] added=140 updated=0
  [ERROR] https://mitvergnuegen.com/api/v1/tips/100447/: HTTP Error 404: Not Found
  [150/5877] added=150 updated=0
  [160/5877] added=160 updated=0
  [170/5877] added=170 updated=0
  [ERROR] https://mitvergnuegen.com/api/v1/tips/100553/: HTTP Error 404: Not Found
  [ERROR] https://mitvergnuegen.com/api/v1/tips/100578/: HTTP Error 404: Not Found
  [ERROR] https://mitvergnuegen.com/api/v1/tips/100653/: HTTP Error 404: Not Found
  [180/5877] added=180 updated=0
  [190/5877] added=190 updated=0
  [200/5877] added=200 updated=0
  [210/5877] added=210 updated=0
  [ERROR] https://mitvergnuegen.com/api/v1/tips/100839/: HTTP Error 404: Not Found
  [220/5877] added=220 updated=0
  [ERROR] https://mitvergnuegen.com/api/v1/tips/100849/: HTTP Error 404: Not Found
  [ERROR] https://mitvergnuegen.com/api/v1/tips/100878/: HTTP Error 404: Not Found
  [ERROR] https://mitvergnuegen.com/api/v1/tips/100888/: HTTP Error 404: Not Found
  [230/5877] added=230 updated=0
  [240/5877] added=240 updated=0
  [ERROR] https://mitvergnuegen.com/api/v1/tips/100997/: HTTP Error 404: Not Found
  [250/5877] added=250 updated=0
  [ERROR] https://mitvergnuegen.com/api/v1/tips/101004/: HTTP Error 404: Not Found
  [ERROR] https://mitvergnuegen.com/api/v1/tips/101007/: HTTP Error 404: Not Found
  [ERROR] https://mitvergnuegen.com/api/v1/tips/101008/: HTTP Error 404: Not Found
  [260/5877] added=260 updated=0
  [ERROR] https://mitvergnuegen.com/api/v1/tips/101049/: HTTP Error 404: Not Found
  [270/5877] added=270 updated=0
  [280/5877] added=280 updated=0
  [ERROR] https://mitvergnuegen.com/api/v1/tips/101131/: HTTP Error 404: Not Found
  [ERROR] https://mitvergnuegen.com/api/v1/tips/101135/: HTTP Error 404: Not Found
  [ERROR] https://mitvergnuegen.com/api/v1/tips/101138/: HTTP Error 404: Not Found
  [ERROR] https://mitvergnuegen.com/api/v1/tips/101142/: HTTP Error 404: Not Found
  [290/5877] added=290 updated=0
  [ERROR] https://mitvergnuegen.com/api/v1/tips/101370/: HTTP Error 404: Not Found
  [ERROR] https://mitvergnuegen.com/api/v1/tips/101422/: HTTP Error 404: Not Found
  [300/5877] added=300 updated=0
  [ERROR] https://mitvergnuegen.com/api/v1/tips/101458/: HTTP Error 404: Not Found
  [310/5877] added=310 updated=0
  [320/5877] added=320 updated=0
  [ERROR] https://mitvergnuegen.com/api/v1/tips/101631/: HTTP Error 404: Not Found
  [ERROR] https://mitvergnuegen.com/api/v1/tips/101636/: HTTP Error 404: Not Found
  [ERROR] https://mitvergnuegen.com/api/v1/tips/101639/: HTTP Error 404: Not Found
  [330/5877] added=330 updated=0
  [ERROR] https://mitvergnuegen.com/api/v1/tips/101738/: HTTP Error 404: Not Found
  [ERROR] https://mitvergnuegen.com/api/v1/tips/101741/: HTTP Error 404: Not Found
  [ERROR] https://mitvergnuegen.com/api/v1/tips/101742/: HTTP Error 404: Not Found
  [340/5877] added=340 updated=0
  [ERROR] https://mitvergnuegen.com/api/v1/tips/101895/: HTTP Error 404: Not Found
  [ERROR] https://mitvergnuegen.com/api/v1/tips/101896/: HTTP Error 404: Not Found
  [ERROR] https://mitvergnuegen.com/api/v1/tips/101898/: HTTP Error 404: Not Found
  [350/5877] added=350 updated=0
  [ERROR] https://mitvergnuegen.com/api/v1/tips/101903/: HTTP Error 404: Not Found
  [ERROR] https://mitvergnuegen.com/api/v1/tips/101911/: HTTP Error 404: Not Found
  [360/5877] added=360 updated=0
  [ERROR] https://mitvergnuegen.com/api/v1/tips/102067/: HTTP Error 404: Not Found
  [370/5877] added=370 updated=0
  [ERROR] https://mitvergnuegen.com/api/v1/tips/102136/: HTTP Error 404: Not Found
  [380/5877] added=380 updated=0
  [ERROR] https://mitvergnuegen.com/api/v1/tips/102207/: HTTP Error 404: Not Found
  [ERROR] https://mitvergnuegen.com/api/v1/tips/102210/: HTTP Error 404: Not Found
  [ERROR] https://mitvergnuegen.com/api/v1/tips/102214/: HTTP Error 404: Not Found
  [390/5877] added=390 updated=0
  [ERROR] https://mitvergnuegen.com/api/v1/tips/102230/: HTTP Error 404: Not Found
  [ERROR] https://mitvergnuegen.com/api/v1/tips/102234/: HTTP Error 404: Not Found
  [ERROR] https://mitvergnuegen.com/api/v1/tips/102236/: HTTP Error 404: Not Found
  [ERROR] https://mitvergnuegen.com/api/v1/tips/102241/: HTTP Error 404: Not Found
  [ERROR] https://mitvergnuegen.com/api/v1/tips/102243/: HTTP Error 404: Not Found
  [ERROR] https://mitvergnuegen.com/api/v1/tips/102247/: HTTP Error 404: Not Found
  [ERROR] https://mitvergnuegen.com/api/v1/tips/102249/: HTTP Error 404: Not Found
  [400/5877] added=400 updated=0
  [410/5877] added=410 updated=0
  [ERROR] https://mitvergnuegen.com/api/v1/tips/102389/: HTTP Error 404: Not Found
  [ERROR] https://mitvergnuegen.com/api/v1/tips/102499/: HTTP Error 404: Not Found
  [420/5877] added=420 updated=0
  [ERROR] https://mitvergnuegen.com/api/v1/tips/102614/: HTTP Error 404: Not Found
  [430/5877] added=430 updated=0
  [ERROR] https://mitvergnuegen.com/api/v1/tips/102673/: HTTP Error 404: Not Found
  [440/5877] added=440 updated=0
  [ERROR] https://mitvergnuegen.com/api/v1/tips/102706/: HTTP Error 404: Not Found
  [ERROR] https://mitvergnuegen.com/api/v1/tips/102807/: HTTP Error 404: Not Found
  [ERROR] https://mitvergnuegen.com/api/v1/tips/103356/: HTTP Error 404: Not Found
  [ERROR] https://mitvergnuegen.com/api/v1/tips/103359/: HTTP Error 404: Not Found
  [ERROR] https://mitvergnuegen.com/api/v1/tips/103365/: HTTP Error 404: Not Found
  [ERROR] https://mitvergnuegen.com/api/v1/tips/103369/: HTTP Error 404: Not Found
  [ERROR] https://mitvergnuegen.com/api/v1/tips/103372/: HTTP Error 404: Not Found
  [ERROR] https://mitvergnuegen.com/api/v1/tips/103385/: HTTP Error 404: Not Found
  [ERROR] https://mitvergnuegen.com/api/v1/tips/103408/: HTTP Error 404: Not Found
  [ERROR] https://mitvergnuegen.com/api/v1/tips/103414/: HTTP Error 404: Not Found
  [ERROR] https://mitvergnuegen.com/api/v1/tips/103417/: HTTP Error 404: Not Found
  [ERROR] https://mitvergnuegen.com/api/v1/tips/103421/: HTTP Error 404: Not Found
  [ERROR] https://mitvergnuegen.com/api/v1/tips/103425/: HTTP Error 404: Not Found
  [ERROR] https://mitvergnuegen.com/api/v1/tips/103428/: HTTP Error 404: Not Found
  [ERROR] https://mitvergnuegen.com/api/v1/tips/103432/: HTTP Error 404: Not Found
  [ERROR] https://mitvergnuegen.com/api/v1/tips/103438/: HTTP Error 404: Not Found
  [ERROR] https://mitvergnuegen.com/api/v1/tips/103453/: HTTP Error 404: Not Found
  [ERROR] https://mitvergnuegen.com/api/v1/tips/103458/: HTTP Error 404: Not Found
  [ERROR] https://mitvergnuegen.com/api/v1/tips/103469/: HTTP Error 404: Not Found
  [ERROR] https://mitvergnuegen.com/api/v1/tips/103488/: HTTP Error 404: Not Found
  [ERROR] https://mitvergnuegen.com/api/v1/tips/103495/: HTTP Error 404: Not Found
  [ERROR] https://mitvergnuegen.com/api/v1/tips/103498/: HTTP Error 404: Not Found
  [ERROR] https://mitvergnuegen.com/api/v1/tips/103507/: HTTP Error 404: Not Found
  [ERROR] https://mitvergnuegen.com/api/v1/tips/103510/: HTTP Error 404: Not Found
  [ERROR] https://mitvergnuegen.com/api/v1/tips/103533/: HTTP Error 404: Not Found
  [ERROR] https://mitvergnuegen.com/api/v1/tips/103538/: HTTP Error 404: Not Found
  [ERROR] https://mitvergnuegen.com/api/v1/tips/103545/: HTTP Error 404: Not Found
  [ERROR] https://mitvergnuegen.com/api/v1/tips/103569/: HTTP Error 404: Not Found
  [ERROR] https://mitvergnuegen.com/api/v1/tips/103574/: HTTP Error 404: Not Found
  [ERROR] https://mitvergnuegen.com/api/v1/tips/103582/: HTTP Error 404: Not Found
  [ERROR] https://mitvergnuegen.com/api/v1/tips/103620/: HTTP Error 404: Not Found
  [450/5877] added=450 updated=0
  [ERROR] https://mitvergnuegen.com/api/v1/tips/103901/: HTTP Error 404: Not Found
  [ERROR] https://mitvergnuegen.com/api/v1/tips/104169/: HTTP Error 404: Not Found
  [460/5877] added=460 updated=0
  [ERROR] https://mitvergnuegen.com/api/v1/tips/104217/: HTTP Error 404: Not Found
  [ERROR] https://mitvergnuegen.com/api/v1/tips/104220/: HTTP Error 404: Not Found
  [470/5877] added=470 updated=0
  [480/5877] added=480 updated=0
  [ERROR] https://mitvergnuegen.com/api/v1/tips/104381/: HTTP Error 404: Not Found
  [ERROR] https://mitvergnuegen.com/api/v1/tips/104391/: HTTP Error 404: Not Found
  [490/5877] added=490 updated=0
  [500/5877] added=500 updated=0
  [ERROR] https://mitvergnuegen.com/api/v1/tips/104712/: HTTP Error 404: Not Found
  [ERROR] https://mitvergnuegen.com/api/v1/tips/104817/: HTTP Error 404: Not Found
  [510/5877] added=510 updated=0
  [ERROR] https://mitvergnuegen.com/api/v1/tips/105283/: HTTP Error 404: Not Found
  [520/5877] added=520 updated=0
  [ERROR] https://mitvergnuegen.com/api/v1/tips/105472/: HTTP Error 404: Not Found
  [530/5877] added=530 updated=0
  [ERROR] https://mitvergnuegen.com/api/v1/tips/105734/: HTTP Error 404: Not Found
  [ERROR] https://mitvergnuegen.com/api/v1/tips/105998/: HTTP Error 404: Not Found
  [ERROR] https://mitvergnuegen.com/api/v1/tips/106332/: HTTP Error 404: Not Found
  [ERROR] https://mitvergnuegen.com/api/v1/tips/106484/: HTTP Error 404: Not Found
  [540/5877] added=540 updated=0
  [ERROR] https://mitvergnuegen.com/api/v1/tips/106505/: HTTP Error 404: Not Found
  [ERROR] https://mitvergnuegen.com/api/v1/tips/106518/: HTTP Error 404: Not Found
  [550/5877] added=550 updated=0
  [ERROR] https://mitvergnuegen.com/api/v1/tips/106600/: HTTP Error 404: Not Found
  [ERROR] https://mitvergnuegen.com/api/v1/tips/106604/: HTTP Error 404: Not Found
  [ERROR] https://mitvergnuegen.com/api/v1/tips/106701/: HTTP Error 404: Not Found
  [ERROR] https://mitvergnuegen.com/api/v1/tips/106704/: HTTP Error 404: Not Found
  [ERROR] https://mitvergnuegen.com/api/v1/tips/106709/: HTTP Error 404: Not Found
  [ERROR] https://mitvergnuegen.com/api/v1/tips/106771/: HTTP Error 404: Not Found
  [ERROR] https://mitvergnuegen.com/api/v1/tips/106783/: HTTP Error 404: Not Found
  [ERROR] https://mitvergnuegen.com/api/v1/tips/106792/: HTTP Error 404: Not Found
  [ERROR] https://mitvergnuegen.com/api/v1/tips/106813/: HTTP Error 404: Not Found
  [560/5877] added=560 updated=0
  [ERROR] https://mitvergnuegen.com/api/v1/tips/106955/: HTTP Error 404: Not Found
  [ERROR] https://mitvergnuegen.com/api/v1/tips/106993/: HTTP Error 404: Not Found
  [570/5877] added=570 updated=0
  [ERROR] https://mitvergnuegen.com/api/v1/tips/107190/: HTTP Error 404: Not Found
  [ERROR] https://mitvergnuegen.com/api/v1/tips/107242/: HTTP Error 404: Not Found
  [580/5877] added=580 updated=0
  [ERROR] https://mitvergnuegen.com/api/v1/tips/107611/: HTTP Error 404: Not Found
  [ERROR] https://mitvergnuegen.com/api/v1/tips/107959/: HTTP Error 404: Not Found
  [ERROR] https://mitvergnuegen.com/api/v1/tips/108112/: HTTP Error 404: Not Found
  [590/5877] added=590 updated=0
  [ERROR] https://mitvergnuegen.com/api/v1/tips/108383/: HTTP Error 404: Not Found
  [ERROR] https://mitvergnuegen.com/api/v1/tips/108417/: HTTP Error 404: Not Found
  [ERROR] https://mitvergnuegen.com/api/v1/tips/108535/: HTTP Error 404: Not Found
  [600/5877] added=600 updated=0
  [610/5877] added=610 updated=0
  [ERROR] https://mitvergnuegen.com/api/v1/tips/109327/: HTTP Error 404: Not Found
  [ERROR] https://mitvergnuegen.com/api/v1/tips/109351/: HTTP Error 404: Not Found
  [ERROR] https://mitvergnuegen.com/api/v1/tips/109509/: HTTP Error 404: Not Found
  [ERROR] https://mitvergnuegen.com/api/v1/tips/109542/: HTTP Error 404: Not Found
  [620/5877] added=620 updated=0
  [ERROR] https://mitvergnuegen.com/api/v1/tips/109642/: HTTP Error 404: Not Found
  [ERROR] https://mitvergnuegen.com/api/v1/tips/109643/: HTTP Error 404: Not Found
  [ERROR] https://mitvergnuegen.com/api/v1/tips/109663/: HTTP Error 404: Not Found
  [ERROR] https://mitvergnuegen.com/api/v1/tips/109674/: HTTP Error 404: Not Found
  [ERROR] https://mitvergnuegen.com/api/v1/tips/109683/: HTTP Error 404: Not Found
  [ERROR] https://mitvergnuegen.com/api/v1/tips/109700/: HTTP Error 404: Not Found
  [ERROR] https://mitvergnuegen.com/api/v1/tips/109703/: HTTP Error 404: Not Found
  [ERROR] https://mitvergnuegen.com/api/v1/tips/109716/: HTTP Error 404: Not Found
  [ERROR] https://mitvergnuegen.com/api/v1/tips/109724/: HTTP Error 404: Not Found
  [ERROR] https://mitvergnuegen.com/api/v1/tips/109727/: HTTP Error 404: Not Found
  [ERROR] https://mitvergnuegen.com/api/v1/tips/109730/: HTTP Error 404: Not Found
  [630/5877] added=630 updated=0
  [ERROR] https://mitvergnuegen.com/api/v1/tips/109791/: HTTP Error 404: Not Found
  [ERROR] https://mitvergnuegen.com/api/v1/tips/109835/: HTTP Error 404: Not Found
  [ERROR] https://mitvergnuegen.com/api/v1/tips/109837/: HTTP Error 404: Not Found
  [ERROR] https://mitvergnuegen.com/api/v1/tips/109843/: HTTP Error 404: Not Found
  [ERROR] https://mitvergnuegen.com/api/v1/tips/109845/: HTTP Error 404: Not Found
  [ERROR] https://mitvergnuegen.com/api/v1/tips/109848/: HTTP Error 404: Not Found
  [ERROR] https://mitvergnuegen.com/api/v1/tips/109855/: HTTP Error 404: Not Found
  [ERROR] https://mitvergnuegen.com/api/v1/tips/109857/: HTTP Error 404: Not Found
  [ERROR] https://mitvergnuegen.com/api/v1/tips/109858/: HTTP Error 404: Not Found
  [ERROR] https://mitvergnuegen.com/api/v1/tips/109860/: HTTP Error 404: Not Found
  [ERROR] https://mitvergnuegen.com/api/v1/tips/109869/: HTTP Error 404: Not Found
  [ERROR] https://mitvergnuegen.com/api/v1/tips/109872/: HTTP Error 404: Not Found
  [640/5877] added=640 updated=0
  [ERROR] https://mitvergnuegen.com/api/v1/tips/110010/: HTTP Error 404: Not Found
  [ERROR] https://mitvergnuegen.com/api/v1/tips/110222/: HTTP Error 404: Not Found
  [650/5877] added=650 updated=0
  [ERROR] https://mitvergnuegen.com/api/v1/tips/110650/: HTTP Error 404: Not Found
  [ERROR] https://mitvergnuegen.com/api/v1/tips/110743/: HTTP Error 404: Not Found
  [ERROR] https://mitvergnuegen.com/api/v1/tips/110805/: HTTP Error 404: Not Found
  [660/5877] added=660 updated=0
  [ERROR] https://mitvergnuegen.com/api/v1/tips/111786/: HTTP Error 404: Not Found
  [ERROR] https://mitvergnuegen.com/api/v1/tips/111853/: HTTP Error 404: Not Found
  [670/5877] added=670 updated=0
  [ERROR] https://mitvergnuegen.com/api/v1/tips/111880/: HTTP Error 404: Not Found
  [ERROR] https://mitvergnuegen.com/api/v1/tips/112054/: HTTP Error 404: Not Found
  [ERROR] https://mitvergnuegen.com/api/v1/tips/112057/: HTTP Error 404: Not Found
  [ERROR] https://mitvergnuegen.com/api/v1/tips/112408/: HTTP Error 404: Not Found
  [ERROR] https://mitvergnuegen.com/api/v1/tips/112415/: HTTP Error 404: Not Found
  [ERROR] https://mitvergnuegen.com/api/v1/tips/112448/: HTTP Error 404: Not Found
  [ERROR] https://mitvergnuegen.com/api/v1/tips/112453/: HTTP Error 404: Not Found
  [ERROR] https://mitvergnuegen.com/api/v1/tips/112454/: HTTP Error 404: Not Found
  [ERROR] https://mitvergnuegen.com/api/v1/tips/112462/: HTTP Error 404: Not Found
  [ERROR] https://mitvergnuegen.com/api/v1/tips/112467/: HTTP Error 404: Not Found
  [ERROR] https://mitvergnuegen.com/api/v1/tips/112592/: HTTP Error 404: Not Found
  [680/5877] added=680 updated=0
  [ERROR] https://mitvergnuegen.com/api/v1/tips/112750/: HTTP Error 404: Not Found
  [690/5877] added=690 updated=0
  [ERROR] https://mitvergnuegen.com/api/v1/tips/112939/: HTTP Error 404: Not Found
  [700/5877] added=700 updated=0
  [ERROR] https://mitvergnuegen.com/api/v1/tips/113381/: HTTP Error 404: Not Found
  [ERROR] https://mitvergnuegen.com/api/v1/tips/113397/: HTTP Error 404: Not Found
  [ERROR] https://mitvergnuegen.com/api/v1/tips/113399/: HTTP Error 404: Not Found
  [ERROR] https://mitvergnuegen.com/api/v1/tips/113403/: HTTP Error 404: Not Found
  [ERROR] https://mitvergnuegen.com/api/v1/tips/113405/: HTTP Error 404: Not Found
  [ERROR] https://mitvergnuegen.com/api/v1/tips/113412/: HTTP Error 404: Not Found
  [ERROR] https://mitvergnuegen.com/api/v1/tips/113420/: HTTP Error 404: Not Found
  [ERROR] https://mitvergnuegen.com/api/v1/tips/113431/: HTTP Error 404: Not Found
  [ERROR] https://mitvergnuegen.com/api/v1/tips/113436/: HTTP Error 404: Not Found
  [ERROR] https://mitvergnuegen.com/api/v1/tips/113442/: HTTP Error 404: Not Found
  [ERROR] https://mitvergnuegen.com/api/v1/tips/113537/: HTTP Error 404: Not Found
  [ERROR] https://mitvergnuegen.com/api/v1/tips/113557/: HTTP Error 404: Not Found
  [710/5877] added=710 updated=0
  [ERROR] https://mitvergnuegen.com/api/v1/tips/113855/: HTTP Error 404: Not Found
  [ERROR] https://mitvergnuegen.com/api/v1/tips/114051/: HTTP Error 404: Not Found
  [ERROR] https://mitvergnuegen.com/api/v1/tips/114152/: HTTP Error 404: Not Found
  [ERROR] https://mitvergnuegen.com/api/v1/tips/114218/: HTTP Error 404: Not Found
  [720/5877] added=720 updated=0
  [730/5877] added=730 updated=0
  [ERROR] https://mitvergnuegen.com/api/v1/tips/114533/: HTTP Error 404: Not Found
  [ERROR] https://mitvergnuegen.com/api/v1/tips/114662/: HTTP Error 404: Not Found
  [ERROR] https://mitvergnuegen.com/api/v1/tips/114847/: HTTP Error 404: Not Found
  [ERROR] https://mitvergnuegen.com/api/v1/tips/114911/: HTTP Error 404: Not Found
  [ERROR] https://mitvergnuegen.com/api/v1/tips/114915/: HTTP Error 404: Not Found
  [ERROR] https://mitvergnuegen.com/api/v1/tips/114921/: HTTP Error 404: Not Found
  [ERROR] https://mitvergnuegen.com/api/v1/tips/114922/: HTTP Error 404: Not Found
  [ERROR] https://mitvergnuegen.com/api/v1/tips/114926/: HTTP Error 404: Not Found
  [ERROR] https://mitvergnuegen.com/api/v1/tips/114938/: HTTP Error 404: Not Found
  [740/5877] added=740 updated=0
  [ERROR] https://mitvergnuegen.com/api/v1/tips/114966/: HTTP Error 404: Not Found
  [ERROR] https://mitvergnuegen.com/api/v1/tips/114969/: HTTP Error 404: Not Found
  [ERROR] https://mitvergnuegen.com/api/v1/tips/115035/: HTTP Error 404: Not Found
  [ERROR] https://mitvergnuegen.com/api/v1/tips/115045/: HTTP Error 404: Not Found
  [ERROR] https://mitvergnuegen.com/api/v1/tips/115048/: HTTP Error 404: Not Found
  [ERROR] https://mitvergnuegen.com/api/v1/tips/115051/: HTTP Error 404: Not Found
  [ERROR] https://mitvergnuegen.com/api/v1/tips/115083/: HTTP Error 404: Not Found
  [750/5877] added=750 updated=0
  [760/5877] added=760 updated=0
  [ERROR] https://mitvergnuegen.com/api/v1/tips/115845/: HTTP Error 404: Not Found
  [ERROR] https://mitvergnuegen.com/api/v1/tips/116096/: HTTP Error 404: Not Found
  [770/5877] added=770 updated=0
  [ERROR] https://mitvergnuegen.com/api/v1/tips/116111/: HTTP Error 404: Not Found
  [780/5877] added=780 updated=0
  [ERROR] https://mitvergnuegen.com/api/v1/tips/116281/: HTTP Error 404: Not Found
  [ERROR] https://mitvergnuegen.com/api/v1/tips/116290/: HTTP Error 404: Not Found
  [ERROR] https://mitvergnuegen.com/api/v1/tips/116440/: HTTP Error 404: Not Found
  [ERROR] https://mitvergnuegen.com/api/v1/tips/116609/: HTTP Error 404: Not Found
  [ERROR] https://mitvergnuegen.com/api/v1/tips/116687/: HTTP Error 404: Not Found
  [790/5877] added=790 updated=0
  [800/5877] added=800 updated=0
  [ERROR] https://mitvergnuegen.com/api/v1/tips/117065/: HTTP Error 404: Not Found
  [ERROR] https://mitvergnuegen.com/api/v1/tips/117186/: HTTP Error 404: Not Found
  [ERROR] https://mitvergnuegen.com/api/v1/tips/117225/: HTTP Error 404: Not Found
  [ERROR] https://mitvergnuegen.com/api/v1/tips/117419/: HTTP Error 404: Not Found
  [ERROR] https://mitvergnuegen.com/api/v1/tips/117423/: HTTP Error 404: Not Found
  [ERROR] https://mitvergnuegen.com/api/v1/tips/117429/: HTTP Error 404: Not Found
  [ERROR] https://mitvergnuegen.com/api/v1/tips/117435/: HTTP Error 404: Not Found
  [ERROR] https://mitvergnuegen.com/api/v1/tips/117440/: HTTP Error 404: Not Found
  [ERROR] https://mitvergnuegen.com/api/v1/tips/117448/: HTTP Error 404: Not Found
  [ERROR] https://mitvergnuegen.com/api/v1/tips/117451/: HTTP Error 404: Not Found
  [ERROR] https://mitvergnuegen.com/api/v1/tips/117507/: HTTP Error 404: Not Found
  [810/5877] added=810 updated=0
  [ERROR] https://mitvergnuegen.com/api/v1/tips/117643/: HTTP Error 404: Not Found
  [ERROR] https://mitvergnuegen.com/api/v1/tips/117759/: HTTP Error 404: Not Found
  [ERROR] https://mitvergnuegen.com/api/v1/tips/117761/: HTTP Error 404: Not Found
  [ERROR] https://mitvergnuegen.com/api/v1/tips/117804/: HTTP Error 404: Not Found
  [ERROR] https://mitvergnuegen.com/api/v1/tips/117806/: HTTP Error 404: Not Found
  [ERROR] https://mitvergnuegen.com/api/v1/tips/117811/: HTTP Error 404: Not Found
  [ERROR] https://mitvergnuegen.com/api/v1/tips/117815/: HTTP Error 404: Not Found
  [ERROR] https://mitvergnuegen.com/api/v1/tips/117818/: HTTP Error 404: Not Found
  [ERROR] https://mitvergnuegen.com/api/v1/tips/117821/: HTTP Error 404: Not Found
  [ERROR] https://mitvergnuegen.com/api/v1/tips/117841/: HTTP Error 404: Not Found
  [820/5877] added=820 updated=0
  [830/5877] added=830 updated=0
  [ERROR] https://mitvergnuegen.com/api/v1/tips/118212/: HTTP Error 404: Not Found
  [ERROR] https://mitvergnuegen.com/api/v1/tips/118215/: HTTP Error 404: Not Found
  [ERROR] https://mitvergnuegen.com/api/v1/tips/118224/: HTTP Error 404: Not Found
  [ERROR] https://mitvergnuegen.com/api/v1/tips/118231/: HTTP Error 404: Not Found
  [ERROR] https://mitvergnuegen.com/api/v1/tips/118233/: HTTP Error 404: Not Found
  [ERROR] https://mitvergnuegen.com/api/v1/tips/118238/: HTTP Error 404: Not Found
  [ERROR] https://mitvergnuegen.com/api/v1/tips/118240/: HTTP Error 404: Not Found
  [ERROR] https://mitvergnuegen.com/api/v1/tips/118242/: HTTP Error 404: Not Found
  [ERROR] https://mitvergnuegen.com/api/v1/tips/118248/: HTTP Error 404: Not Found
  [ERROR] https://mitvergnuegen.com/api/v1/tips/118253/: HTTP Error 404: Not Found
  [ERROR] https://mitvergnuegen.com/api/v1/tips/118258/: HTTP Error 404: Not Found
  [ERROR] https://mitvergnuegen.com/api/v1/tips/118260/: HTTP Error 404: Not Found
  [ERROR] https://mitvergnuegen.com/api/v1/tips/118298/: HTTP Error 404: Not Found
  [ERROR] https://mitvergnuegen.com/api/v1/tips/118362/: HTTP Error 404: Not Found
  [ERROR] https://mitvergnuegen.com/api/v1/tips/118487/: HTTP Error 404: Not Found
  [ERROR] https://mitvergnuegen.com/api/v1/tips/118652/: HTTP Error 404: Not Found
  [840/5877] added=840 updated=0
  [ERROR] https://mitvergnuegen.com/api/v1/tips/118855/: HTTP Error 404: Not Found
  [ERROR] https://mitvergnuegen.com/api/v1/tips/119073/: HTTP Error 404: Not Found
  [850/5877] added=850 updated=0
  [ERROR] https://mitvergnuegen.com/api/v1/tips/119186/: HTTP Error 404: Not Found
  [ERROR] https://mitvergnuegen.com/api/v1/tips/119208/: HTTP Error 404: Not Found
  [860/5877] added=860 updated=0
  [ERROR] https://mitvergnuegen.com/api/v1/tips/119412/: HTTP Error 404: Not Found
  [ERROR] https://mitvergnuegen.com/api/v1/tips/119416/: HTTP Error 404: Not Found
  [ERROR] https://mitvergnuegen.com/api/v1/tips/119521/: HTTP Error 404: Not Found
  [ERROR] https://mitvergnuegen.com/api/v1/tips/119547/: HTTP Error 404: Not Found
  [ERROR] https://mitvergnuegen.com/api/v1/tips/119569/: HTTP Error 404: Not Found
  [ERROR] https://mitvergnuegen.com/api/v1/tips/119635/: HTTP Error 404: Not Found
  [ERROR] https://mitvergnuegen.com/api/v1/tips/119658/: HTTP Error 404: Not Found
  [870/5877] added=870 updated=0
  [ERROR] https://mitvergnuegen.com/api/v1/tips/119899/: HTTP Error 404: Not Found
  [ERROR] https://mitvergnuegen.com/api/v1/tips/120034/: HTTP Error 404: Not Found
  [ERROR] https://mitvergnuegen.com/api/v1/tips/120049/: HTTP Error 404: Not Found
  [ERROR] https://mitvergnuegen.com/api/v1/tips/120054/: HTTP Error 404: Not Found
  [ERROR] https://mitvergnuegen.com/api/v1/tips/120059/: HTTP Error 404: Not Found
  [ERROR] https://mitvergnuegen.com/api/v1/tips/120061/: HTTP Error 404: Not Found
  [ERROR] https://mitvergnuegen.com/api/v1/tips/120064/: HTTP Error 404: Not Found
  [ERROR] https://mitvergnuegen.com/api/v1/tips/120066/: HTTP Error 404: Not Found
  [ERROR] https://mitvergnuegen.com/api/v1/tips/120091/: HTTP Error 404: Not Found
  [880/5877] added=880 updated=0
  [ERROR] https://mitvergnuegen.com/api/v1/tips/120559/: HTTP Error 404: Not Found
  [ERROR] https://mitvergnuegen.com/api/v1/tips/120657/: HTTP Error 404: Not Found
  [ERROR] https://mitvergnuegen.com/api/v1/tips/120689/: HTTP Error 404: Not Found
  [ERROR] https://mitvergnuegen.com/api/v1/tips/120702/: HTTP Error 404: Not Found
  [ERROR] https://mitvergnuegen.com/api/v1/tips/120705/: HTTP Error 404: Not Found
  [ERROR] https://mitvergnuegen.com/api/v1/tips/120709/: HTTP Error 404: Not Found
  [ERROR] https://mitvergnuegen.com/api/v1/tips/120753/: HTTP Error 404: Not Found
  [ERROR] https://mitvergnuegen.com/api/v1/tips/120793/: HTTP Error 404: Not Found
  [ERROR] https://mitvergnuegen.com/api/v1/tips/120811/: HTTP Error 404: Not Found
  [ERROR] https://mitvergnuegen.com/api/v1/tips/120842/: HTTP Error 404: Not Found
  [ERROR] https://mitvergnuegen.com/api/v1/tips/120969/: HTTP Error 404: Not Found
  [ERROR] https://mitvergnuegen.com/api/v1/tips/120993/: HTTP Error 404: Not Found
  [ERROR] https://mitvergnuegen.com/api/v1/tips/120998/: HTTP Error 404: Not Found
  [ERROR] https://mitvergnuegen.com/api/v1/tips/121000/: HTTP Error 404: Not Found
  [ERROR] https://mitvergnuegen.com/api/v1/tips/121005/: HTTP Error 404: Not Found
  [ERROR] https://mitvergnuegen.com/api/v1/tips/121011/: HTTP Error 404: Not Found
  [ERROR] https://mitvergnuegen.com/api/v1/tips/121141/: HTTP Error 404: Not Found
  [ERROR] https://mitvergnuegen.com/api/v1/tips/121147/: HTTP Error 404: Not Found
  [ERROR] https://mitvergnuegen.com/api/v1/tips/121152/: HTTP Error 404: Not Found
  [ERROR] https://mitvergnuegen.com/api/v1/tips/121155/: HTTP Error 404: Not Found
  [ERROR] https://mitvergnuegen.com/api/v1/tips/121159/: HTTP Error 404: Not Found
  [ERROR] https://mitvergnuegen.com/api/v1/tips/121160/: HTTP Error 404: Not Found
  [890/5877] added=890 updated=0
  [900/5877] added=900 updated=0
  [910/5877] added=910 updated=0
  [920/5877] added=920 updated=0
  [ERROR] https://mitvergnuegen.com/api/v1/tips/121712/: HTTP Error 404: Not Found
  [ERROR] https://mitvergnuegen.com/api/v1/tips/121789/: HTTP Error 404: Not Found
  [930/5877] added=930 updated=0
  [ERROR] https://mitvergnuegen.com/api/v1/tips/122065/: HTTP Error 404: Not Found
  [ERROR] https://mitvergnuegen.com/api/v1/tips/122087/: HTTP Error 404: Not Found
  [ERROR] https://mitvergnuegen.com/api/v1/tips/122209/: HTTP Error 404: Not Found
  [ERROR] https://mitvergnuegen.com/api/v1/tips/122211/: HTTP Error 404: Not Found
  [ERROR] https://mitvergnuegen.com/api/v1/tips/122212/: HTTP Error 404: Not Found
  [ERROR] https://mitvergnuegen.com/api/v1/tips/122214/: HTTP Error 404: Not Found
  [ERROR] https://mitvergnuegen.com/api/v1/tips/122216/: HTTP Error 404: Not Found
  [ERROR] https://mitvergnuegen.com/api/v1/tips/122218/: HTTP Error 404: Not Found
  [ERROR] https://mitvergnuegen.com/api/v1/tips/122220/: HTTP Error 404: Not Found
  [ERROR] https://mitvergnuegen.com/api/v1/tips/122223/: HTTP Error 404: Not Found
  [ERROR] https://mitvergnuegen.com/api/v1/tips/122224/: HTTP Error 404: Not Found
  [ERROR] https://mitvergnuegen.com/api/v1/tips/122225/: HTTP Error 404: Not Found
  [ERROR] https://mitvergnuegen.com/api/v1/tips/122226/: HTTP Error 404: Not Found
  [940/5877] added=940 updated=0
  [ERROR] https://mitvergnuegen.com/api/v1/tips/122645/: HTTP Error 404: Not Found
  [ERROR] https://mitvergnuegen.com/api/v1/tips/122693/: HTTP Error 404: Not Found
  [ERROR] https://mitvergnuegen.com/api/v1/tips/122715/: HTTP Error 404: Not Found
  [ERROR] https://mitvergnuegen.com/api/v1/tips/122841/: HTTP Error 404: Not Found
  [ERROR] https://mitvergnuegen.com/api/v1/tips/122889/: HTTP Error 404: Not Found
  [ERROR] https://mitvergnuegen.com/api/v1/tips/122945/: HTTP Error 404: Not Found
  [ERROR] https://mitvergnuegen.com/api/v1/tips/123219/: HTTP Error 404: Not Found
  [ERROR] https://mitvergnuegen.com/api/v1/tips/123234/: HTTP Error 404: Not Found
  [ERROR] https://mitvergnuegen.com/api/v1/tips/123389/: HTTP Error 404: Not Found
  [950/5877] added=950 updated=0
  [960/5877] added=960 updated=0
  [ERROR] https://mitvergnuegen.com/api/v1/tips/123893/: HTTP Error 404: Not Found
  [970/5877] added=970 updated=0
  [ERROR] https://mitvergnuegen.com/api/v1/tips/124011/: HTTP Error 404: Not Found
  [ERROR] https://mitvergnuegen.com/api/v1/tips/124014/: HTTP Error 404: Not Found
  [ERROR] https://mitvergnuegen.com/api/v1/tips/124015/: HTTP Error 404: Not Found
  [ERROR] https://mitvergnuegen.com/api/v1/tips/124017/: HTTP Error 404: Not Found
  [ERROR] https://mitvergnuegen.com/api/v1/tips/124018/: HTTP Error 404: Not Found
  [ERROR] https://mitvergnuegen.com/api/v1/tips/124020/: HTTP Error 404: Not Found
  [ERROR] https://mitvergnuegen.com/api/v1/tips/124023/: HTTP Error 404: Not Found
  [ERROR] https://mitvergnuegen.com/api/v1/tips/124024/: HTTP Error 404: Not Found
  [ERROR] https://mitvergnuegen.com/api/v1/tips/124265/: HTTP Error 404: Not Found
  [ERROR] https://mitvergnuegen.com/api/v1/tips/124325/: HTTP Error 404: Not Found
  [ERROR] https://mitvergnuegen.com/api/v1/tips/124417/: HTTP Error 404: Not Found
  [980/5877] added=980 updated=0
  [ERROR] https://mitvergnuegen.com/api/v1/tips/124520/: HTTP Error 404: Not Found
  [ERROR] https://mitvergnuegen.com/api/v1/tips/124522/: HTTP Error 404: Not Found
  [ERROR] https://mitvergnuegen.com/api/v1/tips/124524/: HTTP Error 404: Not Found
  [ERROR] https://mitvergnuegen.com/api/v1/tips/124533/: HTTP Error 404: Not Found
  [ERROR] https://mitvergnuegen.com/api/v1/tips/124542/: HTTP Error 404: Not Found
  [ERROR] https://mitvergnuegen.com/api/v1/tips/124554/: HTTP Error 404: Not Found
  [ERROR] https://mitvergnuegen.com/api/v1/tips/124561/: HTTP Error 404: Not Found
  [ERROR] https://mitvergnuegen.com/api/v1/tips/124563/: HTTP Error 404: Not Found
  [ERROR] https://mitvergnuegen.com/api/v1/tips/124572/: HTTP Error 404: Not Found
  [ERROR] https://mitvergnuegen.com/api/v1/tips/124580/: HTTP Error 404: Not Found
  [ERROR] https://mitvergnuegen.com/api/v1/tips/124647/: HTTP Error 404: Not Found
  [ERROR] https://mitvergnuegen.com/api/v1/tips/124687/: HTTP Error 404: Not Found
  [ERROR] https://mitvergnuegen.com/api/v1/tips/124781/: HTTP Error 404: Not Found
  [ERROR] https://mitvergnuegen.com/api/v1/tips/124784/: HTTP Error 404: Not Found
  [ERROR] https://mitvergnuegen.com/api/v1/tips/124785/: HTTP Error 404: Not Found
  [ERROR] https://mitvergnuegen.com/api/v1/tips/124791/: HTTP Error 404: Not Found
  [ERROR] https://mitvergnuegen.com/api/v1/tips/124802/: HTTP Error 404: Not Found
  [ERROR] https://mitvergnuegen.com/api/v1/tips/124803/: HTTP Error 404: Not Found
  [ERROR] https://mitvergnuegen.com/api/v1/tips/124805/: HTTP Error 404: Not Found
  [ERROR] https://mitvergnuegen.com/api/v1/tips/124809/: HTTP Error 404: Not Found
  [ERROR] https://mitvergnuegen.com/api/v1/tips/124819/: HTTP Error 404: Not Found
  [ERROR] https://mitvergnuegen.com/api/v1/tips/124824/: HTTP Error 404: Not Found
  [ERROR] https://mitvergnuegen.com/api/v1/tips/124830/: HTTP Error 404: Not Found
  [ERROR] https://mitvergnuegen.com/api/v1/tips/124837/: HTTP Error 404: Not Found
  [990/5877] added=990 updated=0
  [ERROR] https://mitvergnuegen.com/api/v1/tips/125637/: HTTP Error 404: Not Found
  [ERROR] https://mitvergnuegen.com/api/v1/tips/125775/: HTTP Error 404: Not Found
  [1000/5877] added=1000 updated=0
  [ERROR] https://mitvergnuegen.com/api/v1/tips/125892/: HTTP Error 404: Not Found
  [ERROR] https://mitvergnuegen.com/api/v1/tips/125917/: HTTP Error 404: Not Found
  [ERROR] https://mitvergnuegen.com/api/v1/tips/126002/: HTTP Error 404: Not Found
  [1010/5877] added=1010 updated=0
  [1020/5877] added=1020 updated=0
  [ERROR] https://mitvergnuegen.com/api/v1/tips/126186/: HTTP Error 404: Not Found
  [1030/5877] added=1030 updated=0
  [ERROR] https://mitvergnuegen.com/api/v1/tips/126299/: HTTP Error 404: Not Found
  [ERROR] https://mitvergnuegen.com/api/v1/tips/126320/: HTTP Error 404: Not Found
  [1040/5877] added=1040 updated=0
  [ERROR] https://mitvergnuegen.com/api/v1/tips/126635/: HTTP Error 404: Not Found
  [ERROR] https://mitvergnuegen.com/api/v1/tips/126773/: HTTP Error 404: Not Found
  [ERROR] https://mitvergnuegen.com/api/v1/tips/126823/: HTTP Error 404: Not Found
  [ERROR] https://mitvergnuegen.com/api/v1/tips/126944/: HTTP Error 404: Not Found
  [ERROR] https://mitvergnuegen.com/api/v1/tips/127089/: HTTP Error 404: Not Found
  [ERROR] https://mitvergnuegen.com/api/v1/tips/127108/: HTTP Error 404: Not Found
  [ERROR] https://mitvergnuegen.com/api/v1/tips/127358/: HTTP Error 404: Not Found
  [1050/5877] added=1050 updated=0
  [ERROR] https://mitvergnuegen.com/api/v1/tips/127627/: HTTP Error 404: Not Found
  [ERROR] https://mitvergnuegen.com/api/v1/tips/127631/: HTTP Error 404: Not Found
  [ERROR] https://mitvergnuegen.com/api/v1/tips/127633/: HTTP Error 404: Not Found
  [ERROR] https://mitvergnuegen.com/api/v1/tips/127634/: HTTP Error 404: Not Found
  [ERROR] https://mitvergnuegen.com/api/v1/tips/127636/: HTTP Error 404: Not Found
  [ERROR] https://mitvergnuegen.com/api/v1/tips/127637/: HTTP Error 404: Not Found
  [ERROR] https://mitvergnuegen.com/api/v1/tips/127641/: HTTP Error 404: Not Found
  [ERROR] https://mitvergnuegen.com/api/v1/tips/127642/: HTTP Error 404: Not Found
  [ERROR] https://mitvergnuegen.com/api/v1/tips/127645/: HTTP Error 404: Not Found
  [ERROR] https://mitvergnuegen.com/api/v1/tips/127649/: HTTP Error 404: Not Found
  [ERROR] https://mitvergnuegen.com/api/v1/tips/127652/: HTTP Error 404: Not Found
  [ERROR] https://mitvergnuegen.com/api/v1/tips/127654/: HTTP Error 404: Not Found
  [ERROR] https://mitvergnuegen.com/api/v1/tips/127700/: HTTP Error 404: Not Found
  [ERROR] https://mitvergnuegen.com/api/v1/tips/127711/: HTTP Error 404: Not Found
  [ERROR] https://mitvergnuegen.com/api/v1/tips/127728/: HTTP Error 404: Not Found
  [ERROR] https://mitvergnuegen.com/api/v1/tips/127788/: HTTP Error 404: Not Found
  [1060/5877] added=1060 updated=0
  [ERROR] https://mitvergnuegen.com/api/v1/tips/128199/: HTTP Error 404: Not Found
  [ERROR] https://mitvergnuegen.com/api/v1/tips/128205/: HTTP Error 404: Not Found
  [ERROR] https://mitvergnuegen.com/api/v1/tips/128206/: HTTP Error 404: Not Found
  [ERROR] https://mitvergnuegen.com/api/v1/tips/128208/: HTTP Error 404: Not Found
  [ERROR] https://mitvergnuegen.com/api/v1/tips/128209/: HTTP Error 404: Not Found
  [ERROR] https://mitvergnuegen.com/api/v1/tips/128216/: HTTP Error 404: Not Found
  [ERROR] https://mitvergnuegen.com/api/v1/tips/128221/: HTTP Error 404: Not Found
  [ERROR] https://mitvergnuegen.com/api/v1/tips/128304/: HTTP Error 404: Not Found
  [ERROR] https://mitvergnuegen.com/api/v1/tips/128307/: HTTP Error 404: Not Found
  [ERROR] https://mitvergnuegen.com/api/v1/tips/128310/: HTTP Error 404: Not Found
  [ERROR] https://mitvergnuegen.com/api/v1/tips/128313/: HTTP Error 404: Not Found
  [ERROR] https://mitvergnuegen.com/api/v1/tips/128316/: HTTP Error 404: Not Found
  [ERROR] https://mitvergnuegen.com/api/v1/tips/128318/: HTTP Error 404: Not Found
  [ERROR] https://mitvergnuegen.com/api/v1/tips/128402/: HTTP Error 404: Not Found
  [ERROR] https://mitvergnuegen.com/api/v1/tips/128408/: HTTP Error 404: Not Found
  [ERROR] https://mitvergnuegen.com/api/v1/tips/128415/: HTTP Error 404: Not Found
  [ERROR] https://mitvergnuegen.com/api/v1/tips/128418/: HTTP Error 404: Not Found
  [1070/5877] added=1070 updated=0
  [ERROR] https://mitvergnuegen.com/api/v1/tips/128453/: HTTP Error 404: Not Found
  [ERROR] https://mitvergnuegen.com/api/v1/tips/128475/: HTTP Error 404: Not Found
  [1080/5877] added=1080 updated=0
  [1090/5877] added=1090 updated=0
  [ERROR] https://mitvergnuegen.com/api/v1/tips/128631/: HTTP Error 404: Not Found
  [ERROR] https://mitvergnuegen.com/api/v1/tips/128638/: HTTP Error 404: Not Found
  [ERROR] https://mitvergnuegen.com/api/v1/tips/128736/: HTTP Error 404: Not Found
  [ERROR] https://mitvergnuegen.com/api/v1/tips/128952/: HTTP Error 404: Not Found
  [1100/5877] added=1100 updated=0
  [1110/5877] added=1110 updated=0
  [ERROR] https://mitvergnuegen.com/api/v1/tips/129374/: HTTP Error 404: Not Found
  [ERROR] https://mitvergnuegen.com/api/v1/tips/129455/: HTTP Error 404: Not Found
  [ERROR] https://mitvergnuegen.com/api/v1/tips/129537/: HTTP Error 404: Not Found
  [ERROR] https://mitvergnuegen.com/api/v1/tips/129615/: HTTP Error 404: Not Found
  [ERROR] https://mitvergnuegen.com/api/v1/tips/129752/: HTTP Error 404: Not Found
  [1120/5877] added=1120 updated=0
  [1130/5877] added=1130 updated=0
  [1140/5877] added=1140 updated=0
  [ERROR] https://mitvergnuegen.com/api/v1/tips/130250/: HTTP Error 404: Not Found
  [ERROR] https://mitvergnuegen.com/api/v1/tips/130254/: HTTP Error 404: Not Found
  [1150/5877] added=1150 updated=0
  [ERROR] https://mitvergnuegen.com/api/v1/tips/130342/: HTTP Error 404: Not Found
  [ERROR] https://mitvergnuegen.com/api/v1/tips/130382/: HTTP Error 404: Not Found
  [ERROR] https://mitvergnuegen.com/api/v1/tips/130433/: HTTP Error 404: Not Found
  [ERROR] https://mitvergnuegen.com/api/v1/tips/130666/: HTTP Error 404: Not Found
  [ERROR] https://mitvergnuegen.com/api/v1/tips/130711/: HTTP Error 404: Not Found
  [ERROR] https://mitvergnuegen.com/api/v1/tips/130712/: HTTP Error 404: Not Found
  [ERROR] https://mitvergnuegen.com/api/v1/tips/130715/: HTTP Error 404: Not Found
  [ERROR] https://mitvergnuegen.com/api/v1/tips/130717/: HTTP Error 404: Not Found
  [ERROR] https://mitvergnuegen.com/api/v1/tips/130721/: HTTP Error 404: Not Found
  [ERROR] https://mitvergnuegen.com/api/v1/tips/130726/: HTTP Error 404: Not Found
  [ERROR] https://mitvergnuegen.com/api/v1/tips/130727/: HTTP Error 404: Not Found
  [ERROR] https://mitvergnuegen.com/api/v1/tips/130730/: HTTP Error 404: Not Found
  [ERROR] https://mitvergnuegen.com/api/v1/tips/130731/: HTTP Error 404: Not Found
  [ERROR] https://mitvergnuegen.com/api/v1/tips/130733/: HTTP Error 404: Not Found
  [ERROR] https://mitvergnuegen.com/api/v1/tips/130737/: HTTP Error 404: Not Found
  [ERROR] https://mitvergnuegen.com/api/v1/tips/130801/: HTTP Error 404: Not Found
  [ERROR] https://mitvergnuegen.com/api/v1/tips/130854/: HTTP Error 404: Not Found
  [1160/5877] added=1160 updated=0
  [ERROR] https://mitvergnuegen.com/api/v1/tips/130910/: HTTP Error 404: Not Found
  [ERROR] https://mitvergnuegen.com/api/v1/tips/130958/: HTTP Error 404: Not Found
  [ERROR] https://mitvergnuegen.com/api/v1/tips/130964/: HTTP Error 404: Not Found
  [ERROR] https://mitvergnuegen.com/api/v1/tips/131041/: HTTP Error 404: Not Found
  [ERROR] https://mitvergnuegen.com/api/v1/tips/131049/: HTTP Error 404: Not Found
  [ERROR] https://mitvergnuegen.com/api/v1/tips/131057/: HTTP Error 404: Not Found
  [ERROR] https://mitvergnuegen.com/api/v1/tips/131068/: HTTP Error 404: Not Found
  [ERROR] https://mitvergnuegen.com/api/v1/tips/131072/: HTTP Error 404: Not Found
  [ERROR] https://mitvergnuegen.com/api/v1/tips/131075/: HTTP Error 404: Not Found
  [ERROR] https://mitvergnuegen.com/api/v1/tips/131078/: HTTP Error 404: Not Found
  [ERROR] https://mitvergnuegen.com/api/v1/tips/131080/: HTTP Error 404: Not Found
  [ERROR] https://mitvergnuegen.com/api/v1/tips/131100/: HTTP Error 404: Not Found
  [ERROR] https://mitvergnuegen.com/api/v1/tips/131109/: HTTP Error 404: Not Found
  [ERROR] https://mitvergnuegen.com/api/v1/tips/131187/: HTTP Error 404: Not Found
  [ERROR] https://mitvergnuegen.com/api/v1/tips/131317/: HTTP Error 404: Not Found
  [ERROR] https://mitvergnuegen.com/api/v1/tips/131347/: HTTP Error 404: Not Found
  [ERROR] https://mitvergnuegen.com/api/v1/tips/131449/: HTTP Error 404: Not Found
  [1170/5877] added=1170 updated=0
  [ERROR] https://mitvergnuegen.com/api/v1/tips/131654/: HTTP Error 404: Not Found
  [ERROR] https://mitvergnuegen.com/api/v1/tips/131689/: HTTP Error 404: Not Found
  [1180/5877] added=1180 updated=0
  [1190/5877] added=1190 updated=0
  [ERROR] https://mitvergnuegen.com/api/v1/tips/132722/: HTTP Error 404: Not Found
  [ERROR] https://mitvergnuegen.com/api/v1/tips/132725/: HTTP Error 404: Not Found
  [ERROR] https://mitvergnuegen.com/api/v1/tips/132737/: HTTP Error 404: Not Found
  [ERROR] https://mitvergnuegen.com/api/v1/tips/132744/: HTTP Error 404: Not Found
  [ERROR] https://mitvergnuegen.com/api/v1/tips/132750/: HTTP Error 404: Not Found
  [ERROR] https://mitvergnuegen.com/api/v1/tips/132754/: HTTP Error 404: Not Found
  [ERROR] https://mitvergnuegen.com/api/v1/tips/132756/: HTTP Error 404: Not Found
  [ERROR] https://mitvergnuegen.com/api/v1/tips/132764/: HTTP Error 404: Not Found
  [ERROR] https://mitvergnuegen.com/api/v1/tips/132766/: HTTP Error 404: Not Found
  [ERROR] https://mitvergnuegen.com/api/v1/tips/132767/: HTTP Error 404: Not Found
  [ERROR] https://mitvergnuegen.com/api/v1/tips/132821/: HTTP Error 404: Not Found
  [ERROR] https://mitvergnuegen.com/api/v1/tips/132895/: HTTP Error 404: Not Found
  [1200/5877] added=1200 updated=0
  [1210/5877] added=1210 updated=0
  [ERROR] https://mitvergnuegen.com/api/v1/tips/133036/: HTTP Error 404: Not Found
  [ERROR] https://mitvergnuegen.com/api/v1/tips/133092/: HTTP Error 404: Not Found
  [1220/5877] added=1220 updated=0
  [ERROR] https://mitvergnuegen.com/api/v1/tips/133361/: HTTP Error 404: Not Found
  [ERROR] https://mitvergnuegen.com/api/v1/tips/133405/: HTTP Error 404: Not Found
  [1230/5877] added=1230 updated=0
  [1240/5877] added=1240 updated=0
  [ERROR] https://mitvergnuegen.com/api/v1/tips/133773/: HTTP Error 404: Not Found
  [ERROR] https://mitvergnuegen.com/api/v1/tips/134062/: HTTP Error 404: Not Found
  [1250/5877] added=1250 updated=0
  [ERROR] https://mitvergnuegen.com/api/v1/tips/134330/: HTTP Error 404: Not Found
  [ERROR] https://mitvergnuegen.com/api/v1/tips/134452/: HTTP Error 404: Not Found
  [ERROR] https://mitvergnuegen.com/api/v1/tips/134456/: HTTP Error 404: Not Found
  [ERROR] https://mitvergnuegen.com/api/v1/tips/134464/: HTTP Error 404: Not Found
  [ERROR] https://mitvergnuegen.com/api/v1/tips/134473/: HTTP Error 404: Not Found
  [ERROR] https://mitvergnuegen.com/api/v1/tips/134475/: HTTP Error 404: Not Found
  [ERROR] https://mitvergnuegen.com/api/v1/tips/134476/: HTTP Error 404: Not Found
  [ERROR] https://mitvergnuegen.com/api/v1/tips/134480/: HTTP Error 404: Not Found
  [ERROR] https://mitvergnuegen.com/api/v1/tips/134481/: HTTP Error 404: Not Found
  [ERROR] https://mitvergnuegen.com/api/v1/tips/134484/: HTTP Error 404: Not Found
  [ERROR] https://mitvergnuegen.com/api/v1/tips/134489/: HTTP Error 404: Not Found
  [ERROR] https://mitvergnuegen.com/api/v1/tips/134736/: HTTP Error 404: Not Found
  [1260/5877] added=1260 updated=0
  [ERROR] https://mitvergnuegen.com/api/v1/tips/135170/: HTTP Error 404: Not Found
  [ERROR] https://mitvergnuegen.com/api/v1/tips/135177/: HTTP Error 404: Not Found
  [ERROR] https://mitvergnuegen.com/api/v1/tips/135181/: HTTP Error 404: Not Found
  [ERROR] https://mitvergnuegen.com/api/v1/tips/135184/: HTTP Error 404: Not Found
  [ERROR] https://mitvergnuegen.com/api/v1/tips/135186/: HTTP Error 404: Not Found
  [ERROR] https://mitvergnuegen.com/api/v1/tips/135188/: HTTP Error 404: Not Found
  [ERROR] https://mitvergnuegen.com/api/v1/tips/135192/: HTTP Error 404: Not Found
  [ERROR] https://mitvergnuegen.com/api/v1/tips/135196/: HTTP Error 404: Not Found
  [ERROR] https://mitvergnuegen.com/api/v1/tips/135199/: HTTP Error 404: Not Found
  [ERROR] https://mitvergnuegen.com/api/v1/tips/135204/: HTTP Error 404: Not Found
  [ERROR] https://mitvergnuegen.com/api/v1/tips/135206/: HTTP Error 404: Not Found
  [1270/5877] added=1270 updated=0
  [ERROR] https://mitvergnuegen.com/api/v1/tips/135361/: HTTP Error 404: Not Found
  [ERROR] https://mitvergnuegen.com/api/v1/tips/135680/: HTTP Error 404: Not Found
  [ERROR] https://mitvergnuegen.com/api/v1/tips/135950/: HTTP Error 404: Not Found
  [1280/5877] added=1280 updated=0
  [ERROR] https://mitvergnuegen.com/api/v1/tips/135969/: HTTP Error 404: Not Found
  [ERROR] https://mitvergnuegen.com/api/v1/tips/136039/: HTTP Error 404: Not Found
  [ERROR] https://mitvergnuegen.com/api/v1/tips/136111/: HTTP Error 404: Not Found
  [ERROR] https://mitvergnuegen.com/api/v1/tips/136128/: HTTP Error 404: Not Found
  [1290/5877] added=1290 updated=0
  [ERROR] https://mitvergnuegen.com/api/v1/tips/136317/: HTTP Error 404: Not Found
  [ERROR] https://mitvergnuegen.com/api/v1/tips/136627/: HTTP Error 404: Not Found
  [ERROR] https://mitvergnuegen.com/api/v1/tips/136657/: HTTP Error 404: Not Found
  [ERROR] https://mitvergnuegen.com/api/v1/tips/136712/: HTTP Error 404: Not Found
  [ERROR] https://mitvergnuegen.com/api/v1/tips/136715/: HTTP Error 404: Not Found
  [ERROR] https://mitvergnuegen.com/api/v1/tips/136718/: HTTP Error 404: Not Found
  [ERROR] https://mitvergnuegen.com/api/v1/tips/136722/: HTTP Error 404: Not Found
  [ERROR] https://mitvergnuegen.com/api/v1/tips/136725/: HTTP Error 404: Not Found
  [ERROR] https://mitvergnuegen.com/api/v1/tips/136728/: HTTP Error 404: Not Found
  [ERROR] https://mitvergnuegen.com/api/v1/tips/136732/: HTTP Error 404: Not Found
  [ERROR] https://mitvergnuegen.com/api/v1/tips/136736/: HTTP Error 404: Not Found
  [ERROR] https://mitvergnuegen.com/api/v1/tips/136742/: HTTP Error 404: Not Found
  [ERROR] https://mitvergnuegen.com/api/v1/tips/136746/: HTTP Error 404: Not Found
  [ERROR] https://mitvergnuegen.com/api/v1/tips/136749/: HTTP Error 404: Not Found
  [ERROR] https://mitvergnuegen.com/api/v1/tips/136752/: HTTP Error 404: Not Found
  [ERROR] https://mitvergnuegen.com/api/v1/tips/136755/: HTTP Error 404: Not Found
  [ERROR] https://mitvergnuegen.com/api/v1/tips/136759/: HTTP Error 404: Not Found
  [ERROR] https://mitvergnuegen.com/api/v1/tips/136763/: HTTP Error 404: Not Found
  [ERROR] https://mitvergnuegen.com/api/v1/tips/136766/: HTTP Error 404: Not Found
  [ERROR] https://mitvergnuegen.com/api/v1/tips/136770/: HTTP Error 404: Not Found
  [ERROR] https://mitvergnuegen.com/api/v1/tips/136773/: HTTP Error 404: Not Found
  [ERROR] https://mitvergnuegen.com/api/v1/tips/136777/: HTTP Error 404: Not Found
  [ERROR] https://mitvergnuegen.com/api/v1/tips/136780/: HTTP Error 404: Not Found
  [ERROR] https://mitvergnuegen.com/api/v1/tips/136784/: HTTP Error 404: Not Found
  [1300/5877] added=1300 updated=0
  [ERROR] https://mitvergnuegen.com/api/v1/tips/136887/: HTTP Error 404: Not Found
  [ERROR] https://mitvergnuegen.com/api/v1/tips/136904/: HTTP Error 404: Not Found
  [1310/5877] added=1310 updated=0
  [ERROR] https://mitvergnuegen.com/api/v1/tips/137207/: HTTP Error 404: Not Found
  [1320/5877] added=1320 updated=0
  [ERROR] https://mitvergnuegen.com/api/v1/tips/137584/: HTTP Error 404: Not Found
  [1330/5877] added=1330 updated=0
  [1340/5877] added=1340 updated=0
  [1350/5877] added=1350 updated=0
  [1360/5877] added=1360 updated=0
  [ERROR] https://mitvergnuegen.com/api/v1/tips/137872/: HTTP Error 404: Not Found
  [ERROR] https://mitvergnuegen.com/api/v1/tips/137952/: HTTP Error 404: Not Found
  [ERROR] https://mitvergnuegen.com/api/v1/tips/138005/: HTTP Error 404: Not Found
  [1370/5877] added=1370 updated=0
  [ERROR] https://mitvergnuegen.com/api/v1/tips/138337/: HTTP Error 404: Not Found
  [ERROR] https://mitvergnuegen.com/api/v1/tips/138384/: HTTP Error 404: Not Found
  [ERROR] https://mitvergnuegen.com/api/v1/tips/138461/: HTTP Error 404: Not Found
  [ERROR] https://mitvergnuegen.com/api/v1/tips/138478/: HTTP Error 404: Not Found
  [ERROR] https://mitvergnuegen.com/api/v1/tips/138630/: HTTP Error 404: Not Found
  [ERROR] https://mitvergnuegen.com/api/v1/tips/138638/: HTTP Error 404: Not Found
  [ERROR] https://mitvergnuegen.com/api/v1/tips/138641/: HTTP Error 404: Not Found
  [ERROR] https://mitvergnuegen.com/api/v1/tips/138649/: HTTP Error 404: Not Found
  [ERROR] https://mitvergnuegen.com/api/v1/tips/138756/: HTTP Error 404: Not Found
  [1380/5877] added=1380 updated=0
  [ERROR] https://mitvergnuegen.com/api/v1/tips/139047/: HTTP Error 404: Not Found
  [ERROR] https://mitvergnuegen.com/api/v1/tips/139102/: HTTP Error 404: Not Found
  [ERROR] https://mitvergnuegen.com/api/v1/tips/139410/: HTTP Error 404: Not Found
  [ERROR] https://mitvergnuegen.com/api/v1/tips/139571/: HTTP Error 404: Not Found
  [ERROR] https://mitvergnuegen.com/api/v1/tips/139665/: HTTP Error 404: Not Found
  [1390/5877] added=1390 updated=0
  [ERROR] https://mitvergnuegen.com/api/v1/tips/140441/: HTTP Error 404: Not Found
  [ERROR] https://mitvergnuegen.com/api/v1/tips/140573/: HTTP Error 404: Not Found
  [ERROR] https://mitvergnuegen.com/api/v1/tips/141329/: HTTP Error 404: Not Found
  [1400/5877] added=1400 updated=0
  [1410/5877] added=1410 updated=0
  [ERROR] https://mitvergnuegen.com/api/v1/tips/141491/: HTTP Error 404: Not Found
  [1420/5877] added=1420 updated=0
  [ERROR] https://mitvergnuegen.com/api/v1/tips/141953/: HTTP Error 404: Not Found
  [ERROR] https://mitvergnuegen.com/api/v1/tips/142008/: HTTP Error 404: Not Found
  [ERROR] https://mitvergnuegen.com/api/v1/tips/142132/: HTTP Error 404: Not Found
  [1430/5877] added=1430 updated=0
  [ERROR] https://mitvergnuegen.com/api/v1/tips/142349/: HTTP Error 404: Not Found
  [ERROR] https://mitvergnuegen.com/api/v1/tips/142445/: HTTP Error 404: Not Found
  [ERROR] https://mitvergnuegen.com/api/v1/tips/142581/: HTTP Error 404: Not Found
  [ERROR] https://mitvergnuegen.com/api/v1/tips/142600/: HTTP Error 404: Not Found
  [1440/5877] added=1440 updated=0
  [ERROR] https://mitvergnuegen.com/api/v1/tips/143377/: HTTP Error 404: Not Found
  [ERROR] https://mitvergnuegen.com/api/v1/tips/143380/: HTTP Error 404: Not Found
  [ERROR] https://mitvergnuegen.com/api/v1/tips/143386/: HTTP Error 404: Not Found
  [ERROR] https://mitvergnuegen.com/api/v1/tips/143389/: HTTP Error 404: Not Found
  [ERROR] https://mitvergnuegen.com/api/v1/tips/143398/: HTTP Error 404: Not Found
  [ERROR] https://mitvergnuegen.com/api/v1/tips/143412/: HTTP Error 404: Not Found
  [ERROR] https://mitvergnuegen.com/api/v1/tips/143462/: HTTP Error 404: Not Found
  [ERROR] https://mitvergnuegen.com/api/v1/tips/143464/: HTTP Error 404: Not Found
  [ERROR] https://mitvergnuegen.com/api/v1/tips/143467/: HTTP Error 404: Not Found
  [ERROR] https://mitvergnuegen.com/api/v1/tips/143469/: HTTP Error 404: Not Found
  [ERROR] https://mitvergnuegen.com/api/v1/tips/143474/: HTTP Error 404: Not Found
  [ERROR] https://mitvergnuegen.com/api/v1/tips/143483/: HTTP Error 404: Not Found
  [ERROR] https://mitvergnuegen.com/api/v1/tips/143484/: HTTP Error 404: Not Found
  [ERROR] https://mitvergnuegen.com/api/v1/tips/143498/: HTTP Error 404: Not Found
  [1450/5877] added=1450 updated=0
  [ERROR] https://mitvergnuegen.com/api/v1/tips/143681/: HTTP Error 404: Not Found
  [ERROR] https://mitvergnuegen.com/api/v1/tips/143728/: HTTP Error 404: Not Found
  [ERROR] https://mitvergnuegen.com/api/v1/tips/143854/: HTTP Error 404: Not Found
  [ERROR] https://mitvergnuegen.com/api/v1/tips/143858/: HTTP Error 404: Not Found
  [ERROR] https://mitvergnuegen.com/api/v1/tips/143861/: HTTP Error 404: Not Found
  [ERROR] https://mitvergnuegen.com/api/v1/tips/143863/: HTTP Error 404: Not Found
  [ERROR] https://mitvergnuegen.com/api/v1/tips/143886/: HTTP Error 404: Not Found
  [ERROR] https://mitvergnuegen.com/api/v1/tips/143889/: HTTP Error 404: Not Found
  [ERROR] https://mitvergnuegen.com/api/v1/tips/143893/: HTTP Error 404: Not Found
  [ERROR] https://mitvergnuegen.com/api/v1/tips/143896/: HTTP Error 404: Not Found
  [ERROR] https://mitvergnuegen.com/api/v1/tips/143898/: HTTP Error 404: Not Found
  [ERROR] https://mitvergnuegen.com/api/v1/tips/143901/: HTTP Error 404: Not Found
  [ERROR] https://mitvergnuegen.com/api/v1/tips/144136/: HTTP Error 404: Not Found
  [ERROR] https://mitvergnuegen.com/api/v1/tips/144140/: HTTP Error 404: Not Found
  [1460/5877] added=1460 updated=0
  [ERROR] https://mitvergnuegen.com/api/v1/tips/144171/: HTTP Error 404: Not Found
  [ERROR] https://mitvergnuegen.com/api/v1/tips/144258/: HTTP Error 404: Not Found
  [ERROR] https://mitvergnuegen.com/api/v1/tips/144350/: HTTP Error 404: Not Found
  [1470/5877] added=1470 updated=0
  [ERROR] https://mitvergnuegen.com/api/v1/tips/144382/: HTTP Error 404: Not Found
  [1480/5877] added=1480 updated=0
  [ERROR] https://mitvergnuegen.com/api/v1/tips/144678/: HTTP Error 404: Not Found
  [ERROR] https://mitvergnuegen.com/api/v1/tips/144729/: HTTP Error 404: Not Found
  [ERROR] https://mitvergnuegen.com/api/v1/tips/144802/: HTTP Error 404: Not Found
  [1490/5877] added=1490 updated=0
  [ERROR] https://mitvergnuegen.com/api/v1/tips/144960/: HTTP Error 404: Not Found
  [ERROR] https://mitvergnuegen.com/api/v1/tips/144973/: HTTP Error 404: Not Found
  [ERROR] https://mitvergnuegen.com/api/v1/tips/144980/: HTTP Error 404: Not Found
  [ERROR] https://mitvergnuegen.com/api/v1/tips/144991/: HTTP Error 404: Not Found
  [ERROR] https://mitvergnuegen.com/api/v1/tips/144998/: HTTP Error 404: Not Found
  [ERROR] https://mitvergnuegen.com/api/v1/tips/145003/: HTTP Error 404: Not Found
  [ERROR] https://mitvergnuegen.com/api/v1/tips/145009/: HTTP Error 404: Not Found
  [ERROR] https://mitvergnuegen.com/api/v1/tips/145011/: HTTP Error 404: Not Found
  [ERROR] https://mitvergnuegen.com/api/v1/tips/145037/: HTTP Error 404: Not Found
  [ERROR] https://mitvergnuegen.com/api/v1/tips/145042/: HTTP Error 404: Not Found
  [ERROR] https://mitvergnuegen.com/api/v1/tips/145043/: HTTP Error 404: Not Found
  [ERROR] https://mitvergnuegen.com/api/v1/tips/145091/: HTTP Error 404: Not Found
  [1500/5877] added=1500 updated=0
  [ERROR] https://mitvergnuegen.com/api/v1/tips/145207/: HTTP Error 404: Not Found
  [ERROR] https://mitvergnuegen.com/api/v1/tips/145332/: HTTP Error 404: Not Found
  [ERROR] https://mitvergnuegen.com/api/v1/tips/145353/: HTTP Error 404: Not Found
  [ERROR] https://mitvergnuegen.com/api/v1/tips/145370/: HTTP Error 404: Not Found
  [1510/5877] added=1510 updated=0
  [ERROR] https://mitvergnuegen.com/api/v1/tips/145728/: HTTP Error 404: Not Found
  [ERROR] https://mitvergnuegen.com/api/v1/tips/145756/: HTTP Error 404: Not Found
  [ERROR] https://mitvergnuegen.com/api/v1/tips/145763/: HTTP Error 404: Not Found
  [ERROR] https://mitvergnuegen.com/api/v1/tips/146045/: HTTP Error 404: Not Found
  [1520/5877] added=1520 updated=0
  [ERROR] https://mitvergnuegen.com/api/v1/tips/146094/: HTTP Error 404: Not Found
  [ERROR] https://mitvergnuegen.com/api/v1/tips/146114/: HTTP Error 404: Not Found
  [ERROR] https://mitvergnuegen.com/api/v1/tips/146121/: HTTP Error 404: Not Found
  [ERROR] https://mitvergnuegen.com/api/v1/tips/146124/: HTTP Error 404: Not Found
  [ERROR] https://mitvergnuegen.com/api/v1/tips/146128/: HTTP Error 404: Not Found
  [ERROR] https://mitvergnuegen.com/api/v1/tips/146131/: HTTP Error 404: Not Found
  [ERROR] https://mitvergnuegen.com/api/v1/tips/146133/: HTTP Error 404: Not Found
  [ERROR] https://mitvergnuegen.com/api/v1/tips/146141/: HTTP Error 404: Not Found
  [ERROR] https://mitvergnuegen.com/api/v1/tips/146147/: HTTP Error 404: Not Found
  [ERROR] https://mitvergnuegen.com/api/v1/tips/146150/: HTTP Error 404: Not Found
  [ERROR] https://mitvergnuegen.com/api/v1/tips/146154/: HTTP Error 404: Not Found
  [ERROR] https://mitvergnuegen.com/api/v1/tips/146187/: HTTP Error 404: Not Found
  [ERROR] https://mitvergnuegen.com/api/v1/tips/146192/: HTTP Error 404: Not Found
  [ERROR] https://mitvergnuegen.com/api/v1/tips/146251/: HTTP Error 404: Not Found
  [1530/5877] added=1530 updated=0
  [ERROR] https://mitvergnuegen.com/api/v1/tips/146534/: HTTP Error 404: Not Found
  [ERROR] https://mitvergnuegen.com/api/v1/tips/146721/: HTTP Error 404: Not Found
  [ERROR] https://mitvergnuegen.com/api/v1/tips/146723/: HTTP Error 404: Not Found
  [ERROR] https://mitvergnuegen.com/api/v1/tips/146725/: HTTP Error 404: Not Found
  [ERROR] https://mitvergnuegen.com/api/v1/tips/146734/: HTTP Error 404: Not Found
  [ERROR] https://mitvergnuegen.com/api/v1/tips/146737/: HTTP Error 404: Not Found
  [ERROR] https://mitvergnuegen.com/api/v1/tips/146739/: HTTP Error 404: Not Found
  [ERROR] https://mitvergnuegen.com/api/v1/tips/146740/: HTTP Error 404: Not Found
  [ERROR] https://mitvergnuegen.com/api/v1/tips/146741/: HTTP Error 404: Not Found
  [ERROR] https://mitvergnuegen.com/api/v1/tips/146744/: HTTP Error 404: Not Found
  [ERROR] https://mitvergnuegen.com/api/v1/tips/146746/: HTTP Error 404: Not Found
  [1540/5877] added=1540 updated=0
  [ERROR] https://mitvergnuegen.com/api/v1/tips/146803/: HTTP Error 404: Not Found
  [ERROR] https://mitvergnuegen.com/api/v1/tips/146841/: HTTP Error 404: Not Found
  [ERROR] https://mitvergnuegen.com/api/v1/tips/146915/: HTTP Error 404: Not Found
  [ERROR] https://mitvergnuegen.com/api/v1/tips/146969/: HTTP Error 404: Not Found
  [ERROR] https://mitvergnuegen.com/api/v1/tips/147079/: HTTP Error 404: Not Found
  [ERROR] https://mitvergnuegen.com/api/v1/tips/147329/: HTTP Error 404: Not Found
  [ERROR] https://mitvergnuegen.com/api/v1/tips/147344/: HTTP Error 404: Not Found
  [1550/5877] added=1550 updated=0
  [ERROR] https://mitvergnuegen.com/api/v1/tips/147378/: HTTP Error 404: Not Found
  [ERROR] https://mitvergnuegen.com/api/v1/tips/147492/: HTTP Error 404: Not Found
  [ERROR] https://mitvergnuegen.com/api/v1/tips/147609/: HTTP Error 404: Not Found
  [ERROR] https://mitvergnuegen.com/api/v1/tips/147673/: HTTP Error 404: Not Found
  [ERROR] https://mitvergnuegen.com/api/v1/tips/147695/: HTTP Error 404: Not Found
  [ERROR] https://mitvergnuegen.com/api/v1/tips/147699/: HTTP Error 404: Not Found
  [ERROR] https://mitvergnuegen.com/api/v1/tips/147701/: HTTP Error 404: Not Found
  [ERROR] https://mitvergnuegen.com/api/v1/tips/147702/: HTTP Error 404: Not Found
  [ERROR] https://mitvergnuegen.com/api/v1/tips/147706/: HTTP Error 404: Not Found
  [ERROR] https://mitvergnuegen.com/api/v1/tips/147707/: HTTP Error 404: Not Found
  [ERROR] https://mitvergnuegen.com/api/v1/tips/147710/: HTTP Error 404: Not Found
  [ERROR] https://mitvergnuegen.com/api/v1/tips/147720/: HTTP Error 404: Not Found
  [ERROR] https://mitvergnuegen.com/api/v1/tips/147723/: HTTP Error 404: Not Found
  [ERROR] https://mitvergnuegen.com/api/v1/tips/147727/: HTTP Error 404: Not Found
  [ERROR] https://mitvergnuegen.com/api/v1/tips/147731/: HTTP Error 404: Not Found
  [ERROR] https://mitvergnuegen.com/api/v1/tips/147733/: HTTP Error 404: Not Found
  [1560/5877] added=1560 updated=0
  [ERROR] https://mitvergnuegen.com/api/v1/tips/147859/: HTTP Error 404: Not Found
  [ERROR] https://mitvergnuegen.com/api/v1/tips/147872/: HTTP Error 404: Not Found
  [ERROR] https://mitvergnuegen.com/api/v1/tips/147904/: HTTP Error 404: Not Found
  [ERROR] https://mitvergnuegen.com/api/v1/tips/147936/: HTTP Error 404: Not Found
  [ERROR] https://mitvergnuegen.com/api/v1/tips/147945/: HTTP Error 404: Not Found
  [ERROR] https://mitvergnuegen.com/api/v1/tips/148005/: HTTP Error 404: Not Found
  [ERROR] https://mitvergnuegen.com/api/v1/tips/148022/: HTTP Error 404: Not Found
  [1570/5877] added=1570 updated=0
  [ERROR] https://mitvergnuegen.com/api/v1/tips/148293/: HTTP Error 404: Not Found
  [ERROR] https://mitvergnuegen.com/api/v1/tips/148444/: HTTP Error 404: Not Found
  [1580/5877] added=1580 updated=0
  [ERROR] https://mitvergnuegen.com/api/v1/tips/148481/: HTTP Error 404: Not Found
  [ERROR] https://mitvergnuegen.com/api/v1/tips/148567/: HTTP Error 404: Not Found
  [1590/5877] added=1590 updated=0
  [ERROR] https://mitvergnuegen.com/api/v1/tips/149000/: HTTP Error 404: Not Found
  [1600/5877] added=1600 updated=0
  [1610/5877] added=1610 updated=0
  [ERROR] https://mitvergnuegen.com/api/v1/tips/149235/: HTTP Error 404: Not Found
  [ERROR] https://mitvergnuegen.com/api/v1/tips/149343/: HTTP Error 404: Not Found
  [ERROR] https://mitvergnuegen.com/api/v1/tips/149551/: HTTP Error 404: Not Found
  [1620/5877] added=1620 updated=0
  [ERROR] https://mitvergnuegen.com/api/v1/tips/150232/: HTTP Error 404: Not Found
  [ERROR] https://mitvergnuegen.com/api/v1/tips/150271/: HTTP Error 404: Not Found
  [ERROR] https://mitvergnuegen.com/api/v1/tips/150300/: HTTP Error 404: Not Found
  [ERROR] https://mitvergnuegen.com/api/v1/tips/150323/: HTTP Error 404: Not Found
  [ERROR] https://mitvergnuegen.com/api/v1/tips/150500/: HTTP Error 404: Not Found
  [1630/5877] added=1630 updated=0
  [ERROR] https://mitvergnuegen.com/api/v1/tips/150805/: HTTP Error 404: Not Found
  [ERROR] https://mitvergnuegen.com/api/v1/tips/150815/: HTTP Error 404: Not Found
  [ERROR] https://mitvergnuegen.com/api/v1/tips/150820/: HTTP Error 404: Not Found
  [ERROR] https://mitvergnuegen.com/api/v1/tips/150827/: HTTP Error 404: Not Found
  [ERROR] https://mitvergnuegen.com/api/v1/tips/150878/: HTTP Error 404: Not Found
  [ERROR] https://mitvergnuegen.com/api/v1/tips/150882/: HTTP Error 404: Not Found
  [ERROR] https://mitvergnuegen.com/api/v1/tips/150890/: HTTP Error 404: Not Found
  [ERROR] https://mitvergnuegen.com/api/v1/tips/150893/: HTTP Error 404: Not Found
  [ERROR] https://mitvergnuegen.com/api/v1/tips/150904/: HTTP Error 404: Not Found
  [ERROR] https://mitvergnuegen.com/api/v1/tips/150908/: HTTP Error 404: Not Found
  [ERROR] https://mitvergnuegen.com/api/v1/tips/150911/: HTTP Error 404: Not Found
  [ERROR] https://mitvergnuegen.com/api/v1/tips/151033/: HTTP Error 404: Not Found
  [ERROR] https://mitvergnuegen.com/api/v1/tips/151057/: HTTP Error 404: Not Found
  [ERROR] https://mitvergnuegen.com/api/v1/tips/151070/: HTTP Error 404: Not Found
  [1640/5877] added=1640 updated=0
  [ERROR] https://mitvergnuegen.com/api/v1/tips/151083/: HTTP Error 404: Not Found
  [ERROR] https://mitvergnuegen.com/api/v1/tips/151090/: HTTP Error 404: Not Found
  [ERROR] https://mitvergnuegen.com/api/v1/tips/151093/: HTTP Error 404: Not Found
  [1650/5877] added=1650 updated=0
  [ERROR] https://mitvergnuegen.com/api/v1/tips/151319/: HTTP Error 404: Not Found
  [ERROR] https://mitvergnuegen.com/api/v1/tips/151334/: HTTP Error 404: Not Found
  [1660/5877] added=1660 updated=0
  [ERROR] https://mitvergnuegen.com/api/v1/tips/151543/: HTTP Error 404: Not Found
  [ERROR] https://mitvergnuegen.com/api/v1/tips/151675/: HTTP Error 404: Not Found
  [ERROR] https://mitvergnuegen.com/api/v1/tips/151738/: HTTP Error 404: Not Found
  [1670/5877] added=1670 updated=0
  [ERROR] https://mitvergnuegen.com/api/v1/tips/152192/: HTTP Error 404: Not Found
  [ERROR] https://mitvergnuegen.com/api/v1/tips/152236/: HTTP Error 404: Not Found
  [ERROR] https://mitvergnuegen.com/api/v1/tips/152260/: HTTP Error 404: Not Found
  [ERROR] https://mitvergnuegen.com/api/v1/tips/152540/: HTTP Error 404: Not Found
  [ERROR] https://mitvergnuegen.com/api/v1/tips/152577/: HTTP Error 404: Not Found
  [ERROR] https://mitvergnuegen.com/api/v1/tips/152587/: HTTP Error 404: Not Found
  [ERROR] https://mitvergnuegen.com/api/v1/tips/152599/: HTTP Error 404: Not Found
  [ERROR] https://mitvergnuegen.com/api/v1/tips/152605/: HTTP Error 404: Not Found
  [ERROR] https://mitvergnuegen.com/api/v1/tips/152614/: HTTP Error 404: Not Found
  [ERROR] https://mitvergnuegen.com/api/v1/tips/152630/: HTTP Error 404: Not Found
  [ERROR] https://mitvergnuegen.com/api/v1/tips/152637/: HTTP Error 404: Not Found
  [ERROR] https://mitvergnuegen.com/api/v1/tips/152643/: HTTP Error 404: Not Found
  [ERROR] https://mitvergnuegen.com/api/v1/tips/152648/: HTTP Error 404: Not Found
  [ERROR] https://mitvergnuegen.com/api/v1/tips/152650/: HTTP Error 404: Not Found
  [1680/5877] added=1680 updated=0
  [ERROR] https://mitvergnuegen.com/api/v1/tips/152961/: HTTP Error 404: Not Found
  [ERROR] https://mitvergnuegen.com/api/v1/tips/152971/: HTTP Error 404: Not Found
  [ERROR] https://mitvergnuegen.com/api/v1/tips/152989/: HTTP Error 404: Not Found
  [ERROR] https://mitvergnuegen.com/api/v1/tips/153052/: HTTP Error 404: Not Found
  [ERROR] https://mitvergnuegen.com/api/v1/tips/153516/: HTTP Error 404: Not Found
  [ERROR] https://mitvergnuegen.com/api/v1/tips/153570/: HTTP Error 404: Not Found
  [1690/5877] added=1690 updated=0
  [ERROR] https://mitvergnuegen.com/api/v1/tips/153928/: HTTP Error 404: Not Found
  [ERROR] https://mitvergnuegen.com/api/v1/tips/153959/: HTTP Error 404: Not Found
  [ERROR] https://mitvergnuegen.com/api/v1/tips/153962/: HTTP Error 404: Not Found
  [ERROR] https://mitvergnuegen.com/api/v1/tips/153966/: HTTP Error 404: Not Found
  [ERROR] https://mitvergnuegen.com/api/v1/tips/153981/: HTTP Error 404: Not Found
  [ERROR] https://mitvergnuegen.com/api/v1/tips/153983/: HTTP Error 404: Not Found
  [ERROR] https://mitvergnuegen.com/api/v1/tips/154100/: HTTP Error 404: Not Found
  [ERROR] https://mitvergnuegen.com/api/v1/tips/154152/: HTTP Error 404: Not Found
  [ERROR] https://mitvergnuegen.com/api/v1/tips/154162/: HTTP Error 404: Not Found
  [ERROR] https://mitvergnuegen.com/api/v1/tips/154164/: HTTP Error 404: Not Found
  [ERROR] https://mitvergnuegen.com/api/v1/tips/154176/: HTTP Error 404: Not Found
  [ERROR] https://mitvergnuegen.com/api/v1/tips/154179/: HTTP Error 404: Not Found
  [ERROR] https://mitvergnuegen.com/api/v1/tips/154189/: HTTP Error 404: Not Found
  [ERROR] https://mitvergnuegen.com/api/v1/tips/154192/: HTTP Error 404: Not Found
  [ERROR] https://mitvergnuegen.com/api/v1/tips/154198/: HTTP Error 404: Not Found
  [ERROR] https://mitvergnuegen.com/api/v1/tips/154200/: HTTP Error 404: Not Found
  [ERROR] https://mitvergnuegen.com/api/v1/tips/154210/: HTTP Error 404: Not Found
  [ERROR] https://mitvergnuegen.com/api/v1/tips/154215/: HTTP Error 404: Not Found
  [ERROR] https://mitvergnuegen.com/api/v1/tips/154223/: HTTP Error 404: Not Found
  [ERROR] https://mitvergnuegen.com/api/v1/tips/154399/: HTTP Error 404: Not Found
  [1700/5877] added=1700 updated=0
  [ERROR] https://mitvergnuegen.com/api/v1/tips/154516/: HTTP Error 404: Not Found
  [ERROR] https://mitvergnuegen.com/api/v1/tips/154597/: HTTP Error 404: Not Found
  [ERROR] https://mitvergnuegen.com/api/v1/tips/154681/: HTTP Error 404: Not Found
  [ERROR] https://mitvergnuegen.com/api/v1/tips/154743/: HTTP Error 404: Not Found
  [1710/5877] added=1710 updated=0
  [ERROR] https://mitvergnuegen.com/api/v1/tips/155122/: HTTP Error 404: Not Found
  [ERROR] https://mitvergnuegen.com/api/v1/tips/155131/: HTTP Error 404: Not Found
  [ERROR] https://mitvergnuegen.com/api/v1/tips/155140/: HTTP Error 404: Not Found
  [ERROR] https://mitvergnuegen.com/api/v1/tips/155161/: HTTP Error 404: Not Found
  [ERROR] https://mitvergnuegen.com/api/v1/tips/155170/: HTTP Error 404: Not Found
  [ERROR] https://mitvergnuegen.com/api/v1/tips/155179/: HTTP Error 404: Not Found
  [ERROR] https://mitvergnuegen.com/api/v1/tips/155196/: HTTP Error 404: Not Found
  [ERROR] https://mitvergnuegen.com/api/v1/tips/155200/: HTTP Error 404: Not Found
  [ERROR] https://mitvergnuegen.com/api/v1/tips/155210/: HTTP Error 404: Not Found
  [ERROR] https://mitvergnuegen.com/api/v1/tips/155222/: HTTP Error 404: Not Found
  [ERROR] https://mitvergnuegen.com/api/v1/tips/155228/: HTTP Error 404: Not Found
  [ERROR] https://mitvergnuegen.com/api/v1/tips/155233/: HTTP Error 404: Not Found
  [ERROR] https://mitvergnuegen.com/api/v1/tips/155237/: HTTP Error 404: Not Found
  [ERROR] https://mitvergnuegen.com/api/v1/tips/155246/: HTTP Error 404: Not Found
  [1720/5877] added=1720 updated=0
  [ERROR] https://mitvergnuegen.com/api/v1/tips/155322/: HTTP Error 404: Not Found
  [ERROR] https://mitvergnuegen.com/api/v1/tips/155495/: HTTP Error 404: Not Found
  [ERROR] https://mitvergnuegen.com/api/v1/tips/155498/: HTTP Error 404: Not Found
  [ERROR] https://mitvergnuegen.com/api/v1/tips/155947/: HTTP Error 404: Not Found
  [ERROR] https://mitvergnuegen.com/api/v1/tips/156348/: HTTP Error 404: Not Found
  [ERROR] https://mitvergnuegen.com/api/v1/tips/156518/: HTTP Error 404: Not Found
  [1730/5877] added=1730 updated=0
  [ERROR] https://mitvergnuegen.com/api/v1/tips/156675/: HTTP Error 404: Not Found
  [ERROR] https://mitvergnuegen.com/api/v1/tips/156858/: HTTP Error 404: Not Found
  [ERROR] https://mitvergnuegen.com/api/v1/tips/156878/: HTTP Error 404: Not Found
  [ERROR] https://mitvergnuegen.com/api/v1/tips/156989/: HTTP Error 404: Not Found
  [ERROR] https://mitvergnuegen.com/api/v1/tips/157008/: HTTP Error 404: Not Found
  [ERROR] https://mitvergnuegen.com/api/v1/tips/157012/: HTTP Error 404: Not Found
  [ERROR] https://mitvergnuegen.com/api/v1/tips/157044/: HTTP Error 404: Not Found
  [ERROR] https://mitvergnuegen.com/api/v1/tips/157048/: HTTP Error 404: Not Found
  [ERROR] https://mitvergnuegen.com/api/v1/tips/157051/: HTTP Error 404: Not Found
  [ERROR] https://mitvergnuegen.com/api/v1/tips/157054/: HTTP Error 404: Not Found
  [ERROR] https://mitvergnuegen.com/api/v1/tips/157059/: HTTP Error 404: Not Found
  [ERROR] https://mitvergnuegen.com/api/v1/tips/157061/: HTTP Error 404: Not Found
  [ERROR] https://mitvergnuegen.com/api/v1/tips/157064/: HTTP Error 404: Not Found
  [ERROR] https://mitvergnuegen.com/api/v1/tips/157070/: HTTP Error 404: Not Found
  [1740/5877] added=1740 updated=0
  [1750/5877] added=1750 updated=0
  [ERROR] https://mitvergnuegen.com/api/v1/tips/157515/: HTTP Error 404: Not Found
  [ERROR] https://mitvergnuegen.com/api/v1/tips/157691/: HTTP Error 404: Not Found
  [ERROR] https://mitvergnuegen.com/api/v1/tips/157816/: HTTP Error 404: Not Found
  [ERROR] https://mitvergnuegen.com/api/v1/tips/158340/: HTTP Error 404: Not Found
  [ERROR] https://mitvergnuegen.com/api/v1/tips/158350/: HTTP Error 404: Not Found
  [ERROR] https://mitvergnuegen.com/api/v1/tips/158354/: HTTP Error 404: Not Found
  [ERROR] https://mitvergnuegen.com/api/v1/tips/158363/: HTTP Error 404: Not Found
  [ERROR] https://mitvergnuegen.com/api/v1/tips/158366/: HTTP Error 404: Not Found
  [ERROR] https://mitvergnuegen.com/api/v1/tips/158369/: HTTP Error 404: Not Found
  [ERROR] https://mitvergnuegen.com/api/v1/tips/158374/: HTTP Error 404: Not Found
  [ERROR] https://mitvergnuegen.com/api/v1/tips/158380/: HTTP Error 404: Not Found
  [ERROR] https://mitvergnuegen.com/api/v1/tips/158392/: HTTP Error 404: Not Found
  [ERROR] https://mitvergnuegen.com/api/v1/tips/158395/: HTTP Error 404: Not Found
  [ERROR] https://mitvergnuegen.com/api/v1/tips/158409/: HTTP Error 404: Not Found
  [ERROR] https://mitvergnuegen.com/api/v1/tips/158413/: HTTP Error 404: Not Found
  [1760/5877] added=1760 updated=0
  [ERROR] https://mitvergnuegen.com/api/v1/tips/159128/: HTTP Error 404: Not Found
  [ERROR] https://mitvergnuegen.com/api/v1/tips/159229/: HTTP Error 404: Not Found
  [ERROR] https://mitvergnuegen.com/api/v1/tips/159418/: HTTP Error 404: Not Found
  [1770/5877] added=1770 updated=0
  [ERROR] https://mitvergnuegen.com/api/v1/tips/160118/: HTTP Error 404: Not Found
  [ERROR] https://mitvergnuegen.com/api/v1/tips/160125/: HTTP Error 404: Not Found
  [ERROR] https://mitvergnuegen.com/api/v1/tips/160127/: HTTP Error 404: Not Found
  [ERROR] https://mitvergnuegen.com/api/v1/tips/160140/: HTTP Error 404: Not Found
  [ERROR] https://mitvergnuegen.com/api/v1/tips/160148/: HTTP Error 404: Not Found
  [ERROR] https://mitvergnuegen.com/api/v1/tips/160151/: HTTP Error 404: Not Found
  [ERROR] https://mitvergnuegen.com/api/v1/tips/160157/: HTTP Error 404: Not Found
  [ERROR] https://mitvergnuegen.com/api/v1/tips/160161/: HTTP Error 404: Not Found
  [ERROR] https://mitvergnuegen.com/api/v1/tips/160170/: HTTP Error 404: Not Found
  [ERROR] https://mitvergnuegen.com/api/v1/tips/160174/: HTTP Error 404: Not Found
  [ERROR] https://mitvergnuegen.com/api/v1/tips/160177/: HTTP Error 404: Not Found
  [ERROR] https://mitvergnuegen.com/api/v1/tips/160182/: HTTP Error 404: Not Found
  [ERROR] https://mitvergnuegen.com/api/v1/tips/160184/: HTTP Error 404: Not Found
  [ERROR] https://mitvergnuegen.com/api/v1/tips/160572/: HTTP Error 404: Not Found
  [ERROR] https://mitvergnuegen.com/api/v1/tips/160617/: HTTP Error 404: Not Found
  [ERROR] https://mitvergnuegen.com/api/v1/tips/160620/: HTTP Error 404: Not Found
  [1780/5877] added=1780 updated=0
  [ERROR] https://mitvergnuegen.com/api/v1/tips/160711/: HTTP Error 404: Not Found
  [1790/5877] added=1790 updated=0
  [ERROR] https://mitvergnuegen.com/api/v1/tips/160748/: HTTP Error 404: Not Found
  [ERROR] https://mitvergnuegen.com/api/v1/tips/160886/: HTTP Error 404: Not Found
  [1800/5877] added=1800 updated=0
  [ERROR] https://mitvergnuegen.com/api/v1/tips/161469/: HTTP Error 404: Not Found
  [ERROR] https://mitvergnuegen.com/api/v1/tips/161474/: HTTP Error 404: Not Found
  [ERROR] https://mitvergnuegen.com/api/v1/tips/161477/: HTTP Error 404: Not Found
  [ERROR] https://mitvergnuegen.com/api/v1/tips/161484/: HTTP Error 404: Not Found
  [ERROR] https://mitvergnuegen.com/api/v1/tips/161489/: HTTP Error 404: Not Found
  [ERROR] https://mitvergnuegen.com/api/v1/tips/161494/: HTTP Error 404: Not Found
  [ERROR] https://mitvergnuegen.com/api/v1/tips/161495/: HTTP Error 404: Not Found
  [ERROR] https://mitvergnuegen.com/api/v1/tips/161497/: HTTP Error 404: Not Found
  [ERROR] https://mitvergnuegen.com/api/v1/tips/161500/: HTTP Error 404: Not Found
  [ERROR] https://mitvergnuegen.com/api/v1/tips/161608/: HTTP Error 404: Not Found
  [ERROR] https://mitvergnuegen.com/api/v1/tips/161614/: HTTP Error 404: Not Found
  [ERROR] https://mitvergnuegen.com/api/v1/tips/161620/: HTTP Error 404: Not Found
  [1810/5877] added=1810 updated=0
  [ERROR] https://mitvergnuegen.com/api/v1/tips/161802/: HTTP Error 404: Not Found
  [ERROR] https://mitvergnuegen.com/api/v1/tips/161808/: HTTP Error 404: Not Found
  [ERROR] https://mitvergnuegen.com/api/v1/tips/161811/: HTTP Error 404: Not Found
  [ERROR] https://mitvergnuegen.com/api/v1/tips/161816/: HTTP Error 404: Not Found
  [ERROR] https://mitvergnuegen.com/api/v1/tips/161818/: HTTP Error 404: Not Found
  [ERROR] https://mitvergnuegen.com/api/v1/tips/161821/: HTTP Error 404: Not Found
  [ERROR] https://mitvergnuegen.com/api/v1/tips/161824/: HTTP Error 404: Not Found
  [ERROR] https://mitvergnuegen.com/api/v1/tips/161826/: HTTP Error 404: Not Found
  [ERROR] https://mitvergnuegen.com/api/v1/tips/161828/: HTTP Error 404: Not Found
  [ERROR] https://mitvergnuegen.com/api/v1/tips/161830/: HTTP Error 404: Not Found
  [ERROR] https://mitvergnuegen.com/api/v1/tips/161832/: HTTP Error 404: Not Found
  [ERROR] https://mitvergnuegen.com/api/v1/tips/162026/: HTTP Error 404: Not Found
  [ERROR] https://mitvergnuegen.com/api/v1/tips/162239/: HTTP Error 404: Not Found
  [ERROR] https://mitvergnuegen.com/api/v1/tips/162303/: HTTP Error 404: Not Found
  [ERROR] https://mitvergnuegen.com/api/v1/tips/162309/: HTTP Error 404: Not Found
  [ERROR] https://mitvergnuegen.com/api/v1/tips/162314/: HTTP Error 404: Not Found
  [ERROR] https://mitvergnuegen.com/api/v1/tips/162319/: HTTP Error 404: Not Found
  [ERROR] https://mitvergnuegen.com/api/v1/tips/162322/: HTTP Error 404: Not Found
  [ERROR] https://mitvergnuegen.com/api/v1/tips/162325/: HTTP Error 404: Not Found
  [ERROR] https://mitvergnuegen.com/api/v1/tips/162328/: HTTP Error 404: Not Found
  [ERROR] https://mitvergnuegen.com/api/v1/tips/162334/: HTTP Error 404: Not Found
  [ERROR] https://mitvergnuegen.com/api/v1/tips/162345/: HTTP Error 404: Not Found
  [ERROR] https://mitvergnuegen.com/api/v1/tips/162395/: HTTP Error 404: Not Found
  [ERROR] https://mitvergnuegen.com/api/v1/tips/162480/: HTTP Error 404: Not Found
  [ERROR] https://mitvergnuegen.com/api/v1/tips/162488/: HTTP Error 404: Not Found
  [ERROR] https://mitvergnuegen.com/api/v1/tips/162541/: HTTP Error 404: Not Found
  [1820/5877] added=1820 updated=0
  [ERROR] https://mitvergnuegen.com/api/v1/tips/163243/: HTTP Error 404: Not Found
  [ERROR] https://mitvergnuegen.com/api/v1/tips/163249/: HTTP Error 404: Not Found
  [ERROR] https://mitvergnuegen.com/api/v1/tips/163254/: HTTP Error 404: Not Found
  [ERROR] https://mitvergnuegen.com/api/v1/tips/163264/: HTTP Error 404: Not Found
  [ERROR] https://mitvergnuegen.com/api/v1/tips/163267/: HTTP Error 404: Not Found
  [ERROR] https://mitvergnuegen.com/api/v1/tips/163270/: HTTP Error 404: Not Found
  [ERROR] https://mitvergnuegen.com/api/v1/tips/163286/: HTTP Error 404: Not Found
  [ERROR] https://mitvergnuegen.com/api/v1/tips/163290/: HTTP Error 404: Not Found
  [ERROR] https://mitvergnuegen.com/api/v1/tips/163302/: HTTP Error 404: Not Found
  [ERROR] https://mitvergnuegen.com/api/v1/tips/163306/: HTTP Error 404: Not Found
  [ERROR] https://mitvergnuegen.com/api/v1/tips/163312/: HTTP Error 404: Not Found
  [ERROR] https://mitvergnuegen.com/api/v1/tips/163588/: HTTP Error 404: Not Found
  [ERROR] https://mitvergnuegen.com/api/v1/tips/163622/: HTTP Error 404: Not Found
  [ERROR] https://mitvergnuegen.com/api/v1/tips/163626/: HTTP Error 404: Not Found
  [ERROR] https://mitvergnuegen.com/api/v1/tips/163630/: HTTP Error 404: Not Found
  [ERROR] https://mitvergnuegen.com/api/v1/tips/163654/: HTTP Error 404: Not Found
  [ERROR] https://mitvergnuegen.com/api/v1/tips/163659/: HTTP Error 404: Not Found
  [ERROR] https://mitvergnuegen.com/api/v1/tips/163662/: HTTP Error 404: Not Found
  [ERROR] https://mitvergnuegen.com/api/v1/tips/163678/: HTTP Error 404: Not Found
  [ERROR] https://mitvergnuegen.com/api/v1/tips/163684/: HTTP Error 404: Not Found
  [ERROR] https://mitvergnuegen.com/api/v1/tips/163708/: HTTP Error 404: Not Found
  [ERROR] https://mitvergnuegen.com/api/v1/tips/164171/: HTTP Error 404: Not Found
  [1830/5877] added=1830 updated=0
  [ERROR] https://mitvergnuegen.com/api/v1/tips/164334/: HTTP Error 404: Not Found
  [ERROR] https://mitvergnuegen.com/api/v1/tips/164336/: HTTP Error 404: Not Found
  [ERROR] https://mitvergnuegen.com/api/v1/tips/164338/: HTTP Error 404: Not Found
  [ERROR] https://mitvergnuegen.com/api/v1/tips/164343/: HTTP Error 404: Not Found
  [ERROR] https://mitvergnuegen.com/api/v1/tips/164345/: HTTP Error 404: Not Found
  [ERROR] https://mitvergnuegen.com/api/v1/tips/164347/: HTTP Error 404: Not Found
  [ERROR] https://mitvergnuegen.com/api/v1/tips/164349/: HTTP Error 404: Not Found
  [ERROR] https://mitvergnuegen.com/api/v1/tips/164352/: HTTP Error 404: Not Found
  [ERROR] https://mitvergnuegen.com/api/v1/tips/164356/: HTTP Error 404: Not Found
  [ERROR] https://mitvergnuegen.com/api/v1/tips/164358/: HTTP Error 404: Not Found
  [ERROR] https://mitvergnuegen.com/api/v1/tips/164390/: HTTP Error 404: Not Found
  [ERROR] https://mitvergnuegen.com/api/v1/tips/164443/: HTTP Error 404: Not Found
  [ERROR] https://mitvergnuegen.com/api/v1/tips/164690/: HTTP Error 404: Not Found
  [ERROR] https://mitvergnuegen.com/api/v1/tips/164725/: HTTP Error 404: Not Found
  [ERROR] https://mitvergnuegen.com/api/v1/tips/164830/: HTTP Error 404: Not Found
  [ERROR] https://mitvergnuegen.com/api/v1/tips/164837/: HTTP Error 404: Not Found
  [ERROR] https://mitvergnuegen.com/api/v1/tips/164841/: HTTP Error 404: Not Found
  [ERROR] https://mitvergnuegen.com/api/v1/tips/164849/: HTTP Error 404: Not Found
  [ERROR] https://mitvergnuegen.com/api/v1/tips/164856/: HTTP Error 404: Not Found
  [ERROR] https://mitvergnuegen.com/api/v1/tips/164861/: HTTP Error 404: Not Found
  [ERROR] https://mitvergnuegen.com/api/v1/tips/164871/: HTTP Error 404: Not Found
  [ERROR] https://mitvergnuegen.com/api/v1/tips/164874/: HTTP Error 404: Not Found
  [ERROR] https://mitvergnuegen.com/api/v1/tips/164879/: HTTP Error 404: Not Found
  [ERROR] https://mitvergnuegen.com/api/v1/tips/164887/: HTTP Error 404: Not Found
  [ERROR] https://mitvergnuegen.com/api/v1/tips/164898/: HTTP Error 404: Not Found
  [1840/5877] added=1840 updated=0
  [1850/5877] added=1850 updated=0
  [1860/5877] added=1860 updated=0
  [ERROR] https://mitvergnuegen.com/api/v1/tips/165160/: HTTP Error 404: Not Found
  [ERROR] https://mitvergnuegen.com/api/v1/tips/165168/: HTTP Error 404: Not Found
  [ERROR] https://mitvergnuegen.com/api/v1/tips/165185/: HTTP Error 404: Not Found
  [ERROR] https://mitvergnuegen.com/api/v1/tips/165194/: HTTP Error 404: Not Found
  [ERROR] https://mitvergnuegen.com/api/v1/tips/165199/: HTTP Error 404: Not Found
  [ERROR] https://mitvergnuegen.com/api/v1/tips/165231/: HTTP Error 404: Not Found
  [ERROR] https://mitvergnuegen.com/api/v1/tips/165302/: HTTP Error 404: Not Found
  [ERROR] https://mitvergnuegen.com/api/v1/tips/165313/: HTTP Error 404: Not Found
  [ERROR] https://mitvergnuegen.com/api/v1/tips/165320/: HTTP Error 404: Not Found
  [ERROR] https://mitvergnuegen.com/api/v1/tips/165328/: HTTP Error 404: Not Found
  [ERROR] https://mitvergnuegen.com/api/v1/tips/165463/: HTTP Error 404: Not Found
  [ERROR] https://mitvergnuegen.com/api/v1/tips/165567/: HTTP Error 404: Not Found
  [ERROR] https://mitvergnuegen.com/api/v1/tips/165572/: HTTP Error 404: Not Found
  [ERROR] https://mitvergnuegen.com/api/v1/tips/165678/: HTTP Error 404: Not Found
  [ERROR] https://mitvergnuegen.com/api/v1/tips/165727/: HTTP Error 404: Not Found
  [ERROR] https://mitvergnuegen.com/api/v1/tips/165729/: HTTP Error 404: Not Found
  [ERROR] https://mitvergnuegen.com/api/v1/tips/165752/: HTTP Error 404: Not Found
  [ERROR] https://mitvergnuegen.com/api/v1/tips/165915/: HTTP Error 404: Not Found
  [1870/5877] added=1870 updated=0
  [ERROR] https://mitvergnuegen.com/api/v1/tips/166175/: HTTP Error 404: Not Found
  [ERROR] https://mitvergnuegen.com/api/v1/tips/166258/: HTTP Error 404: Not Found
  [ERROR] https://mitvergnuegen.com/api/v1/tips/166478/: HTTP Error 404: Not Found
  [1880/5877] added=1880 updated=0
  [ERROR] https://mitvergnuegen.com/api/v1/tips/166742/: HTTP Error 404: Not Found
  [ERROR] https://mitvergnuegen.com/api/v1/tips/166959/: HTTP Error 404: Not Found
  [ERROR] https://mitvergnuegen.com/api/v1/tips/166969/: HTTP Error 404: Not Found
  [ERROR] https://mitvergnuegen.com/api/v1/tips/166971/: HTTP Error 404: Not Found
  [ERROR] https://mitvergnuegen.com/api/v1/tips/166983/: HTTP Error 404: Not Found
  [ERROR] https://mitvergnuegen.com/api/v1/tips/166993/: HTTP Error 404: Not Found
  [ERROR] https://mitvergnuegen.com/api/v1/tips/167005/: HTTP Error 404: Not Found
  [ERROR] https://mitvergnuegen.com/api/v1/tips/167014/: HTTP Error 404: Not Found
  [ERROR] https://mitvergnuegen.com/api/v1/tips/167028/: HTTP Error 404: Not Found
  [ERROR] https://mitvergnuegen.com/api/v1/tips/167029/: HTTP Error 404: Not Found
  [ERROR] https://mitvergnuegen.com/api/v1/tips/167031/: HTTP Error 404: Not Found
  [ERROR] https://mitvergnuegen.com/api/v1/tips/167033/: HTTP Error 404: Not Found
  [ERROR] https://mitvergnuegen.com/api/v1/tips/167035/: HTTP Error 404: Not Found
  [ERROR] https://mitvergnuegen.com/api/v1/tips/167037/: HTTP Error 404: Not Found
  [ERROR] https://mitvergnuegen.com/api/v1/tips/167038/: HTTP Error 404: Not Found
  [ERROR] https://mitvergnuegen.com/api/v1/tips/167039/: HTTP Error 404: Not Found
  [ERROR] https://mitvergnuegen.com/api/v1/tips/167042/: HTTP Error 404: Not Found
  [1890/5877] added=1890 updated=0
  [ERROR] https://mitvergnuegen.com/api/v1/tips/167126/: HTTP Error 404: Not Found
  [ERROR] https://mitvergnuegen.com/api/v1/tips/167146/: HTTP Error 404: Not Found
  [ERROR] https://mitvergnuegen.com/api/v1/tips/167149/: HTTP Error 404: Not Found
  [ERROR] https://mitvergnuegen.com/api/v1/tips/167154/: HTTP Error 404: Not Found
  [ERROR] https://mitvergnuegen.com/api/v1/tips/167156/: HTTP Error 404: Not Found
  [ERROR] https://mitvergnuegen.com/api/v1/tips/167466/: HTTP Error 404: Not Found
  [1900/5877] added=1900 updated=0
  [ERROR] https://mitvergnuegen.com/api/v1/tips/167640/: HTTP Error 404: Not Found
  [ERROR] https://mitvergnuegen.com/api/v1/tips/167739/: HTTP Error 404: Not Found
  [ERROR] https://mitvergnuegen.com/api/v1/tips/167772/: HTTP Error 404: Not Found
  [ERROR] https://mitvergnuegen.com/api/v1/tips/167785/: HTTP Error 404: Not Found
  [1910/5877] added=1910 updated=0
  [1920/5877] added=1920 updated=0
  [1930/5877] added=1930 updated=0
  [ERROR] https://mitvergnuegen.com/api/v1/tips/168325/: HTTP Error 404: Not Found
  [1940/5877] added=1940 updated=0
  [ERROR] https://mitvergnuegen.com/api/v1/tips/168816/: HTTP Error 404: Not Found
  [ERROR] https://mitvergnuegen.com/api/v1/tips/168827/: HTTP Error 404: Not Found
  [ERROR] https://mitvergnuegen.com/api/v1/tips/168828/: HTTP Error 404: Not Found
  [ERROR] https://mitvergnuegen.com/api/v1/tips/168841/: HTTP Error 404: Not Found
  [ERROR] https://mitvergnuegen.com/api/v1/tips/168861/: HTTP Error 404: Not Found
  [ERROR] https://mitvergnuegen.com/api/v1/tips/168868/: HTTP Error 404: Not Found
  [ERROR] https://mitvergnuegen.com/api/v1/tips/168876/: HTTP Error 404: Not Found
  [ERROR] https://mitvergnuegen.com/api/v1/tips/168897/: HTTP Error 404: Not Found
  [ERROR] https://mitvergnuegen.com/api/v1/tips/168915/: HTTP Error 404: Not Found
  [ERROR] https://mitvergnuegen.com/api/v1/tips/168919/: HTTP Error 404: Not Found
  [ERROR] https://mitvergnuegen.com/api/v1/tips/168923/: HTTP Error 404: Not Found
  [ERROR] https://mitvergnuegen.com/api/v1/tips/168931/: HTTP Error 404: Not Found
  [ERROR] https://mitvergnuegen.com/api/v1/tips/168934/: HTTP Error 404: Not Found
  [ERROR] https://mitvergnuegen.com/api/v1/tips/168935/: HTTP Error 404: Not Found
  [ERROR] https://mitvergnuegen.com/api/v1/tips/168936/: HTTP Error 404: Not Found
  [ERROR] https://mitvergnuegen.com/api/v1/tips/168947/: HTTP Error 404: Not Found
  [ERROR] https://mitvergnuegen.com/api/v1/tips/168952/: HTTP Error 404: Not Found
  [ERROR] https://mitvergnuegen.com/api/v1/tips/168957/: HTTP Error 404: Not Found
  [ERROR] https://mitvergnuegen.com/api/v1/tips/168959/: HTTP Error 404: Not Found
  [ERROR] https://mitvergnuegen.com/api/v1/tips/168963/: HTTP Error 404: Not Found
  [ERROR] https://mitvergnuegen.com/api/v1/tips/168976/: HTTP Error 404: Not Found
  [ERROR] https://mitvergnuegen.com/api/v1/tips/168998/: HTTP Error 404: Not Found
  [ERROR] https://mitvergnuegen.com/api/v1/tips/169014/: HTTP Error 404: Not Found
  [ERROR] https://mitvergnuegen.com/api/v1/tips/169020/: HTTP Error 404: Not Found
  [ERROR] https://mitvergnuegen.com/api/v1/tips/169143/: HTTP Error 404: Not Found
  [ERROR] https://mitvergnuegen.com/api/v1/tips/169156/: HTTP Error 404: Not Found
  [ERROR] https://mitvergnuegen.com/api/v1/tips/169183/: HTTP Error 404: Not Found
  [ERROR] https://mitvergnuegen.com/api/v1/tips/169292/: HTTP Error 404: Not Found
  [ERROR] https://mitvergnuegen.com/api/v1/tips/169321/: HTTP Error 404: Not Found
  [ERROR] https://mitvergnuegen.com/api/v1/tips/169495/: HTTP Error 404: Not Found
  [ERROR] https://mitvergnuegen.com/api/v1/tips/169500/: HTTP Error 404: Not Found
  [1950/5877] added=1950 updated=0
  [ERROR] https://mitvergnuegen.com/api/v1/tips/169663/: HTTP Error 404: Not Found
  [ERROR] https://mitvergnuegen.com/api/v1/tips/169669/: HTTP Error 404: Not Found
  [1960/5877] added=1960 updated=0
  [1970/5877] added=1970 updated=0
  [ERROR] https://mitvergnuegen.com/api/v1/tips/170238/: HTTP Error 404: Not Found
  [1980/5877] added=1980 updated=0
  [ERROR] https://mitvergnuegen.com/api/v1/tips/170317/: HTTP Error 404: Not Found
  [ERROR] https://mitvergnuegen.com/api/v1/tips/170364/: HTTP Error 404: Not Found
  [ERROR] https://mitvergnuegen.com/api/v1/tips/170385/: HTTP Error 404: Not Found
  [1990/5877] added=1990 updated=0
  [ERROR] https://mitvergnuegen.com/api/v1/tips/170622/: HTTP Error 404: Not Found
  [ERROR] https://mitvergnuegen.com/api/v1/tips/170630/: HTTP Error 404: Not Found
  [ERROR] https://mitvergnuegen.com/api/v1/tips/170638/: HTTP Error 404: Not Found
  [ERROR] https://mitvergnuegen.com/api/v1/tips/170645/: HTTP Error 404: Not Found
  [ERROR] https://mitvergnuegen.com/api/v1/tips/170648/: HTTP Error 404: Not Found
  [ERROR] https://mitvergnuegen.com/api/v1/tips/170652/: HTTP Error 404: Not Found
  [ERROR] https://mitvergnuegen.com/api/v1/tips/170658/: HTTP Error 404: Not Found
  [ERROR] https://mitvergnuegen.com/api/v1/tips/170667/: HTTP Error 404: Not Found
  [ERROR] https://mitvergnuegen.com/api/v1/tips/170706/: HTTP Error 404: Not Found
  [ERROR] https://mitvergnuegen.com/api/v1/tips/170714/: HTTP Error 404: Not Found
  [ERROR] https://mitvergnuegen.com/api/v1/tips/170728/: HTTP Error 404: Not Found
  [ERROR] https://mitvergnuegen.com/api/v1/tips/170871/: HTTP Error 404: Not Found
  [ERROR] https://mitvergnuegen.com/api/v1/tips/171088/: HTTP Error 404: Not Found
  [2000/5877] added=2000 updated=0
  [ERROR] https://mitvergnuegen.com/api/v1/tips/171713/: HTTP Error 404: Not Found
  [ERROR] https://mitvergnuegen.com/api/v1/tips/171750/: HTTP Error 404: Not Found
  [2010/5877] added=2010 updated=0
  [ERROR] https://mitvergnuegen.com/api/v1/tips/172114/: HTTP Error 404: Not Found
  [2020/5877] added=2020 updated=0
  [ERROR] https://mitvergnuegen.com/api/v1/tips/172491/: HTTP Error 404: Not Found
  [ERROR] https://mitvergnuegen.com/api/v1/tips/172494/: HTTP Error 404: Not Found
  [ERROR] https://mitvergnuegen.com/api/v1/tips/172501/: HTTP Error 404: Not Found
  [ERROR] https://mitvergnuegen.com/api/v1/tips/172507/: HTTP Error 404: Not Found
  [ERROR] https://mitvergnuegen.com/api/v1/tips/172512/: HTTP Error 404: Not Found
  [ERROR] https://mitvergnuegen.com/api/v1/tips/172517/: HTTP Error 404: Not Found
  [ERROR] https://mitvergnuegen.com/api/v1/tips/172523/: HTTP Error 404: Not Found
  [ERROR] https://mitvergnuegen.com/api/v1/tips/172528/: HTTP Error 404: Not Found
  [2030/5877] added=2030 updated=0
  [ERROR] https://mitvergnuegen.com/api/v1/tips/172777/: HTTP Error 404: Not Found
  [ERROR] https://mitvergnuegen.com/api/v1/tips/172974/: HTTP Error 404: Not Found
  [ERROR] https://mitvergnuegen.com/api/v1/tips/172984/: HTTP Error 404: Not Found
  [ERROR] https://mitvergnuegen.com/api/v1/tips/173086/: HTTP Error 404: Not Found
  [ERROR] https://mitvergnuegen.com/api/v1/tips/173088/: HTTP Error 404: Not Found
  [ERROR] https://mitvergnuegen.com/api/v1/tips/173097/: HTTP Error 404: Not Found
  [ERROR] https://mitvergnuegen.com/api/v1/tips/173112/: HTTP Error 404: Not Found
  [ERROR] https://mitvergnuegen.com/api/v1/tips/173115/: HTTP Error 404: Not Found
  [ERROR] https://mitvergnuegen.com/api/v1/tips/173122/: HTTP Error 404: Not Found
  [ERROR] https://mitvergnuegen.com/api/v1/tips/173139/: HTTP Error 404: Not Found
  [ERROR] https://mitvergnuegen.com/api/v1/tips/173153/: HTTP Error 404: Not Found
  [ERROR] https://mitvergnuegen.com/api/v1/tips/173162/: HTTP Error 404: Not Found
  [ERROR] https://mitvergnuegen.com/api/v1/tips/173180/: HTTP Error 404: Not Found
  [2040/5877] added=2040 updated=0
  [ERROR] https://mitvergnuegen.com/api/v1/tips/173255/: HTTP Error 404: Not Found
  [2050/5877] added=2050 updated=0
  [ERROR] https://mitvergnuegen.com/api/v1/tips/173600/: HTTP Error 404: Not Found
  [ERROR] https://mitvergnuegen.com/api/v1/tips/173603/: HTTP Error 404: Not Found
  [ERROR] https://mitvergnuegen.com/api/v1/tips/173605/: HTTP Error 404: Not Found
  [ERROR] https://mitvergnuegen.com/api/v1/tips/173609/: HTTP Error 404: Not Found
  [ERROR] https://mitvergnuegen.com/api/v1/tips/173611/: HTTP Error 404: Not Found
  [ERROR] https://mitvergnuegen.com/api/v1/tips/173616/: HTTP Error 404: Not Found
  [ERROR] https://mitvergnuegen.com/api/v1/tips/173621/: HTTP Error 404: Not Found
  [ERROR] https://mitvergnuegen.com/api/v1/tips/173623/: HTTP Error 404: Not Found
  [ERROR] https://mitvergnuegen.com/api/v1/tips/173626/: HTTP Error 404: Not Found
  [ERROR] https://mitvergnuegen.com/api/v1/tips/173632/: HTTP Error 404: Not Found
  [2060/5877] added=2060 updated=0
  [ERROR] https://mitvergnuegen.com/api/v1/tips/173783/: HTTP Error 404: Not Found
  [2070/5877] added=2070 updated=0
  [ERROR] https://mitvergnuegen.com/api/v1/tips/174022/: HTTP Error 404: Not Found
  [ERROR] https://mitvergnuegen.com/api/v1/tips/174025/: HTTP Error 404: Not Found
  [ERROR] https://mitvergnuegen.com/api/v1/tips/174140/: HTTP Error 404: Not Found
  [2080/5877] added=2080 updated=0
  [ERROR] https://mitvergnuegen.com/api/v1/tips/174489/: HTTP Error 404: Not Found
  [ERROR] https://mitvergnuegen.com/api/v1/tips/174492/: HTTP Error 404: Not Found
  [ERROR] https://mitvergnuegen.com/api/v1/tips/174495/: HTTP Error 404: Not Found
  [ERROR] https://mitvergnuegen.com/api/v1/tips/174500/: HTTP Error 404: Not Found
  [ERROR] https://mitvergnuegen.com/api/v1/tips/174503/: HTTP Error 404: Not Found
  [ERROR] https://mitvergnuegen.com/api/v1/tips/174506/: HTTP Error 404: Not Found
  [ERROR] https://mitvergnuegen.com/api/v1/tips/174509/: HTTP Error 404: Not Found
  [ERROR] https://mitvergnuegen.com/api/v1/tips/174544/: HTTP Error 404: Not Found
  [ERROR] https://mitvergnuegen.com/api/v1/tips/174557/: HTTP Error 404: Not Found
  [ERROR] https://mitvergnuegen.com/api/v1/tips/174566/: HTTP Error 404: Not Found
  [ERROR] https://mitvergnuegen.com/api/v1/tips/174831/: HTTP Error 404: Not Found
  [ERROR] https://mitvergnuegen.com/api/v1/tips/175039/: HTTP Error 404: Not Found
  [ERROR] https://mitvergnuegen.com/api/v1/tips/175205/: HTTP Error 404: Not Found
  [ERROR] https://mitvergnuegen.com/api/v1/tips/175234/: HTTP Error 404: Not Found
  [2090/5877] added=2090 updated=0
  [ERROR] https://mitvergnuegen.com/api/v1/tips/175375/: HTTP Error 404: Not Found
  [ERROR] https://mitvergnuegen.com/api/v1/tips/175399/: HTTP Error 404: Not Found
  [2100/5877] added=2100 updated=0
  [2110/5877] added=2110 updated=0
  [ERROR] https://mitvergnuegen.com/api/v1/tips/175719/: HTTP Error 404: Not Found
  [ERROR] https://mitvergnuegen.com/api/v1/tips/175767/: HTTP Error 404: Not Found
  [ERROR] https://mitvergnuegen.com/api/v1/tips/175874/: HTTP Error 404: Not Found
  [ERROR] https://mitvergnuegen.com/api/v1/tips/175886/: HTTP Error 404: Not Found
  [ERROR] https://mitvergnuegen.com/api/v1/tips/175893/: HTTP Error 404: Not Found
  [ERROR] https://mitvergnuegen.com/api/v1/tips/175915/: HTTP Error 404: Not Found
  [ERROR] https://mitvergnuegen.com/api/v1/tips/176003/: HTTP Error 404: Not Found
  [2120/5877] added=2120 updated=0
  [ERROR] https://mitvergnuegen.com/api/v1/tips/176173/: HTTP Error 404: Not Found
  [ERROR] https://mitvergnuegen.com/api/v1/tips/176186/: HTTP Error 404: Not Found
  [ERROR] https://mitvergnuegen.com/api/v1/tips/176193/: HTTP Error 404: Not Found
  [ERROR] https://mitvergnuegen.com/api/v1/tips/176201/: HTTP Error 404: Not Found
  [ERROR] https://mitvergnuegen.com/api/v1/tips/176219/: HTTP Error 404: Not Found
  [ERROR] https://mitvergnuegen.com/api/v1/tips/176230/: HTTP Error 404: Not Found
  [ERROR] https://mitvergnuegen.com/api/v1/tips/176238/: HTTP Error 404: Not Found
  [ERROR] https://mitvergnuegen.com/api/v1/tips/176246/: HTTP Error 404: Not Found
  [ERROR] https://mitvergnuegen.com/api/v1/tips/176257/: HTTP Error 404: Not Found
  [ERROR] https://mitvergnuegen.com/api/v1/tips/176267/: HTTP Error 404: Not Found
  [ERROR] https://mitvergnuegen.com/api/v1/tips/176494/: HTTP Error 404: Not Found
  [ERROR] https://mitvergnuegen.com/api/v1/tips/176499/: HTTP Error 404: Not Found
  [ERROR] https://mitvergnuegen.com/api/v1/tips/176506/: HTTP Error 404: Not Found
  [ERROR] https://mitvergnuegen.com/api/v1/tips/176508/: HTTP Error 404: Not Found
  [ERROR] https://mitvergnuegen.com/api/v1/tips/176510/: HTTP Error 404: Not Found
  [ERROR] https://mitvergnuegen.com/api/v1/tips/176513/: HTTP Error 404: Not Found
  [ERROR] https://mitvergnuegen.com/api/v1/tips/176516/: HTTP Error 404: Not Found
  [ERROR] https://mitvergnuegen.com/api/v1/tips/176517/: HTTP Error 404: Not Found
  [ERROR] https://mitvergnuegen.com/api/v1/tips/176519/: HTTP Error 404: Not Found
  [ERROR] https://mitvergnuegen.com/api/v1/tips/176520/: HTTP Error 404: Not Found
  [ERROR] https://mitvergnuegen.com/api/v1/tips/176522/: HTTP Error 404: Not Found
  [ERROR] https://mitvergnuegen.com/api/v1/tips/176748/: HTTP Error 404: Not Found
  [ERROR] https://mitvergnuegen.com/api/v1/tips/176808/: HTTP Error 404: Not Found
  [2130/5877] added=2130 updated=0
  [ERROR] https://mitvergnuegen.com/api/v1/tips/177230/: HTTP Error 404: Not Found
  [ERROR] https://mitvergnuegen.com/api/v1/tips/177244/: HTTP Error 404: Not Found
  [ERROR] https://mitvergnuegen.com/api/v1/tips/177579/: HTTP Error 404: Not Found
  [ERROR] https://mitvergnuegen.com/api/v1/tips/177583/: HTTP Error 404: Not Found
  [2140/5877] added=2140 updated=0
  [ERROR] https://mitvergnuegen.com/api/v1/tips/177688/: HTTP Error 404: Not Found
  [ERROR] https://mitvergnuegen.com/api/v1/tips/177696/: HTTP Error 404: Not Found
  [ERROR] https://mitvergnuegen.com/api/v1/tips/177708/: HTTP Error 404: Not Found
  [ERROR] https://mitvergnuegen.com/api/v1/tips/177713/: HTTP Error 404: Not Found
  [ERROR] https://mitvergnuegen.com/api/v1/tips/177721/: HTTP Error 404: Not Found
  [ERROR] https://mitvergnuegen.com/api/v1/tips/177727/: HTTP Error 404: Not Found
  [ERROR] https://mitvergnuegen.com/api/v1/tips/177732/: HTTP Error 404: Not Found
  [ERROR] https://mitvergnuegen.com/api/v1/tips/177754/: HTTP Error 404: Not Found
  [ERROR] https://mitvergnuegen.com/api/v1/tips/177759/: HTTP Error 404: Not Found
  [ERROR] https://mitvergnuegen.com/api/v1/tips/177765/: HTTP Error 404: Not Found
  [ERROR] https://mitvergnuegen.com/api/v1/tips/177781/: HTTP Error 404: Not Found
  [ERROR] https://mitvergnuegen.com/api/v1/tips/177828/: HTTP Error 404: Not Found
  [ERROR] https://mitvergnuegen.com/api/v1/tips/177930/: HTTP Error 404: Not Found
  [2150/5877] added=2150 updated=0
  [ERROR] https://mitvergnuegen.com/api/v1/tips/178250/: HTTP Error 404: Not Found
  [ERROR] https://mitvergnuegen.com/api/v1/tips/178254/: HTTP Error 404: Not Found
  [ERROR] https://mitvergnuegen.com/api/v1/tips/178283/: HTTP Error 404: Not Found
  [ERROR] https://mitvergnuegen.com/api/v1/tips/178397/: HTTP Error 404: Not Found
  [ERROR] https://mitvergnuegen.com/api/v1/tips/178409/: HTTP Error 404: Not Found
  [ERROR] https://mitvergnuegen.com/api/v1/tips/178416/: HTTP Error 404: Not Found
  [ERROR] https://mitvergnuegen.com/api/v1/tips/178435/: HTTP Error 404: Not Found
  [ERROR] https://mitvergnuegen.com/api/v1/tips/178437/: HTTP Error 404: Not Found
  [ERROR] https://mitvergnuegen.com/api/v1/tips/178462/: HTTP Error 404: Not Found
  [ERROR] https://mitvergnuegen.com/api/v1/tips/178467/: HTTP Error 404: Not Found
  [ERROR] https://mitvergnuegen.com/api/v1/tips/178473/: HTTP Error 404: Not Found
  [ERROR] https://mitvergnuegen.com/api/v1/tips/178476/: HTTP Error 404: Not Found
  [ERROR] https://mitvergnuegen.com/api/v1/tips/178482/: HTTP Error 404: Not Found
  [ERROR] https://mitvergnuegen.com/api/v1/tips/178484/: HTTP Error 404: Not Found
  [ERROR] https://mitvergnuegen.com/api/v1/tips/178490/: HTTP Error 404: Not Found
  [ERROR] https://mitvergnuegen.com/api/v1/tips/178499/: HTTP Error 404: Not Found
  [ERROR] https://mitvergnuegen.com/api/v1/tips/178518/: HTTP Error 404: Not Found
  [2160/5877] added=2160 updated=0
  [ERROR] https://mitvergnuegen.com/api/v1/tips/178690/: HTTP Error 404: Not Found
  [2170/5877] added=2170 updated=0
  [2180/5877] added=2180 updated=0
  [ERROR] https://mitvergnuegen.com/api/v1/tips/179316/: HTTP Error 404: Not Found
  [2190/5877] added=2190 updated=0
  [ERROR] https://mitvergnuegen.com/api/v1/tips/179673/: HTTP Error 404: Not Found
  [ERROR] https://mitvergnuegen.com/api/v1/tips/180295/: HTTP Error 404: Not Found
  [ERROR] https://mitvergnuegen.com/api/v1/tips/180598/: HTTP Error 404: Not Found
  [ERROR] https://mitvergnuegen.com/api/v1/tips/180600/: HTTP Error 404: Not Found
  [ERROR] https://mitvergnuegen.com/api/v1/tips/180602/: HTTP Error 404: Not Found
  [ERROR] https://mitvergnuegen.com/api/v1/tips/180606/: HTTP Error 404: Not Found
  [ERROR] https://mitvergnuegen.com/api/v1/tips/180611/: HTTP Error 404: Not Found
  [ERROR] https://mitvergnuegen.com/api/v1/tips/180620/: HTTP Error 404: Not Found
  [ERROR] https://mitvergnuegen.com/api/v1/tips/180621/: HTTP Error 404: Not Found
  [ERROR] https://mitvergnuegen.com/api/v1/tips/180623/: HTTP Error 404: Not Found
  [ERROR] https://mitvergnuegen.com/api/v1/tips/180627/: HTTP Error 404: Not Found
  [ERROR] https://mitvergnuegen.com/api/v1/tips/180632/: HTTP Error 404: Not Found
  [ERROR] https://mitvergnuegen.com/api/v1/tips/180642/: HTTP Error 404: Not Found
  [2200/5877] added=2200 updated=0
  [2210/5877] added=2210 updated=0
  [ERROR] https://mitvergnuegen.com/api/v1/tips/180992/: HTTP Error 404: Not Found
  [ERROR] https://mitvergnuegen.com/api/v1/tips/181073/: HTTP Error 404: Not Found
  [ERROR] https://mitvergnuegen.com/api/v1/tips/181130/: HTTP Error 404: Not Found
  [ERROR] https://mitvergnuegen.com/api/v1/tips/181173/: HTTP Error 404: Not Found
  [ERROR] https://mitvergnuegen.com/api/v1/tips/181509/: HTTP Error 404: Not Found
  [2220/5877] added=2220 updated=0
  [2230/5877] added=2230 updated=0
  [ERROR] https://mitvergnuegen.com/api/v1/tips/181744/: HTTP Error 404: Not Found
  [ERROR] https://mitvergnuegen.com/api/v1/tips/181770/: HTTP Error 404: Not Found
  [ERROR] https://mitvergnuegen.com/api/v1/tips/181923/: HTTP Error 404: Not Found
  [ERROR] https://mitvergnuegen.com/api/v1/tips/181949/: HTTP Error 404: Not Found
  [ERROR] https://mitvergnuegen.com/api/v1/tips/181961/: HTTP Error 404: Not Found
  [ERROR] https://mitvergnuegen.com/api/v1/tips/181971/: HTTP Error 404: Not Found
  [ERROR] https://mitvergnuegen.com/api/v1/tips/181983/: HTTP Error 404: Not Found
  [ERROR] https://mitvergnuegen.com/api/v1/tips/181985/: HTTP Error 404: Not Found
  [ERROR] https://mitvergnuegen.com/api/v1/tips/181996/: HTTP Error 404: Not Found
  [2240/5877] added=2240 updated=0
  [ERROR] https://mitvergnuegen.com/api/v1/tips/182000/: HTTP Error 404: Not Found
  [ERROR] https://mitvergnuegen.com/api/v1/tips/182003/: HTTP Error 404: Not Found
  [ERROR] https://mitvergnuegen.com/api/v1/tips/182014/: HTTP Error 404: Not Found
  [ERROR] https://mitvergnuegen.com/api/v1/tips/182022/: HTTP Error 404: Not Found
  [ERROR] https://mitvergnuegen.com/api/v1/tips/182195/: HTTP Error 404: Not Found
  [ERROR] https://mitvergnuegen.com/api/v1/tips/182200/: HTTP Error 404: Not Found
  [ERROR] https://mitvergnuegen.com/api/v1/tips/182213/: HTTP Error 404: Not Found
  [ERROR] https://mitvergnuegen.com/api/v1/tips/182377/: HTTP Error 404: Not Found
  [ERROR] https://mitvergnuegen.com/api/v1/tips/182379/: HTTP Error 404: Not Found
  [ERROR] https://mitvergnuegen.com/api/v1/tips/182382/: HTTP Error 404: Not Found
  [ERROR] https://mitvergnuegen.com/api/v1/tips/182384/: HTTP Error 404: Not Found
  [ERROR] https://mitvergnuegen.com/api/v1/tips/182385/: HTTP Error 404: Not Found
  [ERROR] https://mitvergnuegen.com/api/v1/tips/182387/: HTTP Error 404: Not Found
  [ERROR] https://mitvergnuegen.com/api/v1/tips/182389/: HTTP Error 404: Not Found
  [ERROR] https://mitvergnuegen.com/api/v1/tips/182391/: HTTP Error 404: Not Found
  [ERROR] https://mitvergnuegen.com/api/v1/tips/182702/: HTTP Error 404: Not Found
  [2250/5877] added=2250 updated=0
  [ERROR] https://mitvergnuegen.com/api/v1/tips/182920/: HTTP Error 404: Not Found
  [ERROR] https://mitvergnuegen.com/api/v1/tips/183077/: HTTP Error 404: Not Found
  [ERROR] https://mitvergnuegen.com/api/v1/tips/183112/: HTTP Error 404: Not Found
  [2260/5877] added=2260 updated=0
  [ERROR] https://mitvergnuegen.com/api/v1/tips/183183/: HTTP Error 404: Not Found
  [ERROR] https://mitvergnuegen.com/api/v1/tips/183195/: HTTP Error 404: Not Found
  [ERROR] https://mitvergnuegen.com/api/v1/tips/183237/: HTTP Error 404: Not Found
  [ERROR] https://mitvergnuegen.com/api/v1/tips/183458/: HTTP Error 404: Not Found
  [ERROR] https://mitvergnuegen.com/api/v1/tips/183464/: HTTP Error 404: Not Found
  [ERROR] https://mitvergnuegen.com/api/v1/tips/183492/: HTTP Error 404: Not Found
  [ERROR] https://mitvergnuegen.com/api/v1/tips/183509/: HTTP Error 404: Not Found
  [ERROR] https://mitvergnuegen.com/api/v1/tips/183534/: HTTP Error 404: Not Found
  [ERROR] https://mitvergnuegen.com/api/v1/tips/183543/: HTTP Error 404: Not Found
  [ERROR] https://mitvergnuegen.com/api/v1/tips/183551/: HTTP Error 404: Not Found
  [ERROR] https://mitvergnuegen.com/api/v1/tips/183561/: HTTP Error 404: Not Found
  [ERROR] https://mitvergnuegen.com/api/v1/tips/183612/: HTTP Error 404: Not Found
  [ERROR] https://mitvergnuegen.com/api/v1/tips/183615/: HTTP Error 404: Not Found
  [ERROR] https://mitvergnuegen.com/api/v1/tips/183626/: HTTP Error 404: Not Found
  [2270/5877] added=2270 updated=0
  [ERROR] https://mitvergnuegen.com/api/v1/tips/183848/: HTTP Error 404: Not Found
  [2280/5877] added=2280 updated=0
  [ERROR] https://mitvergnuegen.com/api/v1/tips/184049/: HTTP Error 404: Not Found
  [ERROR] https://mitvergnuegen.com/api/v1/tips/184148/: HTTP Error 404: Not Found
  [ERROR] https://mitvergnuegen.com/api/v1/tips/184348/: HTTP Error 404: Not Found
  [ERROR] https://mitvergnuegen.com/api/v1/tips/184355/: HTTP Error 404: Not Found
  [ERROR] https://mitvergnuegen.com/api/v1/tips/184400/: HTTP Error 404: Not Found
  [2290/5877] added=2290 updated=0
  [ERROR] https://mitvergnuegen.com/api/v1/tips/184448/: HTTP Error 404: Not Found
  [ERROR] https://mitvergnuegen.com/api/v1/tips/184634/: HTTP Error 404: Not Found
  [ERROR] https://mitvergnuegen.com/api/v1/tips/184713/: HTTP Error 404: Not Found
  [2300/5877] added=2300 updated=0
  [ERROR] https://mitvergnuegen.com/api/v1/tips/185128/: HTTP Error 404: Not Found
  [2310/5877] added=2310 updated=0
  [ERROR] https://mitvergnuegen.com/api/v1/tips/185570/: HTTP Error 404: Not Found
  [ERROR] https://mitvergnuegen.com/api/v1/tips/185713/: HTTP Error 404: Not Found
  [ERROR] https://mitvergnuegen.com/api/v1/tips/185732/: HTTP Error 404: Not Found
  [2320/5877] added=2320 updated=0
  [2330/5877] added=2330 updated=0
  [ERROR] https://mitvergnuegen.com/api/v1/tips/186072/: HTTP Error 404: Not Found
  [2340/5877] added=2340 updated=0
  [ERROR] https://mitvergnuegen.com/api/v1/tips/186218/: HTTP Error 404: Not Found
  [ERROR] https://mitvergnuegen.com/api/v1/tips/186261/: HTTP Error 404: Not Found
  [ERROR] https://mitvergnuegen.com/api/v1/tips/186275/: HTTP Error 404: Not Found
  [ERROR] https://mitvergnuegen.com/api/v1/tips/186289/: HTTP Error 404: Not Found
  [ERROR] https://mitvergnuegen.com/api/v1/tips/186571/: HTTP Error 404: Not Found
  [ERROR] https://mitvergnuegen.com/api/v1/tips/186610/: HTTP Error 404: Not Found
  [2350/5877] added=2350 updated=0
  [ERROR] https://mitvergnuegen.com/api/v1/tips/186706/: HTTP Error 404: Not Found
  [ERROR] https://mitvergnuegen.com/api/v1/tips/186877/: HTTP Error 404: Not Found
  [2360/5877] added=2360 updated=0
  [ERROR] https://mitvergnuegen.com/api/v1/tips/187434/: HTTP Error 404: Not Found
  [ERROR] https://mitvergnuegen.com/api/v1/tips/187464/: HTTP Error 404: Not Found
  [ERROR] https://mitvergnuegen.com/api/v1/tips/187689/: HTTP Error 404: Not Found
  [2370/5877] added=2370 updated=0
  [2380/5877] added=2380 updated=0
  [ERROR] https://mitvergnuegen.com/api/v1/tips/188086/: HTTP Error 404: Not Found
  [ERROR] https://mitvergnuegen.com/api/v1/tips/188099/: HTTP Error 404: Not Found
  [ERROR] https://mitvergnuegen.com/api/v1/tips/188135/: HTTP Error 404: Not Found
  [ERROR] https://mitvergnuegen.com/api/v1/tips/188247/: HTTP Error 404: Not Found
  [ERROR] https://mitvergnuegen.com/api/v1/tips/188444/: HTTP Error 404: Not Found
  [ERROR] https://mitvergnuegen.com/api/v1/tips/188471/: HTTP Error 404: Not Found
  [ERROR] https://mitvergnuegen.com/api/v1/tips/188861/: HTTP Error 404: Not Found
  [2390/5877] added=2390 updated=0
  [ERROR] https://mitvergnuegen.com/api/v1/tips/189028/: HTTP Error 404: Not Found
  [ERROR] https://mitvergnuegen.com/api/v1/tips/189078/: HTTP Error 404: Not Found
  [ERROR] https://mitvergnuegen.com/api/v1/tips/189283/: HTTP Error 404: Not Found
  [2400/5877] added=2400 updated=0
  [ERROR] https://mitvergnuegen.com/api/v1/tips/189586/: HTTP Error 404: Not Found
  [ERROR] https://mitvergnuegen.com/api/v1/tips/189598/: HTTP Error 404: Not Found
  [ERROR] https://mitvergnuegen.com/api/v1/tips/189608/: HTTP Error 404: Not Found
  [2410/5877] added=2410 updated=0
  [ERROR] https://mitvergnuegen.com/api/v1/tips/189722/: HTTP Error 404: Not Found
  [ERROR] https://mitvergnuegen.com/api/v1/tips/189807/: HTTP Error 404: Not Found
  [ERROR] https://mitvergnuegen.com/api/v1/tips/189997/: HTTP Error 404: Not Found
  [ERROR] https://mitvergnuegen.com/api/v1/tips/190037/: HTTP Error 404: Not Found
  [ERROR] https://mitvergnuegen.com/api/v1/tips/190052/: HTTP Error 404: Not Found
  [2420/5877] added=2420 updated=0
  [ERROR] https://mitvergnuegen.com/api/v1/tips/190472/: HTTP Error 404: Not Found
  [ERROR] https://mitvergnuegen.com/api/v1/tips/190522/: HTTP Error 404: Not Found
  [2430/5877] added=2430 updated=0
  [ERROR] https://mitvergnuegen.com/api/v1/tips/190717/: HTTP Error 404: Not Found
  [ERROR] https://mitvergnuegen.com/api/v1/tips/190732/: HTTP Error 404: Not Found
  [ERROR] https://mitvergnuegen.com/api/v1/tips/190742/: HTTP Error 404: Not Found
  [ERROR] https://mitvergnuegen.com/api/v1/tips/190752/: HTTP Error 404: Not Found
  [ERROR] https://mitvergnuegen.com/api/v1/tips/190772/: HTTP Error 404: Not Found
  [ERROR] https://mitvergnuegen.com/api/v1/tips/190780/: HTTP Error 404: Not Found
  [ERROR] https://mitvergnuegen.com/api/v1/tips/190788/: HTTP Error 404: Not Found
  [ERROR] https://mitvergnuegen.com/api/v1/tips/190798/: HTTP Error 404: Not Found
  [ERROR] https://mitvergnuegen.com/api/v1/tips/190800/: HTTP Error 404: Not Found
  [ERROR] https://mitvergnuegen.com/api/v1/tips/190809/: HTTP Error 404: Not Found
  [ERROR] https://mitvergnuegen.com/api/v1/tips/190856/: HTTP Error 404: Not Found
  [ERROR] https://mitvergnuegen.com/api/v1/tips/190938/: HTTP Error 404: Not Found
  [ERROR] https://mitvergnuegen.com/api/v1/tips/191338/: HTTP Error 404: Not Found
  [ERROR] https://mitvergnuegen.com/api/v1/tips/191417/: HTTP Error 404: Not Found
  [2440/5877] added=2440 updated=0
  [ERROR] https://mitvergnuegen.com/api/v1/tips/191671/: HTTP Error 404: Not Found
  [ERROR] https://mitvergnuegen.com/api/v1/tips/191904/: HTTP Error 404: Not Found
  [ERROR] https://mitvergnuegen.com/api/v1/tips/191934/: HTTP Error 404: Not Found
  [ERROR] https://mitvergnuegen.com/api/v1/tips/191986/: HTTP Error 404: Not Found
  [ERROR] https://mitvergnuegen.com/api/v1/tips/192009/: HTTP Error 404: Not Found
  [2450/5877] added=2450 updated=0
  [ERROR] https://mitvergnuegen.com/api/v1/tips/192538/: HTTP Error 404: Not Found
  [2460/5877] added=2460 updated=0
  [ERROR] https://mitvergnuegen.com/api/v1/tips/193013/: HTTP Error 404: Not Found
  [ERROR] https://mitvergnuegen.com/api/v1/tips/193147/: HTTP Error 404: Not Found
  [2470/5877] added=2470 updated=0
  [ERROR] https://mitvergnuegen.com/api/v1/tips/194364/: HTTP Error 404: Not Found
  [ERROR] https://mitvergnuegen.com/api/v1/tips/194408/: HTTP Error 404: Not Found
  [ERROR] https://mitvergnuegen.com/api/v1/tips/195052/: HTTP Error 404: Not Found
  [ERROR] https://mitvergnuegen.com/api/v1/tips/195368/: HTTP Error 404: Not Found
  [ERROR] https://mitvergnuegen.com/api/v1/tips/195378/: HTTP Error 404: Not Found
  [ERROR] https://mitvergnuegen.com/api/v1/tips/195381/: HTTP Error 404: Not Found
  [ERROR] https://mitvergnuegen.com/api/v1/tips/195383/: HTTP Error 404: Not Found
  [ERROR] https://mitvergnuegen.com/api/v1/tips/195386/: HTTP Error 404: Not Found
  [ERROR] https://mitvergnuegen.com/api/v1/tips/195387/: HTTP Error 404: Not Found
  [ERROR] https://mitvergnuegen.com/api/v1/tips/195389/: HTTP Error 404: Not Found
  [2480/5877] added=2480 updated=0
  [ERROR] https://mitvergnuegen.com/api/v1/tips/195391/: HTTP Error 404: Not Found
  [ERROR] https://mitvergnuegen.com/api/v1/tips/195392/: HTTP Error 404: Not Found
  [ERROR] https://mitvergnuegen.com/api/v1/tips/195393/: HTTP Error 404: Not Found
  [2490/5877] added=2490 updated=0
  [ERROR] https://mitvergnuegen.com/api/v1/tips/195703/: HTTP Error 404: Not Found
  [ERROR] https://mitvergnuegen.com/api/v1/tips/195716/: HTTP Error 404: Not Found
  [ERROR] https://mitvergnuegen.com/api/v1/tips/196592/: HTTP Error 404: Not Found
  [2500/5877] added=2500 updated=0
  [ERROR] https://mitvergnuegen.com/api/v1/tips/196799/: HTTP Error 404: Not Found
  [ERROR] https://mitvergnuegen.com/api/v1/tips/196897/: HTTP Error 404: Not Found
  [ERROR] https://mitvergnuegen.com/api/v1/tips/196901/: HTTP Error 404: Not Found
  [2510/5877] added=2510 updated=0
  [ERROR] https://mitvergnuegen.com/api/v1/tips/197035/: HTTP Error 404: Not Found
  [ERROR] https://mitvergnuegen.com/api/v1/tips/197041/: HTTP Error 404: Not Found
  [ERROR] https://mitvergnuegen.com/api/v1/tips/197333/: HTTP Error 404: Not Found
  [ERROR] https://mitvergnuegen.com/api/v1/tips/197414/: HTTP Error 404: Not Found
  [ERROR] https://mitvergnuegen.com/api/v1/tips/197467/: HTTP Error 404: Not Found
  [2520/5877] added=2520 updated=0
  [ERROR] https://mitvergnuegen.com/api/v1/tips/197957/: HTTP Error 404: Not Found
  [ERROR] https://mitvergnuegen.com/api/v1/tips/198193/: HTTP Error 404: Not Found
  [ERROR] https://mitvergnuegen.com/api/v1/tips/198266/: HTTP Error 404: Not Found
  [2530/5877] added=2530 updated=0
  [ERROR] https://mitvergnuegen.com/api/v1/tips/198692/: HTTP Error 404: Not Found
  [ERROR] https://mitvergnuegen.com/api/v1/tips/198823/: HTTP Error 404: Not Found
  [ERROR] https://mitvergnuegen.com/api/v1/tips/198923/: HTTP Error 404: Not Found
  [2540/5877] added=2540 updated=0
  [2550/5877] added=2550 updated=0
  [ERROR] https://mitvergnuegen.com/api/v1/tips/199609/: HTTP Error 404: Not Found
  [ERROR] https://mitvergnuegen.com/api/v1/tips/200019/: HTTP Error 404: Not Found
  [ERROR] https://mitvergnuegen.com/api/v1/tips/200122/: HTTP Error 404: Not Found
  [2560/5877] added=2560 updated=0
  [ERROR] https://mitvergnuegen.com/api/v1/tips/200341/: HTTP Error 404: Not Found
  [ERROR] https://mitvergnuegen.com/api/v1/tips/200352/: HTTP Error 404: Not Found
  [ERROR] https://mitvergnuegen.com/api/v1/tips/200353/: HTTP Error 404: Not Found
  [ERROR] https://mitvergnuegen.com/api/v1/tips/200354/: HTTP Error 404: Not Found
  [ERROR] https://mitvergnuegen.com/api/v1/tips/200360/: HTTP Error 404: Not Found
  [ERROR] https://mitvergnuegen.com/api/v1/tips/200361/: HTTP Error 404: Not Found
  [ERROR] https://mitvergnuegen.com/api/v1/tips/200364/: HTTP Error 404: Not Found
  [ERROR] https://mitvergnuegen.com/api/v1/tips/200366/: HTTP Error 404: Not Found
  [ERROR] https://mitvergnuegen.com/api/v1/tips/200877/: HTTP Error 404: Not Found
  [ERROR] https://mitvergnuegen.com/api/v1/tips/200904/: HTTP Error 404: Not Found
  [2570/5877] added=2570 updated=0
  [ERROR] https://mitvergnuegen.com/api/v1/tips/201643/: HTTP Error 404: Not Found
  [ERROR] https://mitvergnuegen.com/api/v1/tips/201848/: HTTP Error 404: Not Found
  [ERROR] https://mitvergnuegen.com/api/v1/tips/201915/: HTTP Error 404: Not Found
  [ERROR] https://mitvergnuegen.com/api/v1/tips/202273/: HTTP Error 404: Not Found
  [2580/5877] added=2580 updated=0
  [ERROR] https://mitvergnuegen.com/api/v1/tips/202338/: HTTP Error 404: Not Found
  [ERROR] https://mitvergnuegen.com/api/v1/tips/202393/: HTTP Error 404: Not Found
  [2590/5877] added=2590 updated=0
  [ERROR] https://mitvergnuegen.com/api/v1/tips/202829/: HTTP Error 404: Not Found
  [2600/5877] added=2600 updated=0
  [ERROR] https://mitvergnuegen.com/api/v1/tips/203508/: HTTP Error 404: Not Found
  [ERROR] https://mitvergnuegen.com/api/v1/tips/204082/: HTTP Error 404: Not Found
  [2610/5877] added=2610 updated=0
  [ERROR] https://mitvergnuegen.com/api/v1/tips/204422/: HTTP Error 404: Not Found
  [ERROR] https://mitvergnuegen.com/api/v1/tips/204432/: HTTP Error 404: Not Found
  [2620/5877] added=2620 updated=0
  [ERROR] https://mitvergnuegen.com/api/v1/tips/205077/: HTTP Error 404: Not Found
  [ERROR] https://mitvergnuegen.com/api/v1/tips/205100/: HTTP Error 404: Not Found
  [ERROR] https://mitvergnuegen.com/api/v1/tips/205116/: HTTP Error 404: Not Found
  [2630/5877] added=2630 updated=0
  [ERROR] https://mitvergnuegen.com/api/v1/tips/205138/: HTTP Error 404: Not Found
  [ERROR] https://mitvergnuegen.com/api/v1/tips/205235/: HTTP Error 404: Not Found
  [2640/5877] added=2640 updated=0
  [2650/5877] added=2650 updated=0
  [ERROR] https://mitvergnuegen.com/api/v1/tips/206836/: HTTP Error 404: Not Found
  [ERROR] https://mitvergnuegen.com/api/v1/tips/207102/: HTTP Error 404: Not Found
  [ERROR] https://mitvergnuegen.com/api/v1/tips/207159/: HTTP Error 404: Not Found
  [2660/5877] added=2660 updated=0
  [ERROR] https://mitvergnuegen.com/api/v1/tips/207977/: HTTP Error 404: Not Found
  [2670/5877] added=2670 updated=0
  [2680/5877] added=2680 updated=0
  [ERROR] https://mitvergnuegen.com/api/v1/tips/208332/: HTTP Error 404: Not Found
  [ERROR] https://mitvergnuegen.com/api/v1/tips/208524/: HTTP Error 404: Not Found
  [ERROR] https://mitvergnuegen.com/api/v1/tips/209044/: HTTP Error 404: Not Found
  [ERROR] https://mitvergnuegen.com/api/v1/tips/209404/: HTTP Error 404: Not Found
  [ERROR] https://mitvergnuegen.com/api/v1/tips/209449/: HTTP Error 404: Not Found
  [ERROR] https://mitvergnuegen.com/api/v1/tips/209477/: HTTP Error 404: Not Found
  [2690/5877] added=2690 updated=0
  [ERROR] https://mitvergnuegen.com/api/v1/tips/209607/: HTTP Error 404: Not Found
  [ERROR] https://mitvergnuegen.com/api/v1/tips/209735/: HTTP Error 404: Not Found
  [ERROR] https://mitvergnuegen.com/api/v1/tips/209784/: HTTP Error 404: Not Found
  [ERROR] https://mitvergnuegen.com/api/v1/tips/209787/: HTTP Error 404: Not Found
  [ERROR] https://mitvergnuegen.com/api/v1/tips/209795/: HTTP Error 404: Not Found
  [ERROR] https://mitvergnuegen.com/api/v1/tips/209871/: HTTP Error 404: Not Found
  [ERROR] https://mitvergnuegen.com/api/v1/tips/209877/: HTTP Error 404: Not Found
  [ERROR] https://mitvergnuegen.com/api/v1/tips/209885/: HTTP Error 404: Not Found
  [ERROR] https://mitvergnuegen.com/api/v1/tips/209893/: HTTP Error 404: Not Found
  [ERROR] https://mitvergnuegen.com/api/v1/tips/210288/: HTTP Error 404: Not Found
  [ERROR] https://mitvergnuegen.com/api/v1/tips/210602/: HTTP Error 404: Not Found
  [2700/5877] added=2700 updated=0
  [ERROR] https://mitvergnuegen.com/api/v1/tips/211034/: HTTP Error 404: Not Found
  [2710/5877] added=2710 updated=0
  [ERROR] https://mitvergnuegen.com/api/v1/tips/211691/: HTTP Error 404: Not Found
  [ERROR] https://mitvergnuegen.com/api/v1/tips/211963/: HTTP Error 404: Not Found
  [2720/5877] added=2720 updated=0
  [2730/5877] added=2730 updated=0
  [2740/5877] added=2740 updated=0
  [ERROR] https://mitvergnuegen.com/api/v1/tips/212488/: HTTP Error 404: Not Found
  [ERROR] https://mitvergnuegen.com/api/v1/tips/212493/: HTTP Error 404: Not Found
  [2750/5877] added=2750 updated=0
  [ERROR] https://mitvergnuegen.com/api/v1/tips/213377/: HTTP Error 404: Not Found
  [ERROR] https://mitvergnuegen.com/api/v1/tips/213419/: HTTP Error 404: Not Found
  [ERROR] https://mitvergnuegen.com/api/v1/tips/213838/: HTTP Error 404: Not Found
  [ERROR] https://mitvergnuegen.com/api/v1/tips/213916/: HTTP Error 404: Not Found
  [ERROR] https://mitvergnuegen.com/api/v1/tips/213952/: HTTP Error 404: Not Found
  [ERROR] https://mitvergnuegen.com/api/v1/tips/214092/: HTTP Error 404: Not Found
  [ERROR] https://mitvergnuegen.com/api/v1/tips/214107/: HTTP Error 404: Not Found
  [2760/5877] added=2760 updated=0
  [ERROR] https://mitvergnuegen.com/api/v1/tips/216002/: HTTP Error 404: Not Found
  [ERROR] https://mitvergnuegen.com/api/v1/tips/216076/: HTTP Error 404: Not Found
  [2770/5877] added=2770 updated=0
  [2780/5877] added=2780 updated=0
  [ERROR] https://mitvergnuegen.com/api/v1/tips/216239/: HTTP Error 404: Not Found
  [ERROR] https://mitvergnuegen.com/api/v1/tips/216844/: HTTP Error 404: Not Found
  [2790/5877] added=2790 updated=0
  [ERROR] https://mitvergnuegen.com/api/v1/tips/216987/: HTTP Error 404: Not Found
  [ERROR] https://mitvergnuegen.com/api/v1/tips/217052/: HTTP Error 404: Not Found
  [ERROR] https://mitvergnuegen.com/api/v1/tips/217240/: HTTP Error 404: Not Found
  [2800/5877] added=2800 updated=0
  [ERROR] https://mitvergnuegen.com/api/v1/tips/219199/: HTTP Error 404: Not Found
  [2810/5877] added=2810 updated=0
  [ERROR] https://mitvergnuegen.com/api/v1/tips/219835/: HTTP Error 404: Not Found
  [2820/5877] added=2820 updated=0
  [2830/5877] added=2830 updated=0
  [ERROR] https://mitvergnuegen.com/api/v1/tips/221856/: HTTP Error 404: Not Found
  [ERROR] https://mitvergnuegen.com/api/v1/tips/221906/: HTTP Error 404: Not Found
  [ERROR] https://mitvergnuegen.com/api/v1/tips/222820/: HTTP Error 404: Not Found
  [2840/5877] added=2840 updated=0
  [ERROR] https://mitvergnuegen.com/api/v1/tips/223569/: HTTP Error 404: Not Found
  [ERROR] https://mitvergnuegen.com/api/v1/tips/223702/: HTTP Error 404: Not Found
  [ERROR] https://mitvergnuegen.com/api/v1/tips/223734/: HTTP Error 404: Not Found
  [ERROR] https://mitvergnuegen.com/api/v1/tips/224093/: HTTP Error 404: Not Found
  [2850/5877] added=2850 updated=0
  [2860/5877] added=2860 updated=0
  [ERROR] https://mitvergnuegen.com/api/v1/tips/226037/: HTTP Error 404: Not Found
  [ERROR] https://mitvergnuegen.com/api/v1/tips/226041/: HTTP Error 404: Not Found
  [ERROR] https://mitvergnuegen.com/api/v1/tips/226050/: HTTP Error 404: Not Found
  [ERROR] https://mitvergnuegen.com/api/v1/tips/226055/: HTTP Error 404: Not Found
  [ERROR] https://mitvergnuegen.com/api/v1/tips/226058/: HTTP Error 404: Not Found
  [ERROR] https://mitvergnuegen.com/api/v1/tips/226062/: HTTP Error 404: Not Found
  [2870/5877] added=2870 updated=0
  [2880/5877] added=2880 updated=0
  [ERROR] https://mitvergnuegen.com/api/v1/tips/226728/: HTTP Error 404: Not Found
  [ERROR] https://mitvergnuegen.com/api/v1/tips/226949/: HTTP Error 404: Not Found
  [ERROR] https://mitvergnuegen.com/api/v1/tips/227229/: HTTP Error 404: Not Found
  [ERROR] https://mitvergnuegen.com/api/v1/tips/228135/: HTTP Error 404: Not Found
  [2890/5877] added=2890 updated=0
  [ERROR] https://mitvergnuegen.com/api/v1/tips/228507/: HTTP Error 404: Not Found
  [2900/5877] added=2900 updated=0
  [ERROR] https://mitvergnuegen.com/api/v1/tips/230464/: HTTP Error 404: Not Found
  [ERROR] https://mitvergnuegen.com/api/v1/tips/230716/: HTTP Error 404: Not Found
  [ERROR] https://mitvergnuegen.com/api/v1/tips/230731/: HTTP Error 404: Not Found
  [2910/5877] added=2910 updated=0
  [ERROR] https://mitvergnuegen.com/api/v1/tips/231189/: HTTP Error 404: Not Found
  [ERROR] https://mitvergnuegen.com/api/v1/tips/231683/: HTTP Error 404: Not Found
  [ERROR] https://mitvergnuegen.com/api/v1/tips/233856/: HTTP Error 404: Not Found
  [2920/5877] added=2920 updated=0
  [ERROR] https://mitvergnuegen.com/api/v1/tips/239381/: HTTP Error 404: Not Found
  [2930/5877] added=2930 updated=0
  [2940/5877] added=2940 updated=0
  [ERROR] https://mitvergnuegen.com/api/v1/tips/240980/: HTTP Error 404: Not Found
  [ERROR] https://mitvergnuegen.com/api/v1/tips/240987/: HTTP Error 404: Not Found
  [ERROR] https://mitvergnuegen.com/api/v1/tips/242005/: HTTP Error 404: Not Found
  [2950/5877] added=2950 updated=0
  [2960/5877] added=2960 updated=0
  [ERROR] https://mitvergnuegen.com/api/v1/tips/243458/: HTTP Error 404: Not Found
  [ERROR] https://mitvergnuegen.com/api/v1/tips/243480/: HTTP Error 404: Not Found
  [ERROR] https://mitvergnuegen.com/api/v1/tips/243490/: HTTP Error 404: Not Found
  [ERROR] https://mitvergnuegen.com/api/v1/tips/243493/: HTTP Error 404: Not Found
  [ERROR] https://mitvergnuegen.com/api/v1/tips/244260/: HTTP Error 404: Not Found
  [ERROR] https://mitvergnuegen.com/api/v1/tips/244263/: HTTP Error 404: Not Found
  [2970/5877] added=2970 updated=0
  [ERROR] https://mitvergnuegen.com/api/v1/tips/245432/: HTTP Error 404: Not Found
  [2980/5877] added=2980 updated=0
  [2990/5877] added=2990 updated=0
  [3000/5877] added=3000 updated=0
  [3010/5877] added=3010 updated=0
  [ERROR] https://mitvergnuegen.com/api/v1/tips/247628/: HTTP Error 404: Not Found
  [3020/5877] added=3020 updated=0
  [ERROR] https://mitvergnuegen.com/api/v1/tips/247781/: HTTP Error 404: Not Found
  [3030/5877] added=3030 updated=0
  [ERROR] https://mitvergnuegen.com/api/v1/tips/250883/: HTTP Error 404: Not Found
  [3040/5877] added=3040 updated=0
  [ERROR] https://mitvergnuegen.com/api/v1/tips/251628/: HTTP Error 404: Not Found
  [ERROR] https://mitvergnuegen.com/api/v1/tips/251630/: HTTP Error 404: Not Found
  [ERROR] https://mitvergnuegen.com/api/v1/tips/251632/: HTTP Error 404: Not Found
  [3050/5877] added=3050 updated=0
  [ERROR] https://mitvergnuegen.com/api/v1/tips/252297/: HTTP Error 404: Not Found
  [ERROR] https://mitvergnuegen.com/api/v1/tips/252604/: HTTP Error 404: Not Found
  [ERROR] https://mitvergnuegen.com/api/v1/tips/252608/: HTTP Error 404: Not Found
  [3060/5877] added=3060 updated=0
  [ERROR] https://mitvergnuegen.com/api/v1/tips/254251/: HTTP Error 404: Not Found
  [ERROR] https://mitvergnuegen.com/api/v1/tips/254799/: HTTP Error 404: Not Found
  [3070/5877] added=3070 updated=0
  [ERROR] https://mitvergnuegen.com/api/v1/tips/255906/: HTTP Error 404: Not Found
  [ERROR] https://mitvergnuegen.com/api/v1/tips/255909/: HTTP Error 404: Not Found
  [ERROR] https://mitvergnuegen.com/api/v1/tips/255911/: HTTP Error 404: Not Found
  [ERROR] https://mitvergnuegen.com/api/v1/tips/255913/: HTTP Error 404: Not Found
  [ERROR] https://mitvergnuegen.com/api/v1/tips/255915/: HTTP Error 404: Not Found
  [ERROR] https://mitvergnuegen.com/api/v1/tips/255918/: HTTP Error 404: Not Found
  [ERROR] https://mitvergnuegen.com/api/v1/tips/255924/: HTTP Error 404: Not Found
  [ERROR] https://mitvergnuegen.com/api/v1/tips/255941/: HTTP Error 404: Not Found
  [ERROR] https://mitvergnuegen.com/api/v1/tips/255957/: HTTP Error 404: Not Found
  [ERROR] https://mitvergnuegen.com/api/v1/tips/255960/: HTTP Error 404: Not Found
  [ERROR] https://mitvergnuegen.com/api/v1/tips/256262/: HTTP Error 404: Not Found
  [ERROR] https://mitvergnuegen.com/api/v1/tips/256525/: HTTP Error 404: Not Found
  [ERROR] https://mitvergnuegen.com/api/v1/tips/256526/: HTTP Error 404: Not Found
  [ERROR] https://mitvergnuegen.com/api/v1/tips/256527/: HTTP Error 404: Not Found
  [ERROR] https://mitvergnuegen.com/api/v1/tips/256529/: HTTP Error 404: Not Found
  [ERROR] https://mitvergnuegen.com/api/v1/tips/256533/: HTTP Error 404: Not Found
  [ERROR] https://mitvergnuegen.com/api/v1/tips/256535/: HTTP Error 404: Not Found
  [ERROR] https://mitvergnuegen.com/api/v1/tips/256537/: HTTP Error 404: Not Found
  [ERROR] https://mitvergnuegen.com/api/v1/tips/256538/: HTTP Error 404: Not Found
  [ERROR] https://mitvergnuegen.com/api/v1/tips/256542/: HTTP Error 404: Not Found
  [ERROR] https://mitvergnuegen.com/api/v1/tips/256543/: HTTP Error 404: Not Found
  [ERROR] https://mitvergnuegen.com/api/v1/tips/256544/: HTTP Error 404: Not Found
  [ERROR] https://mitvergnuegen.com/api/v1/tips/257063/: HTTP Error 404: Not Found
  [3080/5877] added=3080 updated=0
  [3090/5877] added=3090 updated=0
  [3100/5877] added=3100 updated=0
  [3110/5877] added=3110 updated=0
  [ERROR] https://mitvergnuegen.com/api/v1/tips/258097/: HTTP Error 404: Not Found
  [ERROR] https://mitvergnuegen.com/api/v1/tips/258121/: HTTP Error 404: Not Found
  [3120/5877] added=3120 updated=0
  [3130/5877] added=3130 updated=0
  [ERROR] https://mitvergnuegen.com/api/v1/tips/259822/: HTTP Error 404: Not Found
  [3140/5877] added=3140 updated=0
  [ERROR] https://mitvergnuegen.com/api/v1/tips/261191/: HTTP Error 404: Not Found
  [3150/5877] added=3150 updated=0
  [3160/5877] added=3160 updated=0
  [3170/5877] added=3170 updated=0
  [ERROR] https://mitvergnuegen.com/api/v1/tips/262963/: HTTP Error 404: Not Found
  [ERROR] https://mitvergnuegen.com/api/v1/tips/263308/: HTTP Error 404: Not Found
  [3180/5877] added=3180 updated=0
  [ERROR] https://mitvergnuegen.com/api/v1/tips/264137/: HTTP Error 404: Not Found
  [3190/5877] added=3190 updated=0
  [3200/5877] added=3200 updated=0
  [ERROR] https://mitvergnuegen.com/api/v1/tips/266827/: HTTP Error 404: Not Found
  [ERROR] https://mitvergnuegen.com/api/v1/tips/266830/: HTTP Error 404: Not Found
  [ERROR] https://mitvergnuegen.com/api/v1/tips/266944/: HTTP Error 404: Not Found
  [3210/5877] added=3210 updated=0
  [ERROR] https://mitvergnuegen.com/api/v1/tips/267348/: HTTP Error 404: Not Found
  [3220/5877] added=3220 updated=0
  [3230/5877] added=3230 updated=0
  [ERROR] https://mitvergnuegen.com/api/v1/tips/268422/: HTTP Error 404: Not Found
  [ERROR] https://mitvergnuegen.com/api/v1/tips/268527/: HTTP Error 404: Not Found
  [ERROR] https://mitvergnuegen.com/api/v1/tips/268587/: HTTP Error 404: Not Found
  [ERROR] https://mitvergnuegen.com/api/v1/tips/268846/: HTTP Error 404: Not Found
  [ERROR] https://mitvergnuegen.com/api/v1/tips/269399/: HTTP Error 404: Not Found
  [3240/5877] added=3240 updated=0
  [ERROR] https://mitvergnuegen.com/api/v1/tips/270110/: HTTP Error 404: Not Found
  [3250/5877] added=3250 updated=0
  [ERROR] https://mitvergnuegen.com/api/v1/tips/271585/: HTTP Error 404: Not Found
  [3260/5877] added=3260 updated=0
  [3270/5877] added=3270 updated=0
  [3280/5877] added=3280 updated=0
  [3290/5877] added=3290 updated=0
  [ERROR] https://mitvergnuegen.com/api/v1/tips/274259/: HTTP Error 404: Not Found
  [3300/5877] added=3300 updated=0
  [3310/5877] added=3310 updated=0
  [ERROR] https://mitvergnuegen.com/api/v1/tips/275525/: HTTP Error 404: Not Found
  [3320/5877] added=3320 updated=0
  [ERROR] https://mitvergnuegen.com/api/v1/tips/275930/: HTTP Error 404: Not Found
  [3330/5877] added=3330 updated=0
  [3340/5877] added=3340 updated=0
  [ERROR] https://mitvergnuegen.com/api/v1/tips/277301/: HTTP Error 404: Not Found
  [3350/5877] added=3350 updated=0
  [ERROR] https://mitvergnuegen.com/api/v1/tips/277308/: HTTP Error 404: Not Found
  [3360/5877] added=3360 updated=0
  [3370/5877] added=3370 updated=0
  [3380/5877] added=3380 updated=0
  [ERROR] https://mitvergnuegen.com/api/v1/tips/278892/: HTTP Error 404: Not Found
  [ERROR] https://mitvergnuegen.com/api/v1/tips/279341/: HTTP Error 404: Not Found
  [ERROR] https://mitvergnuegen.com/api/v1/tips/279437/: HTTP Error 404: Not Found
  [3390/5877] added=3390 updated=0
  [ERROR] https://mitvergnuegen.com/api/v1/tips/279555/: HTTP Error 404: Not Found
  [ERROR] https://mitvergnuegen.com/api/v1/tips/279930/: HTTP Error 404: Not Found
  [3400/5877] added=3400 updated=0
  [ERROR] https://mitvergnuegen.com/api/v1/tips/280441/: HTTP Error 404: Not Found
  [ERROR] https://mitvergnuegen.com/api/v1/tips/280549/: HTTP Error 404: Not Found
  [3410/5877] added=3410 updated=0
  [ERROR] https://mitvergnuegen.com/api/v1/tips/281845/: HTTP Error 404: Not Found
  [3420/5877] added=3420 updated=0
  [ERROR] https://mitvergnuegen.com/api/v1/tips/282289/: HTTP Error 404: Not Found
  [3430/5877] added=3430 updated=0
  [ERROR] https://mitvergnuegen.com/api/v1/tips/283869/: HTTP Error 404: Not Found
  [3440/5877] added=3440 updated=0
  [3450/5877] added=3450 updated=0
  [3460/5877] added=3460 updated=0
  [ERROR] https://mitvergnuegen.com/api/v1/tips/285285/: HTTP Error 404: Not Found
  [3470/5877] added=3470 updated=0
  [3480/5877] added=3480 updated=0
  [3490/5877] added=3490 updated=0
  [ERROR] https://mitvergnuegen.com/api/v1/tips/287446/: HTTP Error 404: Not Found
  [ERROR] https://mitvergnuegen.com/api/v1/tips/287488/: HTTP Error 404: Not Found
  [3500/5877] added=3500 updated=0
  [3510/5877] added=3510 updated=0
  [ERROR] https://mitvergnuegen.com/api/v1/tips/288493/: HTTP Error 404: Not Found
  [ERROR] https://mitvergnuegen.com/api/v1/tips/288703/: HTTP Error 404: Not Found
  [3520/5877] added=3520 updated=0
  [ERROR] https://mitvergnuegen.com/api/v1/tips/289431/: HTTP Error 404: Not Found
  [ERROR] https://mitvergnuegen.com/api/v1/tips/289470/: HTTP Error 404: Not Found
  [3530/5877] added=3530 updated=0
  [ERROR] https://mitvergnuegen.com/api/v1/tips/290058/: HTTP Error 404: Not Found
  [3540/5877] added=3540 updated=0
  [ERROR] https://mitvergnuegen.com/api/v1/tips/290908/: HTTP Error 404: Not Found
  [3550/5877] added=3550 updated=0
  [3560/5877] added=3560 updated=0
  [ERROR] https://mitvergnuegen.com/api/v1/tips/291563/: HTTP Error 404: Not Found
  [ERROR] https://mitvergnuegen.com/api/v1/tips/291575/: HTTP Error 404: Not Found
  [3570/5877] added=3570 updated=0
  [3580/5877] added=3580 updated=0
  [3590/5877] added=3590 updated=0
  [ERROR] https://mitvergnuegen.com/api/v1/tips/294099/: HTTP Error 404: Not Found
  [3600/5877] added=3600 updated=0
  [3610/5877] added=3610 updated=0
  [3620/5877] added=3620 updated=0
  [ERROR] https://mitvergnuegen.com/api/v1/tips/296608/: HTTP Error 404: Not Found
  [3630/5877] added=3630 updated=0
  [ERROR] https://mitvergnuegen.com/api/v1/tips/298388/: HTTP Error 404: Not Found
  [ERROR] https://mitvergnuegen.com/api/v1/tips/298647/: HTTP Error 404: Not Found
  [3640/5877] added=3640 updated=0
  [ERROR] https://mitvergnuegen.com/api/v1/tips/298696/: HTTP Error 404: Not Found
  [ERROR] https://mitvergnuegen.com/api/v1/tips/299296/: HTTP Error 404: Not Found
  [ERROR] https://mitvergnuegen.com/api/v1/tips/299674/: HTTP Error 404: Not Found
  [ERROR] https://mitvergnuegen.com/api/v1/tips/299891/: HTTP Error 404: Not Found
  [ERROR] https://mitvergnuegen.com/api/v1/tips/300210/: HTTP Error 404: Not Found
  [3650/5877] added=3650 updated=0
  [ERROR] https://mitvergnuegen.com/api/v1/tips/300563/: HTTP Error 404: Not Found
  [ERROR] https://mitvergnuegen.com/api/v1/tips/300752/: HTTP Error 404: Not Found
  [3660/5877] added=3660 updated=0
  [ERROR] https://mitvergnuegen.com/api/v1/tips/302179/: HTTP Error 404: Not Found
  [ERROR] https://mitvergnuegen.com/api/v1/tips/302639/: HTTP Error 404: Not Found
  [3670/5877] added=3670 updated=0
  [ERROR] https://mitvergnuegen.com/api/v1/tips/302677/: HTTP Error 404: Not Found
  [ERROR] https://mitvergnuegen.com/api/v1/tips/302739/: HTTP Error 404: Not Found
  [ERROR] https://mitvergnuegen.com/api/v1/tips/303376/: HTTP Error 404: Not Found
  [3680/5877] added=3680 updated=0
  [3690/5877] added=3690 updated=0
  [3700/5877] added=3700 updated=0
  [ERROR] https://mitvergnuegen.com/api/v1/tips/306600/: HTTP Error 404: Not Found
  [ERROR] https://mitvergnuegen.com/api/v1/tips/306739/: HTTP Error 404: Not Found
  [3710/5877] added=3710 updated=0
  [3720/5877] added=3720 updated=0
  [ERROR] https://mitvergnuegen.com/api/v1/tips/308220/: HTTP Error 404: Not Found
  [3730/5877] added=3730 updated=0
  [ERROR] https://mitvergnuegen.com/api/v1/tips/308806/: HTTP Error 404: Not Found
  [ERROR] https://mitvergnuegen.com/api/v1/tips/309305/: HTTP Error 404: Not Found
  [3740/5877] added=3740 updated=0
  [ERROR] https://mitvergnuegen.com/api/v1/tips/309384/: HTTP Error 404: Not Found
  [ERROR] https://mitvergnuegen.com/api/v1/tips/309478/: HTTP Error 404: Not Found
  [ERROR] https://mitvergnuegen.com/api/v1/tips/309922/: HTTP Error 404: Not Found
  [3750/5877] added=3750 updated=0
  [ERROR] https://mitvergnuegen.com/api/v1/tips/312151/: HTTP Error 404: Not Found
  [3760/5877] added=3760 updated=0
  [3770/5877] added=3770 updated=0
  [ERROR] https://mitvergnuegen.com/api/v1/tips/314221/: HTTP Error 404: Not Found
  [3780/5877] added=3780 updated=0
  [3790/5877] added=3790 updated=0
  [3800/5877] added=3800 updated=0
  [3810/5877] added=3810 updated=0
  [ERROR] https://mitvergnuegen.com/api/v1/tips/317243/: HTTP Error 404: Not Found
  [ERROR] https://mitvergnuegen.com/api/v1/tips/317264/: HTTP Error 404: Not Found
  [3820/5877] added=3820 updated=0
  [3830/5877] added=3830 updated=0
  [ERROR] https://mitvergnuegen.com/api/v1/tips/318313/: HTTP Error 404: Not Found
  [ERROR] https://mitvergnuegen.com/api/v1/tips/318322/: HTTP Error 404: Not Found
  [ERROR] https://mitvergnuegen.com/api/v1/tips/318347/: HTTP Error 404: Not Found
  [ERROR] https://mitvergnuegen.com/api/v1/tips/318349/: HTTP Error 404: Not Found
  [ERROR] https://mitvergnuegen.com/api/v1/tips/318399/: HTTP Error 404: Not Found
  [3840/5877] added=3840 updated=0
  [3850/5877] added=3850 updated=0
  [ERROR] https://mitvergnuegen.com/api/v1/tips/319124/: HTTP Error 404: Not Found
  [3860/5877] added=3860 updated=0
  [3870/5877] added=3870 updated=0
  [3880/5877] added=3880 updated=0
  [ERROR] https://mitvergnuegen.com/api/v1/tips/320275/: HTTP Error 404: Not Found
  [ERROR] https://mitvergnuegen.com/api/v1/tips/320480/: HTTP Error 404: Not Found
  [3890/5877] added=3890 updated=0
  [ERROR] https://mitvergnuegen.com/api/v1/tips/320613/: HTTP Error 404: Not Found
  [ERROR] https://mitvergnuegen.com/api/v1/tips/320621/: HTTP Error 404: Not Found
  [ERROR] https://mitvergnuegen.com/api/v1/tips/320634/: HTTP Error 404: Not Found
  [ERROR] https://mitvergnuegen.com/api/v1/tips/320655/: HTTP Error 404: Not Found
  [ERROR] https://mitvergnuegen.com/api/v1/tips/320714/: HTTP Error 404: Not Found
  [ERROR] https://mitvergnuegen.com/api/v1/tips/320722/: HTTP Error 404: Not Found
  [ERROR] https://mitvergnuegen.com/api/v1/tips/320731/: HTTP Error 404: Not Found
  [ERROR] https://mitvergnuegen.com/api/v1/tips/320746/: HTTP Error 404: Not Found
  [ERROR] https://mitvergnuegen.com/api/v1/tips/320760/: HTTP Error 404: Not Found
  [ERROR] https://mitvergnuegen.com/api/v1/tips/321219/: HTTP Error 404: Not Found
  [3900/5877] added=3900 updated=0
  [3910/5877] added=3910 updated=0
  [3920/5877] added=3920 updated=0
  [3930/5877] added=3930 updated=0
  [ERROR] https://mitvergnuegen.com/api/v1/tips/323206/: HTTP Error 404: Not Found
  [3940/5877] added=3940 updated=0
  [ERROR] https://mitvergnuegen.com/api/v1/tips/323666/: HTTP Error 404: Not Found
  [3950/5877] added=3950 updated=0
  [3960/5877] added=3960 updated=0
  [ERROR] https://mitvergnuegen.com/api/v1/tips/324420/: HTTP Error 404: Not Found
  [3970/5877] added=3970 updated=0
  [ERROR] https://mitvergnuegen.com/api/v1/tips/324751/: HTTP Error 404: Not Found
  [ERROR] https://mitvergnuegen.com/api/v1/tips/324808/: HTTP Error 404: Not Found
  [ERROR] https://mitvergnuegen.com/api/v1/tips/324863/: HTTP Error 404: Not Found
  [3980/5877] added=3980 updated=0
  [3990/5877] added=3990 updated=0
  [ERROR] https://mitvergnuegen.com/api/v1/tips/325874/: HTTP Error 404: Not Found
  [4000/5877] added=4000 updated=0
  [4010/5877] added=4010 updated=0
  [4020/5877] added=4020 updated=0
  [4030/5877] added=4030 updated=0
  [4040/5877] added=4040 updated=0
  [4050/5877] added=4050 updated=0
  [ERROR] https://mitvergnuegen.com/api/v1/tips/328231/: HTTP Error 404: Not Found
  [ERROR] https://mitvergnuegen.com/api/v1/tips/328510/: HTTP Error 404: Not Found
  [4060/5877] added=4060 updated=0
  [4070/5877] added=4070 updated=0
  [ERROR] https://mitvergnuegen.com/api/v1/tips/329088/: HTTP Error 404: Not Found
  [4080/5877] added=4080 updated=0
  [4090/5877] added=4090 updated=0
  [4100/5877] added=4100 updated=0
  [ERROR] https://mitvergnuegen.com/api/v1/tips/330364/: HTTP Error 404: Not Found
  [4110/5877] added=4110 updated=0
  [ERROR] https://mitvergnuegen.com/api/v1/tips/330817/: HTTP Error 404: Not Found
  [4120/5877] added=4120 updated=0
  [4130/5877] added=4130 updated=0
  [ERROR] https://mitvergnuegen.com/api/v1/tips/331389/: HTTP Error 404: Not Found
  [4140/5877] added=4140 updated=0
  [4150/5877] added=4150 updated=0
  [ERROR] https://mitvergnuegen.com/api/v1/tips/332215/: HTTP Error 404: Not Found
  [4160/5877] added=4160 updated=0
  [ERROR] https://mitvergnuegen.com/api/v1/tips/332621/: HTTP Error 404: Not Found
  [ERROR] https://mitvergnuegen.com/api/v1/tips/332791/: HTTP Error 404: Not Found
  [4170/5877] added=4170 updated=0
  [ERROR] https://mitvergnuegen.com/api/v1/tips/333112/: HTTP Error 404: Not Found
  [4180/5877] added=4180 updated=0
  [ERROR] https://mitvergnuegen.com/api/v1/tips/333258/: HTTP Error 404: Not Found
  [ERROR] https://mitvergnuegen.com/api/v1/tips/333527/: HTTP Error 404: Not Found
  [ERROR] https://mitvergnuegen.com/api/v1/tips/333582/: HTTP Error 404: Not Found
  [ERROR] https://mitvergnuegen.com/api/v1/tips/333633/: HTTP Error 404: Not Found
  [ERROR] https://mitvergnuegen.com/api/v1/tips/333768/: HTTP Error 404: Not Found
  [4190/5877] added=4190 updated=0
  [ERROR] https://mitvergnuegen.com/api/v1/tips/334012/: HTTP Error 404: Not Found
  [ERROR] https://mitvergnuegen.com/api/v1/tips/334039/: HTTP Error 404: Not Found
  [ERROR] https://mitvergnuegen.com/api/v1/tips/334049/: HTTP Error 404: Not Found
  [ERROR] https://mitvergnuegen.com/api/v1/tips/334099/: HTTP Error 404: Not Found
  [ERROR] https://mitvergnuegen.com/api/v1/tips/334106/: HTTP Error 404: Not Found
  [ERROR] https://mitvergnuegen.com/api/v1/tips/334130/: HTTP Error 404: Not Found
  [ERROR] https://mitvergnuegen.com/api/v1/tips/334195/: HTTP Error 404: Not Found
  [ERROR] https://mitvergnuegen.com/api/v1/tips/334225/: HTTP Error 404: Not Found
  [ERROR] https://mitvergnuegen.com/api/v1/tips/334518/: HTTP Error 404: Not Found
  [ERROR] https://mitvergnuegen.com/api/v1/tips/334524/: HTTP Error 404: Not Found
  [ERROR] https://mitvergnuegen.com/api/v1/tips/334641/: HTTP Error 404: Not Found
  [4200/5877] added=4200 updated=0
  [ERROR] https://mitvergnuegen.com/api/v1/tips/335012/: HTTP Error 404: Not Found
  [ERROR] https://mitvergnuegen.com/api/v1/tips/335027/: HTTP Error 404: Not Found
  [ERROR] https://mitvergnuegen.com/api/v1/tips/335049/: HTTP Error 404: Not Found
  [ERROR] https://mitvergnuegen.com/api/v1/tips/335162/: HTTP Error 404: Not Found
  [ERROR] https://mitvergnuegen.com/api/v1/tips/335183/: HTTP Error 404: Not Found
  [ERROR] https://mitvergnuegen.com/api/v1/tips/335379/: HTTP Error 404: Not Found
  [ERROR] https://mitvergnuegen.com/api/v1/tips/335436/: HTTP Error 404: Not Found
  [ERROR] https://mitvergnuegen.com/api/v1/tips/335445/: HTTP Error 404: Not Found
  [ERROR] https://mitvergnuegen.com/api/v1/tips/335568/: HTTP Error 404: Not Found
  [ERROR] https://mitvergnuegen.com/api/v1/tips/335571/: HTTP Error 404: Not Found
  [ERROR] https://mitvergnuegen.com/api/v1/tips/335625/: HTTP Error 404: Not Found
  [ERROR] https://mitvergnuegen.com/api/v1/tips/335632/: HTTP Error 404: Not Found
  [ERROR] https://mitvergnuegen.com/api/v1/tips/335688/: HTTP Error 404: Not Found
  [ERROR] https://mitvergnuegen.com/api/v1/tips/335756/: HTTP Error 404: Not Found
  [ERROR] https://mitvergnuegen.com/api/v1/tips/335765/: HTTP Error 404: Not Found
  [ERROR] https://mitvergnuegen.com/api/v1/tips/335796/: HTTP Error 404: Not Found
  [4210/5877] added=4210 updated=0

=== HAMBURG: hamburg.mitvergnuegen.com ===
  Category IDs: [11556, 11557, 7]
  Page 1: +100 posts (total 100)
  Page 2: +100 posts (total 200)
  Page 3: +100 posts (total 300)
  Page 4: +100 posts (total 400)
  Page 5: +100 posts (total 500)
  Page 6: +100 posts (total 600)
  Page 7: +100 posts (total 700)
  Page 8: +100 posts (total 800)
  Page 9: +100 posts (total 900)
  Page 10: +100 posts (total 1000)
  Page 11: +100 posts (total 1100)
  Page 12: +100 posts (total 1200)
  Page 13: +100 posts (total 1300)
  Page 14: +100 posts (total 1400)
  Page 15: +63 posts (total 1463)
  [ERROR] https://hamburg.mitvergnuegen.com/wp-json/wp/v2/posts?categories=11556,11557,7&per_page=100&page=16: HTTP Error 400: Bad Request
  Total posts to process: 1463
  [5/1463] 11 tips from post (total unique: 53)
  [10/1463] 11 tips from post (total unique: 99)
  [15/1463] 0 tips from post (total unique: 137)
  [20/1463] 11 tips from post (total unique: 174)
  [25/1463] 11 tips from post (total unique: 216)
  [30/1463] 11 tips from post (total unique: 255)
  [35/1463] 11 tips from post (total unique: 275)
  [40/1463] 11 tips from post (total unique: 300)
  [45/1463] 0 tips from post (total unique: 336)
  [50/1463] 0 tips from post (total unique: 354)
  [55/1463] 11 tips from post (total unique: 393)
  [60/1463] 21 tips from post (total unique: 419)
  [65/1463] 11 tips from post (total unique: 444)
  [70/1463] 16 tips from post (total unique: 480)
  [75/1463] 0 tips from post (total unique: 515)
  [80/1463] 11 tips from post (total unique: 545)
  [85/1463] 10 tips from post (total unique: 583)
  [90/1463] 12 tips from post (total unique: 611)
  [95/1463] 11 tips from post (total unique: 642)
  [100/1463] 11 tips from post (total unique: 673)
  [105/1463] 11 tips from post (total unique: 693)
  [110/1463] 11 tips from post (total unique: 707)
  [115/1463] 11 tips from post (total unique: 731)
  [120/1463] 0 tips from post (total unique: 755)
  [125/1463] 11 tips from post (total unique: 774)
  [130/1463] 0 tips from post (total unique: 792)
  [135/1463] 11 tips from post (total unique: 802)
  [140/1463] 21 tips from post (total unique: 837)
  [145/1463] 7 tips from post (total unique: 859)
  [150/1463] 11 tips from post (total unique: 874)
  [155/1463] 11 tips from post (total unique: 895)
  [160/1463] 11 tips from post (total unique: 914)
  [165/1463] 11 tips from post (total unique: 935)
  [170/1463] 11 tips from post (total unique: 969)
  [175/1463] 21 tips from post (total unique: 989)
  [180/1463] 11 tips from post (total unique: 1020)
  [185/1463] 11 tips from post (total unique: 1043)
  [190/1463] 11 tips from post (total unique: 1061)
  [195/1463] 11 tips from post (total unique: 1078)
  [200/1463] 11 tips from post (total unique: 1092)
  [205/1463] 10 tips from post (total unique: 1115)
  [210/1463] 11 tips from post (total unique: 1129)
  [215/1463] 0 tips from post (total unique: 1141)
  [220/1463] 10 tips from post (total unique: 1159)
  [225/1463] 11 tips from post (total unique: 1170)
  [230/1463] 11 tips from post (total unique: 1189)
  [235/1463] 0 tips from post (total unique: 1194)
  [240/1463] 10 tips from post (total unique: 1204)
  [245/1463] 11 tips from post (total unique: 1217)
  [250/1463] 11 tips from post (total unique: 1240)
  [255/1463] 11 tips from post (total unique: 1243)
  [260/1463] 11 tips from post (total unique: 1257)
  [265/1463] 11 tips from post (total unique: 1265)
  [270/1463] 11 tips from post (total unique: 1292)
  [275/1463] 0 tips from post (total unique: 1303)
  [280/1463] 11 tips from post (total unique: 1316)
  [285/1463] 11 tips from post (total unique: 1328)
  [290/1463] 11 tips from post (total unique: 1345)
  [295/1463] 11 tips from post (total unique: 1357)
  [300/1463] 11 tips from post (total unique: 1372)
  [305/1463] 1 tips from post (total unique: 1381)
  [310/1463] 11 tips from post (total unique: 1389)
  [315/1463] 11 tips from post (total unique: 1399)
  [320/1463] 11 tips from post (total unique: 1418)
  [325/1463] 0 tips from post (total unique: 1428)
  [330/1463] 0 tips from post (total unique: 1444)
  [335/1463] 11 tips from post (total unique: 1458)
  [340/1463] 0 tips from post (total unique: 1466)
  [345/1463] 11 tips from post (total unique: 1483)
  [350/1463] 0 tips from post (total unique: 1497)
  [355/1463] 11 tips from post (total unique: 1516)
  [360/1463] 0 tips from post (total unique: 1522)
  [365/1463] 0 tips from post (total unique: 1534)
  [370/1463] 11 tips from post (total unique: 1574)
  [375/1463] 11 tips from post (total unique: 1588)
  [380/1463] 21 tips from post (total unique: 1598)
  [385/1463] 1 tips from post (total unique: 1619)
  [390/1463] 1 tips from post (total unique: 1639)
  [395/1463] 11 tips from post (total unique: 1657)
  [400/1463] 11 tips from post (total unique: 1673)
  [405/1463] 0 tips from post (total unique: 1685)
  [410/1463] 11 tips from post (total unique: 1691)
  [415/1463] 11 tips from post (total unique: 1709)
  [420/1463] 11 tips from post (total unique: 1717)
  [425/1463] 11 tips from post (total unique: 1725)
  [430/1463] 1 tips from post (total unique: 1738)
  [435/1463] 11 tips from post (total unique: 1751)
  [440/1463] 11 tips from post (total unique: 1763)
  [445/1463] 11 tips from post (total unique: 1784)
  [450/1463] 0 tips from post (total unique: 1793)
  [455/1463] 11 tips from post (total unique: 1813)
  [460/1463] 11 tips from post (total unique: 1842)
  [465/1463] 1 tips from post (total unique: 1849)
  [470/1463] 0 tips from post (total unique: 1855)
  [475/1463] 1 tips from post (total unique: 1856)
  [480/1463] 11 tips from post (total unique: 1863)
  [485/1463] 1 tips from post (total unique: 1867)
  [490/1463] 1 tips from post (total unique: 1870)
  [495/1463] 1 tips from post (total unique: 1878)
  [500/1463] 11 tips from post (total unique: 1883)
  [505/1463] 11 tips from post (total unique: 1890)
  [510/1463] 1 tips from post (total unique: 1898)
  [515/1463] 11 tips from post (total unique: 1912)
  [520/1463] 0 tips from post (total unique: 1914)
  [525/1463] 0 tips from post (total unique: 1918)
  [530/1463] 11 tips from post (total unique: 1926)
  [535/1463] 0 tips from post (total unique: 1929)
  [540/1463] 5 tips from post (total unique: 1938)
  [545/1463] 1 tips from post (total unique: 1944)
  [550/1463] 0 tips from post (total unique: 1946)
  [555/1463] 10 tips from post (total unique: 1953)
  [560/1463] 1 tips from post (total unique: 1958)
  [565/1463] 1 tips from post (total unique: 1968)
  [570/1463] 11 tips from post (total unique: 1979)
  [575/1463] 1 tips from post (total unique: 1984)
  [580/1463] 0 tips from post (total unique: 2002)
  [585/1463] 1 tips from post (total unique: 2004)
  [590/1463] 0 tips from post (total unique: 2010)
  [595/1463] 1 tips from post (total unique: 2021)
  [600/1463] 11 tips from post (total unique: 2032)
  [605/1463] 1 tips from post (total unique: 2046)
  [610/1463] 1 tips from post (total unique: 2050)
  [615/1463] 0 tips from post (total unique: 2056)
  [620/1463] 0 tips from post (total unique: 2060)
  [625/1463] 11 tips from post (total unique: 2065)
  [630/1463] 1 tips from post (total unique: 2068)
  [635/1463] 0 tips from post (total unique: 2077)
  [640/1463] 0 tips from post (total unique: 2080)
  [645/1463] 1 tips from post (total unique: 2083)
  [650/1463] 1 tips from post (total unique: 2098)
  [655/1463] 0 tips from post (total unique: 2098)
  [660/1463] 0 tips from post (total unique: 2102)
  [665/1463] 0 tips from post (total unique: 2103)
  [670/1463] 11 tips from post (total unique: 2106)
  [675/1463] 0 tips from post (total unique: 2110)
  [680/1463] 1 tips from post (total unique: 2113)
  [685/1463] 0 tips from post (total unique: 2128)
  [690/1463] 1 tips from post (total unique: 2134)
  [695/1463] 0 tips from post (total unique: 2136)
  [700/1463] 0 tips from post (total unique: 2140)
  [705/1463] 0 tips from post (total unique: 2151)
  [710/1463] 11 tips from post (total unique: 2163)
  [715/1463] 11 tips from post (total unique: 2175)
  [720/1463] 0 tips from post (total unique: 2187)
  [725/1463] 1 tips from post (total unique: 2196)
  [730/1463] 11 tips from post (total unique: 2209)
  [735/1463] 11 tips from post (total unique: 2211)
  [740/1463] 11 tips from post (total unique: 2215)
  [745/1463] 11 tips from post (total unique: 2221)
  [750/1463] 1 tips from post (total unique: 2228)
  [755/1463] 1 tips from post (total unique: 2231)
  [760/1463] 1 tips from post (total unique: 2235)
  [765/1463] 1 tips from post (total unique: 2241)
  [770/1463] 12 tips from post (total unique: 2247)
  [775/1463] 11 tips from post (total unique: 2258)
  [780/1463] 11 tips from post (total unique: 2263)
  [785/1463] 21 tips from post (total unique: 2269)
  [790/1463] 1 tips from post (total unique: 2282)
  [795/1463] 11 tips from post (total unique: 2284)
  [800/1463] 11 tips from post (total unique: 2288)
  [805/1463] 0 tips from post (total unique: 2297)
  [810/1463] 0 tips from post (total unique: 2298)
  [815/1463] 0 tips from post (total unique: 2300)
  [820/1463] 11 tips from post (total unique: 2312)
  [825/1463] 11 tips from post (total unique: 2324)
  [830/1463] 1 tips from post (total unique: 2328)
  [835/1463] 0 tips from post (total unique: 2330)
  [840/1463] 11 tips from post (total unique: 2332)
  [845/1463] 11 tips from post (total unique: 2339)
  [850/1463] 11 tips from post (total unique: 2348)
  [855/1463] 11 tips from post (total unique: 2352)
  [860/1463] 11 tips from post (total unique: 2354)
  [865/1463] 0 tips from post (total unique: 2357)
  [870/1463] 11 tips from post (total unique: 2364)
  [875/1463] 0 tips from post (total unique: 2373)
  [880/1463] 11 tips from post (total unique: 2376)
  [885/1463] 11 tips from post (total unique: 2386)
  [890/1463] 0 tips from post (total unique: 2395)
  [895/1463] 1 tips from post (total unique: 2396)
  [900/1463] 0 tips from post (total unique: 2403)
  [905/1463] 1 tips from post (total unique: 2413)
  [910/1463] 1 tips from post (total unique: 2418)
  [915/1463] 1 tips from post (total unique: 2419)
  [920/1463] 1 tips from post (total unique: 2429)
  [925/1463] 11 tips from post (total unique: 2433)
  [930/1463] 0 tips from post (total unique: 2436)
  [935/1463] 0 tips from post (total unique: 2436)
  [940/1463] 0 tips from post (total unique: 2436)
  [945/1463] 0 tips from post (total unique: 2437)
  [950/1463] 0 tips from post (total unique: 2440)
  [955/1463] 11 tips from post (total unique: 2444)
  [960/1463] 11 tips from post (total unique: 2452)
  [965/1463] 0 tips from post (total unique: 2456)
  [970/1463] 11 tips from post (total unique: 2464)
  [975/1463] 1 tips from post (total unique: 2478)
  [980/1463] 0 tips from post (total unique: 2492)
  [985/1463] 0 tips from post (total unique: 2493)
  [990/1463] 0 tips from post (total unique: 2502)
  [995/1463] 11 tips from post (total unique: 2507)
  [1000/1463] 1 tips from post (total unique: 2515)
  [1005/1463] 0 tips from post (total unique: 2520)
  [1010/1463] 1 tips from post (total unique: 2526)
  [1015/1463] 0 tips from post (total unique: 2530)
  [1020/1463] 1 tips from post (total unique: 2544)
  [1025/1463] 11 tips from post (total unique: 2549)
  [1030/1463] 11 tips from post (total unique: 2551)
  [1035/1463] 11 tips from post (total unique: 2568)
  [1040/1463] 11 tips from post (total unique: 2585)
  [1045/1463] 0 tips from post (total unique: 2589)
  [1050/1463] 11 tips from post (total unique: 2598)
  [1055/1463] 11 tips from post (total unique: 2623)
  [1060/1463] 1 tips from post (total unique: 2632)
  [1065/1463] 1 tips from post (total unique: 2644)
  [1070/1463] 0 tips from post (total unique: 2649)
  [1075/1463] 0 tips from post (total unique: 2652)
  [1080/1463] 0 tips from post (total unique: 2668)
  [1085/1463] 1 tips from post (total unique: 2672)
  [1090/1463] 7 tips from post (total unique: 2690)
  [1095/1463] 1 tips from post (total unique: 2692)
  [1100/1463] 0 tips from post (total unique: 2701)
  [1105/1463] 1 tips from post (total unique: 2712)
  [1110/1463] 11 tips from post (total unique: 2730)
  [1115/1463] 1 tips from post (total unique: 2738)
  [1120/1463] 11 tips from post (total unique: 2755)
  [1125/1463] 11 tips from post (total unique: 2778)
  [1130/1463] 11 tips from post (total unique: 2787)
  [1135/1463] 11 tips from post (total unique: 2803)
  [1140/1463] 8 tips from post (total unique: 2812)
  [1145/1463] 0 tips from post (total unique: 2822)
  [1150/1463] 11 tips from post (total unique: 2839)
  [1155/1463] 0 tips from post (total unique: 2842)
  [1160/1463] 7 tips from post (total unique: 2872)
  [1165/1463] 0 tips from post (total unique: 2875)
  [1170/1463] 1 tips from post (total unique: 2880)
  [1175/1463] 1 tips from post (total unique: 2890)
  [1180/1463] 0 tips from post (total unique: 2896)
  [1185/1463] 1 tips from post (total unique: 2907)
  [1190/1463] 0 tips from post (total unique: 2912)
  [1195/1463] 11 tips from post (total unique: 2915)
  [1200/1463] 0 tips from post (total unique: 2916)
  [1205/1463] 0 tips from post (total unique: 2920)
  [1210/1463] 11 tips from post (total unique: 2931)
  [1215/1463] 0 tips from post (total unique: 2931)
  [1220/1463] 11 tips from post (total unique: 2937)
  [1225/1463] 0 tips from post (total unique: 2939)
  [1230/1463] 11 tips from post (total unique: 2944)
  [1235/1463] 1 tips from post (total unique: 2947)
  [1240/1463] 0 tips from post (total unique: 2952)
  [1245/1463] 0 tips from post (total unique: 2957)
  [1250/1463] 0 tips from post (total unique: 2959)
  [1255/1463] 0 tips from post (total unique: 2974)
  [1260/1463] 10 tips from post (total unique: 2976)
  [1265/1463] 1 tips from post (total unique: 2983)
  [1270/1463] 1 tips from post (total unique: 2988)
  [1275/1463] 11 tips from post (total unique: 3001)
  [1280/1463] 0 tips from post (total unique: 3002)
  [1285/1463] 1 tips from post (total unique: 3007)
  [1290/1463] 0 tips from post (total unique: 3013)
  [1295/1463] 1 tips from post (total unique: 3023)
  [1300/1463] 1 tips from post (total unique: 3026)
  [1305/1463] 1 tips from post (total unique: 3031)
  [1310/1463] 0 tips from post (total unique: 3044)
  [1315/1463] 1 tips from post (total unique: 3046)
  [1320/1463] 1 tips from post (total unique: 3053)
  [1325/1463] 1 tips from post (total unique: 3060)
  [1330/1463] 0 tips from post (total unique: 3068)
  [1335/1463] 1 tips from post (total unique: 3072)
  [1340/1463] 0 tips from post (total unique: 3080)
  [1345/1463] 11 tips from post (total unique: 3088)
  [1350/1463] 5 tips from post (total unique: 3102)
  [1355/1463] 1 tips from post (total unique: 3112)
  [1360/1463] 1 tips from post (total unique: 3126)
  [1365/1463] 1 tips from post (total unique: 3128)
  [1370/1463] 0 tips from post (total unique: 3143)
  [1375/1463] 0 tips from post (total unique: 3153)
  [1380/1463] 11 tips from post (total unique: 3161)
  [1385/1463] 0 tips from post (total unique: 3164)
  [1390/1463] 0 tips from post (total unique: 3168)
  [1395/1463] 1 tips from post (total unique: 3174)
  [1400/1463] 10 tips from post (total unique: 3193)
  [1405/1463] 1 tips from post (total unique: 3203)
  [1410/1463] 9 tips from post (total unique: 3221)
  [1415/1463] 0 tips from post (total unique: 3236)
  [1420/1463] 0 tips from post (total unique: 3245)
  [1425/1463] 1 tips from post (total unique: 3254)
  [1430/1463] 1 tips from post (total unique: 3264)
  [1435/1463] 1 tips from post (total unique: 3273)
  [1440/1463] 13 tips from post (total unique: 3286)
  [1445/1463] 0 tips from post (total unique: 3298)
  [1450/1463] 11 tips from post (total unique: 3319)
  [1455/1463] 11 tips from post (total unique: 3331)
  [1460/1463] 0 tips from post (total unique: 3352)
  Total unique tips: 3352
  [ERROR] https://hamburg.mitvergnuegen.com/api/v1/tips/1277/: HTTP Error 404: Not Found
  [ERROR] https://hamburg.mitvergnuegen.com/api/v1/tips/7584/: HTTP Error 404: Not Found
  [ERROR] https://hamburg.mitvergnuegen.com/api/v1/tips/20319/: HTTP Error 404: Not Found
  [ERROR] https://hamburg.mitvergnuegen.com/api/v1/tips/22278/: HTTP Error 404: Not Found
  [10/3352] added=4221 updated=0
  [ERROR] https://hamburg.mitvergnuegen.com/api/v1/tips/22287/: HTTP Error 404: Not Found
  [ERROR] https://hamburg.mitvergnuegen.com/api/v1/tips/22308/: HTTP Error 404: Not Found
  [20/3352] added=4231 updated=0
  [30/3352] added=4241 updated=0
  [ERROR] https://hamburg.mitvergnuegen.com/api/v1/tips/22410/: HTTP Error 404: Not Found
  [40/3352] added=4251 updated=0
  [ERROR] https://hamburg.mitvergnuegen.com/api/v1/tips/22459/: HTTP Error 404: Not Found
  [50/3352] added=4261 updated=0
  [60/3352] added=4271 updated=0
  [70/3352] added=4281 updated=0
  [80/3352] added=4291 updated=0
  [90/3352] added=4301 updated=0
  [100/3352] added=4311 updated=0
  [110/3352] added=4321 updated=0
  [120/3352] added=4331 updated=0
  [ERROR] https://hamburg.mitvergnuegen.com/api/v1/tips/22792/: HTTP Error 404: Not Found
  [130/3352] added=4341 updated=0
  [140/3352] added=4351 updated=0
  [ERROR] https://hamburg.mitvergnuegen.com/api/v1/tips/22876/: HTTP Error 404: Not Found
  [150/3352] added=4361 updated=0
  [160/3352] added=4371 updated=0
  [170/3352] added=4381 updated=0
  [180/3352] added=4391 updated=0
  [190/3352] added=4401 updated=0
  [ERROR] https://hamburg.mitvergnuegen.com/api/v1/tips/23096/: HTTP Error 404: Not Found
  [200/3352] added=4411 updated=0
  [ERROR] https://hamburg.mitvergnuegen.com/api/v1/tips/23213/: HTTP Error 404: Not Found
  [210/3352] added=4421 updated=0
  [ERROR] https://hamburg.mitvergnuegen.com/api/v1/tips/23237/: HTTP Error 404: Not Found
  [220/3352] added=4431 updated=0
  [230/3352] added=4441 updated=0
  [240/3352] added=4451 updated=0
  [250/3352] added=4461 updated=0
  [260/3352] added=4471 updated=0
  [270/3352] added=4481 updated=0
  [280/3352] added=4491 updated=0
  [ERROR] https://hamburg.mitvergnuegen.com/api/v1/tips/24410/: HTTP Error 404: Not Found
  [290/3352] added=4501 updated=0
  [ERROR] https://hamburg.mitvergnuegen.com/api/v1/tips/24472/: HTTP Error 404: Not Found
  [300/3352] added=4511 updated=0
  [ERROR] https://hamburg.mitvergnuegen.com/api/v1/tips/24636/: HTTP Error 404: Not Found
  [ERROR] https://hamburg.mitvergnuegen.com/api/v1/tips/24645/: HTTP Error 404: Not Found
  [ERROR] https://hamburg.mitvergnuegen.com/api/v1/tips/25056/: HTTP Error 404: Not Found
  [310/3352] added=4521 updated=0
  [320/3352] added=4531 updated=0
  [ERROR] https://hamburg.mitvergnuegen.com/api/v1/tips/26041/: HTTP Error 404: Not Found
  [330/3352] added=4541 updated=0
  [340/3352] added=4551 updated=0
  [350/3352] added=4561 updated=0
  [ERROR] https://hamburg.mitvergnuegen.com/api/v1/tips/26950/: HTTP Error 404: Not Found
  [ERROR] https://hamburg.mitvergnuegen.com/api/v1/tips/26952/: HTTP Error 404: Not Found
  [ERROR] https://hamburg.mitvergnuegen.com/api/v1/tips/26955/: HTTP Error 404: Not Found
  [ERROR] https://hamburg.mitvergnuegen.com/api/v1/tips/26959/: HTTP Error 404: Not Found
  [ERROR] https://hamburg.mitvergnuegen.com/api/v1/tips/26962/: HTTP Error 404: Not Found
  [ERROR] https://hamburg.mitvergnuegen.com/api/v1/tips/26965/: HTTP Error 404: Not Found
  [360/3352] added=4571 updated=0
  [ERROR] https://hamburg.mitvergnuegen.com/api/v1/tips/27030/: HTTP Error 404: Not Found
  [ERROR] https://hamburg.mitvergnuegen.com/api/v1/tips/27202/: HTTP Error 404: Not Found
  [370/3352] added=4581 updated=0
  [380/3352] added=4591 updated=0
  [ERROR] https://hamburg.mitvergnuegen.com/api/v1/tips/27497/: HTTP Error 404: Not Found
  [390/3352] added=4601 updated=0
  [400/3352] added=4611 updated=0
  [410/3352] added=4621 updated=0
  [420/3352] added=4631 updated=0
  [430/3352] added=4641 updated=0
  [440/3352] added=4651 updated=0
  [450/3352] added=4661 updated=0
  [ERROR] https://hamburg.mitvergnuegen.com/api/v1/tips/29569/: HTTP Error 404: Not Found
  [ERROR] https://hamburg.mitvergnuegen.com/api/v1/tips/29618/: HTTP Error 404: Not Found
  [460/3352] added=4671 updated=0
  [ERROR] https://hamburg.mitvergnuegen.com/api/v1/tips/29841/: HTTP Error 404: Not Found
  [ERROR] https://hamburg.mitvergnuegen.com/api/v1/tips/30214/: HTTP Error 404: Not Found
  [470/3352] added=4681 updated=0
  [ERROR] https://hamburg.mitvergnuegen.com/api/v1/tips/30576/: HTTP Error 404: Not Found
  [480/3352] added=4691 updated=0
  [490/3352] added=4701 updated=0
  [ERROR] https://hamburg.mitvergnuegen.com/api/v1/tips/30807/: HTTP Error 404: Not Found
  [500/3352] added=4711 updated=0
  [ERROR] https://hamburg.mitvergnuegen.com/api/v1/tips/31400/: HTTP Error 404: Not Found
  [ERROR] https://hamburg.mitvergnuegen.com/api/v1/tips/31417/: HTTP Error 404: Not Found
  [510/3352] added=4721 updated=0
  [520/3352] added=4731 updated=0
  [530/3352] added=4741 updated=0
  [540/3352] added=4751 updated=0
  [550/3352] added=4761 updated=0
  [560/3352] added=4771 updated=0
  [570/3352] added=4781 updated=0
  [ERROR] https://hamburg.mitvergnuegen.com/api/v1/tips/32983/: HTTP Error 404: Not Found
  [ERROR] https://hamburg.mitvergnuegen.com/api/v1/tips/33002/: HTTP Error 404: Not Found
  [580/3352] added=4791 updated=0
  [ERROR] https://hamburg.mitvergnuegen.com/api/v1/tips/33151/: HTTP Error 404: Not Found
  [590/3352] added=4801 updated=0
  [600/3352] added=4811 updated=0
  [610/3352] added=4821 updated=0
  [620/3352] added=4831 updated=0
  [ERROR] https://hamburg.mitvergnuegen.com/api/v1/tips/33991/: HTTP Error 404: Not Found
  [ERROR] https://hamburg.mitvergnuegen.com/api/v1/tips/34295/: HTTP Error 404: Not Found
  [630/3352] added=4841 updated=0
  [640/3352] added=4851 updated=0
  [ERROR] https://hamburg.mitvergnuegen.com/api/v1/tips/34420/: HTTP Error 404: Not Found
  [ERROR] https://hamburg.mitvergnuegen.com/api/v1/tips/34483/: HTTP Error 404: Not Found
  [650/3352] added=4861 updated=0
  [660/3352] added=4871 updated=0
  [ERROR] https://hamburg.mitvergnuegen.com/api/v1/tips/34943/: HTTP Error 404: Not Found
  [670/3352] added=4881 updated=0
  [680/3352] added=4891 updated=0
  [ERROR] https://hamburg.mitvergnuegen.com/api/v1/tips/35325/: HTTP Error 404: Not Found
  [ERROR] https://hamburg.mitvergnuegen.com/api/v1/tips/35584/: HTTP Error 404: Not Found
  [ERROR] https://hamburg.mitvergnuegen.com/api/v1/tips/35609/: HTTP Error 404: Not Found
  [690/3352] added=4901 updated=0
  [700/3352] added=4911 updated=0
  [ERROR] https://hamburg.mitvergnuegen.com/api/v1/tips/36154/: HTTP Error 404: Not Found
  [710/3352] added=4921 updated=0
  [ERROR] https://hamburg.mitvergnuegen.com/api/v1/tips/36435/: HTTP Error 404: Not Found
  [ERROR] https://hamburg.mitvergnuegen.com/api/v1/tips/36701/: HTTP Error 404: Not Found
  [720/3352] added=4931 updated=0
  [ERROR] https://hamburg.mitvergnuegen.com/api/v1/tips/37054/: HTTP Error 404: Not Found
  [730/3352] added=4941 updated=0
  [ERROR] https://hamburg.mitvergnuegen.com/api/v1/tips/37466/: HTTP Error 404: Not Found
  [ERROR] https://hamburg.mitvergnuegen.com/api/v1/tips/37717/: HTTP Error 404: Not Found
  [ERROR] https://hamburg.mitvergnuegen.com/api/v1/tips/37747/: HTTP Error 404: Not Found
  [ERROR] https://hamburg.mitvergnuegen.com/api/v1/tips/37826/: HTTP Error 404: Not Found
  [740/3352] added=4951 updated=0
  [ERROR] https://hamburg.mitvergnuegen.com/api/v1/tips/37966/: HTTP Error 404: Not Found
  [ERROR] https://hamburg.mitvergnuegen.com/api/v1/tips/38076/: HTTP Error 404: Not Found
  [750/3352] added=4961 updated=0
  [ERROR] https://hamburg.mitvergnuegen.com/api/v1/tips/38264/: HTTP Error 404: Not Found
  [760/3352] added=4971 updated=0
  [770/3352] added=4981 updated=0
  [ERROR] https://hamburg.mitvergnuegen.com/api/v1/tips/38750/: HTTP Error 404: Not Found
  [780/3352] added=4991 updated=0
  [ERROR] https://hamburg.mitvergnuegen.com/api/v1/tips/39182/: HTTP Error 404: Not Found
  [ERROR] https://hamburg.mitvergnuegen.com/api/v1/tips/39279/: HTTP Error 404: Not Found
  [790/3352] added=5001 updated=0
  [800/3352] added=5011 updated=0
  [810/3352] added=5021 updated=0
  [820/3352] added=5031 updated=0
  [ERROR] https://hamburg.mitvergnuegen.com/api/v1/tips/40211/: HTTP Error 404: Not Found
  [ERROR] https://hamburg.mitvergnuegen.com/api/v1/tips/40313/: HTTP Error 404: Not Found
  [830/3352] added=5041 updated=0
  [840/3352] added=5051 updated=0
  [ERROR] https://hamburg.mitvergnuegen.com/api/v1/tips/40797/: HTTP Error 404: Not Found
  [850/3352] added=5061 updated=0
  [860/3352] added=5071 updated=0
  [ERROR] https://hamburg.mitvergnuegen.com/api/v1/tips/41213/: HTTP Error 404: Not Found
  [ERROR] https://hamburg.mitvergnuegen.com/api/v1/tips/41324/: HTTP Error 404: Not Found
  [ERROR] https://hamburg.mitvergnuegen.com/api/v1/tips/41418/: HTTP Error 404: Not Found
  [ERROR] https://hamburg.mitvergnuegen.com/api/v1/tips/41422/: HTTP Error 404: Not Found
  [870/3352] added=5081 updated=0
  [ERROR] https://hamburg.mitvergnuegen.com/api/v1/tips/41428/: HTTP Error 404: Not Found
  [880/3352] added=5091 updated=0
  [890/3352] added=5101 updated=0
  [900/3352] added=5111 updated=0
  [ERROR] https://hamburg.mitvergnuegen.com/api/v1/tips/42058/: HTTP Error 404: Not Found
  [910/3352] added=5121 updated=0
  [ERROR] https://hamburg.mitvergnuegen.com/api/v1/tips/42344/: HTTP Error 404: Not Found
  [920/3352] added=5131 updated=0
  [ERROR] https://hamburg.mitvergnuegen.com/api/v1/tips/42432/: HTTP Error 404: Not Found
  [930/3352] added=5141 updated=0
  [ERROR] https://hamburg.mitvergnuegen.com/api/v1/tips/42599/: HTTP Error 404: Not Found
  [940/3352] added=5151 updated=0
  [ERROR] https://hamburg.mitvergnuegen.com/api/v1/tips/42717/: HTTP Error 404: Not Found
  [950/3352] added=5161 updated=0
  [ERROR] https://hamburg.mitvergnuegen.com/api/v1/tips/43006/: HTTP Error 404: Not Found
  [960/3352] added=5171 updated=0
  [ERROR] https://hamburg.mitvergnuegen.com/api/v1/tips/44095/: HTTP Error 404: Not Found
  [970/3352] added=5181 updated=0
  [ERROR] https://hamburg.mitvergnuegen.com/api/v1/tips/44485/: HTTP Error 404: Not Found
  [980/3352] added=5191 updated=0
  [ERROR] https://hamburg.mitvergnuegen.com/api/v1/tips/44662/: HTTP Error 404: Not Found
  [ERROR] https://hamburg.mitvergnuegen.com/api/v1/tips/44928/: HTTP Error 404: Not Found
  [990/3352] added=5201 updated=0
  [ERROR] https://hamburg.mitvergnuegen.com/api/v1/tips/44971/: HTTP Error 404: Not Found
  [ERROR] https://hamburg.mitvergnuegen.com/api/v1/tips/44996/: HTTP Error 404: Not Found
  [ERROR] https://hamburg.mitvergnuegen.com/api/v1/tips/45045/: HTTP Error 404: Not Found
  [ERROR] https://hamburg.mitvergnuegen.com/api/v1/tips/45355/: HTTP Error 404: Not Found
  [1000/3352] added=5211 updated=0
  [ERROR] https://hamburg.mitvergnuegen.com/api/v1/tips/45485/: HTTP Error 404: Not Found
  [1010/3352] added=5221 updated=0
  [1020/3352] added=5231 updated=0
  [ERROR] https://hamburg.mitvergnuegen.com/api/v1/tips/45724/: HTTP Error 404: Not Found
  [ERROR] https://hamburg.mitvergnuegen.com/api/v1/tips/45853/: HTTP Error 404: Not Found
  [1030/3352] added=5241 updated=0
  [ERROR] https://hamburg.mitvergnuegen.com/api/v1/tips/46114/: HTTP Error 404: Not Found
  [1040/3352] added=5251 updated=0
  [1050/3352] added=5261 updated=0
  [ERROR] https://hamburg.mitvergnuegen.com/api/v1/tips/46482/: HTTP Error 404: Not Found
  [1060/3352] added=5271 updated=0
  [ERROR] https://hamburg.mitvergnuegen.com/api/v1/tips/46902/: HTTP Error 404: Not Found
  [1070/3352] added=5281 updated=0
  [ERROR] https://hamburg.mitvergnuegen.com/api/v1/tips/47043/: HTTP Error 404: Not Found
  [ERROR] https://hamburg.mitvergnuegen.com/api/v1/tips/47072/: HTTP Error 404: Not Found
  [ERROR] https://hamburg.mitvergnuegen.com/api/v1/tips/47237/: HTTP Error 404: Not Found
  [1080/3352] added=5291 updated=0
  [ERROR] https://hamburg.mitvergnuegen.com/api/v1/tips/47504/: HTTP Error 404: Not Found
  [ERROR] https://hamburg.mitvergnuegen.com/api/v1/tips/47507/: HTTP Error 404: Not Found
  [ERROR] https://hamburg.mitvergnuegen.com/api/v1/tips/47519/: HTTP Error 404: Not Found
  [ERROR] https://hamburg.mitvergnuegen.com/api/v1/tips/47538/: HTTP Error 404: Not Found
  [ERROR] https://hamburg.mitvergnuegen.com/api/v1/tips/47584/: HTTP Error 404: Not Found
  [ERROR] https://hamburg.mitvergnuegen.com/api/v1/tips/47753/: HTTP Error 404: Not Found
  [ERROR] https://hamburg.mitvergnuegen.com/api/v1/tips/48045/: HTTP Error 404: Not Found
  [1090/3352] added=5301 updated=0
  [1100/3352] added=5311 updated=0
  [ERROR] https://hamburg.mitvergnuegen.com/api/v1/tips/48705/: HTTP Error 404: Not Found
  [ERROR] https://hamburg.mitvergnuegen.com/api/v1/tips/48760/: HTTP Error 404: Not Found
  [ERROR] https://hamburg.mitvergnuegen.com/api/v1/tips/48802/: HTTP Error 404: Not Found
  [ERROR] https://hamburg.mitvergnuegen.com/api/v1/tips/49015/: HTTP Error 404: Not Found
  [ERROR] https://hamburg.mitvergnuegen.com/api/v1/tips/49154/: HTTP Error 404: Not Found
  [ERROR] https://hamburg.mitvergnuegen.com/api/v1/tips/49626/: HTTP Error 404: Not Found
  [1110/3352] added=5321 updated=0
  [1120/3352] added=5331 updated=0
  [ERROR] https://hamburg.mitvergnuegen.com/api/v1/tips/49756/: HTTP Error 404: Not Found
  [ERROR] https://hamburg.mitvergnuegen.com/api/v1/tips/50218/: HTTP Error 404: Not Found
  [1130/3352] added=5341 updated=0
  [ERROR] https://hamburg.mitvergnuegen.com/api/v1/tips/50674/: HTTP Error 404: Not Found
  [ERROR] https://hamburg.mitvergnuegen.com/api/v1/tips/50684/: HTTP Error 404: Not Found
  [1140/3352] added=5351 updated=0
  [ERROR] https://hamburg.mitvergnuegen.com/api/v1/tips/51269/: HTTP Error 404: Not Found
  [ERROR] https://hamburg.mitvergnuegen.com/api/v1/tips/51296/: HTTP Error 404: Not Found
  [ERROR] https://hamburg.mitvergnuegen.com/api/v1/tips/51434/: HTTP Error 404: Not Found
  [1150/3352] added=5361 updated=0
  [1160/3352] added=5371 updated=0
  [1170/3352] added=5381 updated=0
  [ERROR] https://hamburg.mitvergnuegen.com/api/v1/tips/52223/: HTTP Error 404: Not Found
  [ERROR] https://hamburg.mitvergnuegen.com/api/v1/tips/52257/: HTTP Error 404: Not Found
  [1180/3352] added=5391 updated=0
  [ERROR] https://hamburg.mitvergnuegen.com/api/v1/tips/53232/: HTTP Error 404: Not Found
  [1190/3352] added=5401 updated=0
  [ERROR] https://hamburg.mitvergnuegen.com/api/v1/tips/53324/: HTTP Error 404: Not Found
  [ERROR] https://hamburg.mitvergnuegen.com/api/v1/tips/53972/: HTTP Error 404: Not Found
  [ERROR] https://hamburg.mitvergnuegen.com/api/v1/tips/54194/: HTTP Error 404: Not Found
  [1200/3352] added=5411 updated=0
  [ERROR] https://hamburg.mitvergnuegen.com/api/v1/tips/55104/: HTTP Error 404: Not Found
  [ERROR] https://hamburg.mitvergnuegen.com/api/v1/tips/55342/: HTTP Error 404: Not Found
  [1210/3352] added=5421 updated=0
  [ERROR] https://hamburg.mitvergnuegen.com/api/v1/tips/55662/: HTTP Error 404: Not Found
  [ERROR] https://hamburg.mitvergnuegen.com/api/v1/tips/55850/: HTTP Error 404: Not Found
  [1220/3352] added=5431 updated=0
  [ERROR] https://hamburg.mitvergnuegen.com/api/v1/tips/56074/: HTTP Error 404: Not Found
  [1230/3352] added=5441 updated=0
  [ERROR] https://hamburg.mitvergnuegen.com/api/v1/tips/56780/: HTTP Error 404: Not Found
  [ERROR] https://hamburg.mitvergnuegen.com/api/v1/tips/56781/: HTTP Error 404: Not Found
  [1240/3352] added=5451 updated=0
  [ERROR] https://hamburg.mitvergnuegen.com/api/v1/tips/57007/: HTTP Error 404: Not Found
  [1250/3352] added=5461 updated=0
  [ERROR] https://hamburg.mitvergnuegen.com/api/v1/tips/57525/: HTTP Error 404: Not Found
  [ERROR] https://hamburg.mitvergnuegen.com/api/v1/tips/57560/: HTTP Error 404: Not Found
  [1260/3352] added=5471 updated=0
  [ERROR] https://hamburg.mitvergnuegen.com/api/v1/tips/58035/: HTTP Error 404: Not Found
  [1270/3352] added=5481 updated=0
  [ERROR] https://hamburg.mitvergnuegen.com/api/v1/tips/58103/: HTTP Error 404: Not Found
  [ERROR] https://hamburg.mitvergnuegen.com/api/v1/tips/58350/: HTTP Error 404: Not Found
  [1280/3352] added=5491 updated=0
  [1290/3352] added=5501 updated=0
  [ERROR] https://hamburg.mitvergnuegen.com/api/v1/tips/59159/: HTTP Error 404: Not Found
  [1300/3352] added=5511 updated=0
  [1310/3352] added=5521 updated=0
  [ERROR] https://hamburg.mitvergnuegen.com/api/v1/tips/59559/: HTTP Error 404: Not Found
  [1320/3352] added=5531 updated=0
  [1330/3352] added=5541 updated=0
  [1340/3352] added=5551 updated=0
  [1350/3352] added=5561 updated=0
  [ERROR] https://hamburg.mitvergnuegen.com/api/v1/tips/61317/: HTTP Error 404: Not Found
  [ERROR] https://hamburg.mitvergnuegen.com/api/v1/tips/61369/: HTTP Error 404: Not Found
  [ERROR] https://hamburg.mitvergnuegen.com/api/v1/tips/61598/: HTTP Error 404: Not Found
  [ERROR] https://hamburg.mitvergnuegen.com/api/v1/tips/61779/: HTTP Error 404: Not Found
  [ERROR] https://hamburg.mitvergnuegen.com/api/v1/tips/62032/: HTTP Error 404: Not Found
  [ERROR] https://hamburg.mitvergnuegen.com/api/v1/tips/62231/: HTTP Error 404: Not Found
  [1360/3352] added=5571 updated=0
  [1370/3352] added=5581 updated=0
  [1380/3352] added=5591 updated=0
  [ERROR] https://hamburg.mitvergnuegen.com/api/v1/tips/62953/: HTTP Error 404: Not Found
  [ERROR] https://hamburg.mitvergnuegen.com/api/v1/tips/62980/: HTTP Error 404: Not Found
  [ERROR] https://hamburg.mitvergnuegen.com/api/v1/tips/62983/: HTTP Error 404: Not Found
  [ERROR] https://hamburg.mitvergnuegen.com/api/v1/tips/62984/: HTTP Error 404: Not Found
  [ERROR] https://hamburg.mitvergnuegen.com/api/v1/tips/62987/: HTTP Error 404: Not Found
  [ERROR] https://hamburg.mitvergnuegen.com/api/v1/tips/62990/: HTTP Error 404: Not Found
  [ERROR] https://hamburg.mitvergnuegen.com/api/v1/tips/63000/: HTTP Error 404: Not Found
  [ERROR] https://hamburg.mitvergnuegen.com/api/v1/tips/63002/: HTTP Error 404: Not Found
  [ERROR] https://hamburg.mitvergnuegen.com/api/v1/tips/63003/: HTTP Error 404: Not Found
  [ERROR] https://hamburg.mitvergnuegen.com/api/v1/tips/63004/: HTTP Error 404: Not Found
  [ERROR] https://hamburg.mitvergnuegen.com/api/v1/tips/63008/: HTTP Error 404: Not Found
  [ERROR] https://hamburg.mitvergnuegen.com/api/v1/tips/63009/: HTTP Error 404: Not Found
  [ERROR] https://hamburg.mitvergnuegen.com/api/v1/tips/63070/: HTTP Error 404: Not Found
  [ERROR] https://hamburg.mitvergnuegen.com/api/v1/tips/63073/: HTTP Error 404: Not Found
  [ERROR] https://hamburg.mitvergnuegen.com/api/v1/tips/63129/: HTTP Error 404: Not Found
  [ERROR] https://hamburg.mitvergnuegen.com/api/v1/tips/63131/: HTTP Error 404: Not Found
  [ERROR] https://hamburg.mitvergnuegen.com/api/v1/tips/63132/: HTTP Error 404: Not Found
  [ERROR] https://hamburg.mitvergnuegen.com/api/v1/tips/63133/: HTTP Error 404: Not Found
  [ERROR] https://hamburg.mitvergnuegen.com/api/v1/tips/63135/: HTTP Error 404: Not Found
  [ERROR] https://hamburg.mitvergnuegen.com/api/v1/tips/63136/: HTTP Error 404: Not Found
  [ERROR] https://hamburg.mitvergnuegen.com/api/v1/tips/63147/: HTTP Error 404: Not Found
  [ERROR] https://hamburg.mitvergnuegen.com/api/v1/tips/63150/: HTTP Error 404: Not Found
  [ERROR] https://hamburg.mitvergnuegen.com/api/v1/tips/63153/: HTTP Error 404: Not Found
  [ERROR] https://hamburg.mitvergnuegen.com/api/v1/tips/63283/: HTTP Error 404: Not Found
  [ERROR] https://hamburg.mitvergnuegen.com/api/v1/tips/63286/: HTTP Error 404: Not Found
  [ERROR] https://hamburg.mitvergnuegen.com/api/v1/tips/63289/: HTTP Error 404: Not Found
  [ERROR] https://hamburg.mitvergnuegen.com/api/v1/tips/63303/: HTTP Error 404: Not Found
  [1390/3352] added=5601 updated=0
  [ERROR] https://hamburg.mitvergnuegen.com/api/v1/tips/63603/: HTTP Error 404: Not Found
  [ERROR] https://hamburg.mitvergnuegen.com/api/v1/tips/63614/: HTTP Error 404: Not Found
  [1400/3352] added=5611 updated=0
  [1410/3352] added=5621 updated=0
  [ERROR] https://hamburg.mitvergnuegen.com/api/v1/tips/64644/: HTTP Error 404: Not Found
  [1420/3352] added=5631 updated=0
  [1430/3352] added=5641 updated=0
  [ERROR] https://hamburg.mitvergnuegen.com/api/v1/tips/65006/: HTTP Error 404: Not Found
  [ERROR] https://hamburg.mitvergnuegen.com/api/v1/tips/65036/: HTTP Error 404: Not Found
  [1440/3352] added=5651 updated=0
  [ERROR] https://hamburg.mitvergnuegen.com/api/v1/tips/65217/: HTTP Error 404: Not Found
  [ERROR] https://hamburg.mitvergnuegen.com/api/v1/tips/65269/: HTTP Error 404: Not Found
  [ERROR] https://hamburg.mitvergnuegen.com/api/v1/tips/65549/: HTTP Error 404: Not Found
  [1450/3352] added=5661 updated=0
  [ERROR] https://hamburg.mitvergnuegen.com/api/v1/tips/65586/: HTTP Error 404: Not Found
  [ERROR] https://hamburg.mitvergnuegen.com/api/v1/tips/65720/: HTTP Error 404: Not Found
  [ERROR] https://hamburg.mitvergnuegen.com/api/v1/tips/65794/: HTTP Error 404: Not Found
  [1460/3352] added=5671 updated=0
  [1470/3352] added=5681 updated=0
  [ERROR] https://hamburg.mitvergnuegen.com/api/v1/tips/66166/: HTTP Error 404: Not Found
  [ERROR] https://hamburg.mitvergnuegen.com/api/v1/tips/66232/: HTTP Error 404: Not Found
  [1480/3352] added=5691 updated=0
  [ERROR] https://hamburg.mitvergnuegen.com/api/v1/tips/66344/: HTTP Error 404: Not Found
  [ERROR] https://hamburg.mitvergnuegen.com/api/v1/tips/66346/: HTTP Error 404: Not Found
  [1490/3352] added=5701 updated=0
  [1500/3352] added=5711 updated=0
  [1510/3352] added=5721 updated=0
  [ERROR] https://hamburg.mitvergnuegen.com/api/v1/tips/67007/: HTTP Error 404: Not Found
  [ERROR] https://hamburg.mitvergnuegen.com/api/v1/tips/67286/: HTTP Error 404: Not Found
  [ERROR] https://hamburg.mitvergnuegen.com/api/v1/tips/67487/: HTTP Error 404: Not Found
  [1520/3352] added=5731 updated=0
  [1530/3352] added=5741 updated=0
  [1540/3352] added=5751 updated=0
  [1550/3352] added=5761 updated=0
  [ERROR] https://hamburg.mitvergnuegen.com/api/v1/tips/68242/: HTTP Error 404: Not Found
  [ERROR] https://hamburg.mitvergnuegen.com/api/v1/tips/68284/: HTTP Error 404: Not Found
  [ERROR] https://hamburg.mitvergnuegen.com/api/v1/tips/68398/: HTTP Error 404: Not Found
  [ERROR] https://hamburg.mitvergnuegen.com/api/v1/tips/68400/: HTTP Error 404: Not Found
  [1560/3352] added=5771 updated=0
  [ERROR] https://hamburg.mitvergnuegen.com/api/v1/tips/68406/: HTTP Error 404: Not Found
  [ERROR] https://hamburg.mitvergnuegen.com/api/v1/tips/68440/: HTTP Error 404: Not Found
  [ERROR] https://hamburg.mitvergnuegen.com/api/v1/tips/68462/: HTTP Error 404: Not Found
  [ERROR] https://hamburg.mitvergnuegen.com/api/v1/tips/68498/: HTTP Error 404: Not Found
  [1570/3352] added=5781 updated=0
  [1580/3352] added=5791 updated=0
  [ERROR] https://hamburg.mitvergnuegen.com/api/v1/tips/68917/: HTTP Error 404: Not Found
  [ERROR] https://hamburg.mitvergnuegen.com/api/v1/tips/69014/: HTTP Error 404: Not Found
  [ERROR] https://hamburg.mitvergnuegen.com/api/v1/tips/69312/: HTTP Error 404: Not Found
  [ERROR] https://hamburg.mitvergnuegen.com/api/v1/tips/69393/: HTTP Error 404: Not Found
  [ERROR] https://hamburg.mitvergnuegen.com/api/v1/tips/69480/: HTTP Error 404: Not Found
  [ERROR] https://hamburg.mitvergnuegen.com/api/v1/tips/69706/: HTTP Error 404: Not Found
  [1590/3352] added=5801 updated=0
  [1600/3352] added=5811 updated=0
  [ERROR] https://hamburg.mitvergnuegen.com/api/v1/tips/70149/: HTTP Error 404: Not Found
  [ERROR] https://hamburg.mitvergnuegen.com/api/v1/tips/70281/: HTTP Error 404: Not Found
  [ERROR] https://hamburg.mitvergnuegen.com/api/v1/tips/70289/: HTTP Error 404: Not Found
  [1610/3352] added=5821 updated=0
  [ERROR] https://hamburg.mitvergnuegen.com/api/v1/tips/70628/: HTTP Error 404: Not Found
  [1620/3352] added=5831 updated=0
  [1630/3352] added=5841 updated=0
  [ERROR] https://hamburg.mitvergnuegen.com/api/v1/tips/71214/: HTTP Error 404: Not Found
  [1640/3352] added=5851 updated=0
  [1650/3352] added=5861 updated=0
  [ERROR] https://hamburg.mitvergnuegen.com/api/v1/tips/71795/: HTTP Error 404: Not Found
  [1660/3352] added=5871 updated=0
  [ERROR] https://hamburg.mitvergnuegen.com/api/v1/tips/71942/: HTTP Error 404: Not Found
  [1670/3352] added=5881 updated=0
  [ERROR] https://hamburg.mitvergnuegen.com/api/v1/tips/72320/: HTTP Error 404: Not Found
  [ERROR] https://hamburg.mitvergnuegen.com/api/v1/tips/72443/: HTTP Error 404: Not Found
  [ERROR] https://hamburg.mitvergnuegen.com/api/v1/tips/72458/: HTTP Error 404: Not Found
  [ERROR] https://hamburg.mitvergnuegen.com/api/v1/tips/72938/: HTTP Error 404: Not Found
  [1680/3352] added=5891 updated=0
  [ERROR] https://hamburg.mitvergnuegen.com/api/v1/tips/73226/: HTTP Error 404: Not Found
  [ERROR] https://hamburg.mitvergnuegen.com/api/v1/tips/73344/: HTTP Error 404: Not Found
  [ERROR] https://hamburg.mitvergnuegen.com/api/v1/tips/73380/: HTTP Error 404: Not Found
  [1690/3352] added=5901 updated=0
  [1700/3352] added=5911 updated=0
  [ERROR] https://hamburg.mitvergnuegen.com/api/v1/tips/73727/: HTTP Error 404: Not Found
  [1710/3352] added=5921 updated=0
  [1720/3352] added=5931 updated=0
  [ERROR] https://hamburg.mitvergnuegen.com/api/v1/tips/74722/: HTTP Error 404: Not Found
  [ERROR] https://hamburg.mitvergnuegen.com/api/v1/tips/74829/: HTTP Error 404: Not Found
  [1730/3352] added=5941 updated=0
  [ERROR] https://hamburg.mitvergnuegen.com/api/v1/tips/74911/: HTTP Error 404: Not Found
  [ERROR] https://hamburg.mitvergnuegen.com/api/v1/tips/74927/: HTTP Error 404: Not Found
  [ERROR] https://hamburg.mitvergnuegen.com/api/v1/tips/74935/: HTTP Error 404: Not Found
  [1740/3352] added=5951 updated=0
  [ERROR] https://hamburg.mitvergnuegen.com/api/v1/tips/74984/: HTTP Error 404: Not Found
  [1750/3352] added=5961 updated=0
  [1760/3352] added=5971 updated=0
  [ERROR] https://hamburg.mitvergnuegen.com/api/v1/tips/75398/: HTTP Error 404: Not Found
  [1770/3352] added=5981 updated=0
  [ERROR] https://hamburg.mitvergnuegen.com/api/v1/tips/76227/: HTTP Error 404: Not Found
  [1780/3352] added=5991 updated=0
  [ERROR] https://hamburg.mitvergnuegen.com/api/v1/tips/76354/: HTTP Error 404: Not Found
  [1790/3352] added=6001 updated=0
  [ERROR] https://hamburg.mitvergnuegen.com/api/v1/tips/76834/: HTTP Error 404: Not Found
  [ERROR] https://hamburg.mitvergnuegen.com/api/v1/tips/76839/: HTTP Error 404: Not Found
  [ERROR] https://hamburg.mitvergnuegen.com/api/v1/tips/76844/: HTTP Error 404: Not Found
  [ERROR] https://hamburg.mitvergnuegen.com/api/v1/tips/76854/: HTTP Error 404: Not Found
  [ERROR] https://hamburg.mitvergnuegen.com/api/v1/tips/76859/: HTTP Error 404: Not Found
  [ERROR] https://hamburg.mitvergnuegen.com/api/v1/tips/76864/: HTTP Error 404: Not Found
  [ERROR] https://hamburg.mitvergnuegen.com/api/v1/tips/76869/: HTTP Error 404: Not Found
  [ERROR] https://hamburg.mitvergnuegen.com/api/v1/tips/76873/: HTTP Error 404: Not Found
  [ERROR] https://hamburg.mitvergnuegen.com/api/v1/tips/76878/: HTTP Error 404: Not Found
  [1800/3352] added=6011 updated=0
  [ERROR] https://hamburg.mitvergnuegen.com/api/v1/tips/76926/: HTTP Error 404: Not Found
  [ERROR] https://hamburg.mitvergnuegen.com/api/v1/tips/76932/: HTTP Error 404: Not Found
  [ERROR] https://hamburg.mitvergnuegen.com/api/v1/tips/76934/: HTTP Error 404: Not Found
  [1810/3352] added=6021 updated=0
  [1820/3352] added=6031 updated=0
  [ERROR] https://hamburg.mitvergnuegen.com/api/v1/tips/77642/: HTTP Error 404: Not Found
  [ERROR] https://hamburg.mitvergnuegen.com/api/v1/tips/77690/: HTTP Error 404: Not Found
  [1830/3352] added=6041 updated=0
  [ERROR] https://hamburg.mitvergnuegen.com/api/v1/tips/77832/: HTTP Error 404: Not Found
  [1840/3352] added=6051 updated=0
  [1850/3352] added=6061 updated=0
  [ERROR] https://hamburg.mitvergnuegen.com/api/v1/tips/79151/: HTTP Error 404: Not Found
  [ERROR] https://hamburg.mitvergnuegen.com/api/v1/tips/79267/: HTTP Error 404: Not Found
  [ERROR] https://hamburg.mitvergnuegen.com/api/v1/tips/79421/: HTTP Error 404: Not Found
  [ERROR] https://hamburg.mitvergnuegen.com/api/v1/tips/79665/: HTTP Error 404: Not Found
  [ERROR] https://hamburg.mitvergnuegen.com/api/v1/tips/79742/: HTTP Error 404: Not Found
  [1860/3352] added=6071 updated=0
  [1870/3352] added=6081 updated=0
  [ERROR] https://hamburg.mitvergnuegen.com/api/v1/tips/80406/: HTTP Error 404: Not Found
  [ERROR] https://hamburg.mitvergnuegen.com/api/v1/tips/80429/: HTTP Error 404: Not Found
  [ERROR] https://hamburg.mitvergnuegen.com/api/v1/tips/80611/: HTTP Error 404: Not Found
  [ERROR] https://hamburg.mitvergnuegen.com/api/v1/tips/80732/: HTTP Error 404: Not Found
  [ERROR] https://hamburg.mitvergnuegen.com/api/v1/tips/80874/: HTTP Error 404: Not Found
  [ERROR] https://hamburg.mitvergnuegen.com/api/v1/tips/81053/: HTTP Error 404: Not Found
  [ERROR] https://hamburg.mitvergnuegen.com/api/v1/tips/81256/: HTTP Error 404: Not Found
  [ERROR] https://hamburg.mitvergnuegen.com/api/v1/tips/81370/: HTTP Error 404: Not Found
  [1880/3352] added=6091 updated=0
  [ERROR] https://hamburg.mitvergnuegen.com/api/v1/tips/81477/: HTTP Error 404: Not Found
  [1890/3352] added=6101 updated=0
  [ERROR] https://hamburg.mitvergnuegen.com/api/v1/tips/81904/: HTTP Error 404: Not Found
  [ERROR] https://hamburg.mitvergnuegen.com/api/v1/tips/81931/: HTTP Error 404: Not Found
  [1900/3352] added=6111 updated=0
  [1910/3352] added=6121 updated=0
  [ERROR] https://hamburg.mitvergnuegen.com/api/v1/tips/82326/: HTTP Error 404: Not Found
  [ERROR] https://hamburg.mitvergnuegen.com/api/v1/tips/82609/: HTTP Error 404: Not Found
  [1920/3352] added=6131 updated=0
  [ERROR] https://hamburg.mitvergnuegen.com/api/v1/tips/83027/: HTTP Error 404: Not Found
  [1930/3352] added=6141 updated=0
  [ERROR] https://hamburg.mitvergnuegen.com/api/v1/tips/83371/: HTTP Error 404: Not Found
  [1940/3352] added=6151 updated=0
  [ERROR] https://hamburg.mitvergnuegen.com/api/v1/tips/83490/: HTTP Error 404: Not Found
  [ERROR] https://hamburg.mitvergnuegen.com/api/v1/tips/83809/: HTTP Error 404: Not Found
  [ERROR] https://hamburg.mitvergnuegen.com/api/v1/tips/84008/: HTTP Error 404: Not Found
  [1950/3352] added=6161 updated=0
  [ERROR] https://hamburg.mitvergnuegen.com/api/v1/tips/84156/: HTTP Error 404: Not Found
  [1960/3352] added=6171 updated=0
  [1970/3352] added=6181 updated=0
  [ERROR] https://hamburg.mitvergnuegen.com/api/v1/tips/84404/: HTTP Error 404: Not Found
  [1980/3352] added=6191 updated=0
  [1990/3352] added=6201 updated=0
  [ERROR] https://hamburg.mitvergnuegen.com/api/v1/tips/84719/: HTTP Error 404: Not Found
  [2000/3352] added=6211 updated=0
  [ERROR] https://hamburg.mitvergnuegen.com/api/v1/tips/84932/: HTTP Error 404: Not Found
  [ERROR] https://hamburg.mitvergnuegen.com/api/v1/tips/84998/: HTTP Error 404: Not Found
  [ERROR] https://hamburg.mitvergnuegen.com/api/v1/tips/85063/: HTTP Error 404: Not Found
  [ERROR] https://hamburg.mitvergnuegen.com/api/v1/tips/85143/: HTTP Error 404: Not Found
  [ERROR] https://hamburg.mitvergnuegen.com/api/v1/tips/85474/: HTTP Error 404: Not Found
  [ERROR] https://hamburg.mitvergnuegen.com/api/v1/tips/85568/: HTTP Error 404: Not Found
  [ERROR] https://hamburg.mitvergnuegen.com/api/v1/tips/85821/: HTTP Error 404: Not Found
  [2010/3352] added=6221 updated=0
  [ERROR] https://hamburg.mitvergnuegen.com/api/v1/tips/86138/: HTTP Error 404: Not Found
  [2020/3352] added=6231 updated=0
  [ERROR] https://hamburg.mitvergnuegen.com/api/v1/tips/87099/: HTTP Error 404: Not Found
  [ERROR] https://hamburg.mitvergnuegen.com/api/v1/tips/87615/: HTTP Error 404: Not Found
  [2030/3352] added=6241 updated=0
  [ERROR] https://hamburg.mitvergnuegen.com/api/v1/tips/87918/: HTTP Error 404: Not Found
  [ERROR] https://hamburg.mitvergnuegen.com/api/v1/tips/88189/: HTTP Error 404: Not Found
  [ERROR] https://hamburg.mitvergnuegen.com/api/v1/tips/88444/: HTTP Error 404: Not Found
  [ERROR] https://hamburg.mitvergnuegen.com/api/v1/tips/88761/: HTTP Error 404: Not Found
  [ERROR] https://hamburg.mitvergnuegen.com/api/v1/tips/88926/: HTTP Error 404: Not Found
  [ERROR] https://hamburg.mitvergnuegen.com/api/v1/tips/88936/: HTTP Error 404: Not Found
  [2040/3352] added=6251 updated=0
  [ERROR] https://hamburg.mitvergnuegen.com/api/v1/tips/90185/: HTTP Error 404: Not Found
  [2050/3352] added=6261 updated=0
  [ERROR] https://hamburg.mitvergnuegen.com/api/v1/tips/90592/: HTTP Error 404: Not Found
  [ERROR] https://hamburg.mitvergnuegen.com/api/v1/tips/90593/: HTTP Error 404: Not Found
  [ERROR] https://hamburg.mitvergnuegen.com/api/v1/tips/90820/: HTTP Error 404: Not Found
  [ERROR] https://hamburg.mitvergnuegen.com/api/v1/tips/90934/: HTTP Error 404: Not Found
  [ERROR] https://hamburg.mitvergnuegen.com/api/v1/tips/90986/: HTTP Error 404: Not Found
  [ERROR] https://hamburg.mitvergnuegen.com/api/v1/tips/91098/: HTTP Error 404: Not Found
  [ERROR] https://hamburg.mitvergnuegen.com/api/v1/tips/91237/: HTTP Error 404: Not Found
  [2060/3352] added=6271 updated=0
  [ERROR] https://hamburg.mitvergnuegen.com/api/v1/tips/91531/: HTTP Error 404: Not Found
  [2070/3352] added=6281 updated=0
  [ERROR] https://hamburg.mitvergnuegen.com/api/v1/tips/91728/: HTTP Error 404: Not Found
  [ERROR] https://hamburg.mitvergnuegen.com/api/v1/tips/91759/: HTTP Error 404: Not Found
  [ERROR] https://hamburg.mitvergnuegen.com/api/v1/tips/91820/: HTTP Error 404: Not Found
  [ERROR] https://hamburg.mitvergnuegen.com/api/v1/tips/92039/: HTTP Error 404: Not Found
  [ERROR] https://hamburg.mitvergnuegen.com/api/v1/tips/92076/: HTTP Error 404: Not Found
  [ERROR] https://hamburg.mitvergnuegen.com/api/v1/tips/92492/: HTTP Error 404: Not Found
  [ERROR] https://hamburg.mitvergnuegen.com/api/v1/tips/92868/: HTTP Error 404: Not Found
  [2080/3352] added=6291 updated=0
  [2090/3352] added=6301 updated=0
  [ERROR] https://hamburg.mitvergnuegen.com/api/v1/tips/93590/: HTTP Error 404: Not Found
  [ERROR] https://hamburg.mitvergnuegen.com/api/v1/tips/93593/: HTTP Error 404: Not Found
  [ERROR] https://hamburg.mitvergnuegen.com/api/v1/tips/93600/: HTTP Error 404: Not Found
  [ERROR] https://hamburg.mitvergnuegen.com/api/v1/tips/94098/: HTTP Error 404: Not Found
  [2100/3352] added=6311 updated=0
  [ERROR] https://hamburg.mitvergnuegen.com/api/v1/tips/94108/: HTTP Error 404: Not Found
  [2110/3352] added=6321 updated=0
  [ERROR] https://hamburg.mitvergnuegen.com/api/v1/tips/94287/: HTTP Error 404: Not Found
  [2120/3352] added=6331 updated=0
  [ERROR] https://hamburg.mitvergnuegen.com/api/v1/tips/94719/: HTTP Error 404: Not Found
  [ERROR] https://hamburg.mitvergnuegen.com/api/v1/tips/94990/: HTTP Error 404: Not Found
  [ERROR] https://hamburg.mitvergnuegen.com/api/v1/tips/95647/: HTTP Error 404: Not Found
  [ERROR] https://hamburg.mitvergnuegen.com/api/v1/tips/95650/: HTTP Error 404: Not Found
  [2130/3352] added=6341 updated=0
  [ERROR] https://hamburg.mitvergnuegen.com/api/v1/tips/96104/: HTTP Error 404: Not Found
  [ERROR] https://hamburg.mitvergnuegen.com/api/v1/tips/97377/: HTTP Error 404: Not Found
  [ERROR] https://hamburg.mitvergnuegen.com/api/v1/tips/97471/: HTTP Error 404: Not Found
  [2140/3352] added=6351 updated=0
  [2150/3352] added=6361 updated=0
  [ERROR] https://hamburg.mitvergnuegen.com/api/v1/tips/99006/: HTTP Error 404: Not Found
  [ERROR] https://hamburg.mitvergnuegen.com/api/v1/tips/99028/: HTTP Error 404: Not Found
  [2160/3352] added=6370 updated=1
  [ERROR] https://hamburg.mitvergnuegen.com/api/v1/tips/99842/: HTTP Error 404: Not Found
  [ERROR] https://hamburg.mitvergnuegen.com/api/v1/tips/99899/: HTTP Error 404: Not Found
  [ERROR] https://hamburg.mitvergnuegen.com/api/v1/tips/99900/: HTTP Error 404: Not Found
  [ERROR] https://hamburg.mitvergnuegen.com/api/v1/tips/99981/: HTTP Error 404: Not Found
  [ERROR] https://hamburg.mitvergnuegen.com/api/v1/tips/99993/: HTTP Error 404: Not Found
  [2170/3352] added=6379 updated=2
  [ERROR] https://hamburg.mitvergnuegen.com/api/v1/tips/100013/: HTTP Error 404: Not Found
  [ERROR] https://hamburg.mitvergnuegen.com/api/v1/tips/100014/: HTTP Error 404: Not Found
  [ERROR] https://hamburg.mitvergnuegen.com/api/v1/tips/100047/: HTTP Error 404: Not Found
  [ERROR] https://hamburg.mitvergnuegen.com/api/v1/tips/100189/: HTTP Error 404: Not Found
  [ERROR] https://hamburg.mitvergnuegen.com/api/v1/tips/100349/: HTTP Error 404: Not Found
  [2180/3352] added=6385 updated=6
  [ERROR] https://hamburg.mitvergnuegen.com/api/v1/tips/100405/: HTTP Error 404: Not Found
  [ERROR] https://hamburg.mitvergnuegen.com/api/v1/tips/100418/: HTTP Error 404: Not Found
  [ERROR] https://hamburg.mitvergnuegen.com/api/v1/tips/100869/: HTTP Error 404: Not Found
  [ERROR] https://hamburg.mitvergnuegen.com/api/v1/tips/101200/: HTTP Error 404: Not Found
  [2190/3352] added=6395 updated=6
  [ERROR] https://hamburg.mitvergnuegen.com/api/v1/tips/101417/: HTTP Error 404: Not Found
  [2200/3352] added=6405 updated=6
  [ERROR] https://hamburg.mitvergnuegen.com/api/v1/tips/101627/: HTTP Error 404: Not Found
  [ERROR] https://hamburg.mitvergnuegen.com/api/v1/tips/102108/: HTTP Error 404: Not Found
  [2210/3352] added=6412 updated=9
  [ERROR] https://hamburg.mitvergnuegen.com/api/v1/tips/102848/: HTTP Error 404: Not Found
  [ERROR] https://hamburg.mitvergnuegen.com/api/v1/tips/103038/: HTTP Error 404: Not Found
  [2220/3352] added=6422 updated=9
  [2230/3352] added=6432 updated=9
  [ERROR] https://hamburg.mitvergnuegen.com/api/v1/tips/103826/: HTTP Error 404: Not Found
  [ERROR] https://hamburg.mitvergnuegen.com/api/v1/tips/103969/: HTTP Error 404: Not Found
  [ERROR] https://hamburg.mitvergnuegen.com/api/v1/tips/103991/: HTTP Error 404: Not Found
  [ERROR] https://hamburg.mitvergnuegen.com/api/v1/tips/104587/: HTTP Error 404: Not Found
  [2240/3352] added=6442 updated=9
  [ERROR] https://hamburg.mitvergnuegen.com/api/v1/tips/104939/: HTTP Error 404: Not Found
  [ERROR] https://hamburg.mitvergnuegen.com/api/v1/tips/107354/: HTTP Error 404: Not Found
  [ERROR] https://hamburg.mitvergnuegen.com/api/v1/tips/107415/: HTTP Error 404: Not Found
  [ERROR] https://hamburg.mitvergnuegen.com/api/v1/tips/107532/: HTTP Error 404: Not Found
  [ERROR] https://hamburg.mitvergnuegen.com/api/v1/tips/107655/: HTTP Error 404: Not Found
  [ERROR] https://hamburg.mitvergnuegen.com/api/v1/tips/108064/: HTTP Error 404: Not Found
  [2250/3352] added=6452 updated=9
  [ERROR] https://hamburg.mitvergnuegen.com/api/v1/tips/109682/: HTTP Error 404: Not Found
  [ERROR] https://hamburg.mitvergnuegen.com/api/v1/tips/110217/: HTTP Error 404: Not Found
  [2260/3352] added=6461 updated=10
  [ERROR] https://hamburg.mitvergnuegen.com/api/v1/tips/111624/: HTTP Error 404: Not Found
  [ERROR] https://hamburg.mitvergnuegen.com/api/v1/tips/111865/: HTTP Error 404: Not Found
  [ERROR] https://hamburg.mitvergnuegen.com/api/v1/tips/112026/: HTTP Error 404: Not Found
  [2270/3352] added=6470 updated=11
  [ERROR] https://hamburg.mitvergnuegen.com/api/v1/tips/112488/: HTTP Error 404: Not Found
  [ERROR] https://hamburg.mitvergnuegen.com/api/v1/tips/113195/: HTTP Error 404: Not Found
  [2280/3352] added=6480 updated=11
  [2290/3352] added=6490 updated=11
  [ERROR] https://hamburg.mitvergnuegen.com/api/v1/tips/115329/: HTTP Error 404: Not Found
  [ERROR] https://hamburg.mitvergnuegen.com/api/v1/tips/115443/: HTTP Error 404: Not Found
  [2300/3352] added=6500 updated=11
  [2310/3352] added=6508 updated=13
  [2320/3352] added=6517 updated=14
  [ERROR] https://hamburg.mitvergnuegen.com/api/v1/tips/117105/: HTTP Error 404: Not Found
  [2330/3352] added=6527 updated=14
  [ERROR] https://hamburg.mitvergnuegen.com/api/v1/tips/117324/: HTTP Error 404: Not Found
  [ERROR] https://hamburg.mitvergnuegen.com/api/v1/tips/118249/: HTTP Error 404: Not Found
  [ERROR] https://hamburg.mitvergnuegen.com/api/v1/tips/118340/: HTTP Error 404: Not Found
  [2340/3352] added=6536 updated=15
  [ERROR] https://hamburg.mitvergnuegen.com/api/v1/tips/118426/: HTTP Error 404: Not Found
  [2350/3352] added=6546 updated=15
  [ERROR] https://hamburg.mitvergnuegen.com/api/v1/tips/119775/: HTTP Error 404: Not Found
  [ERROR] https://hamburg.mitvergnuegen.com/api/v1/tips/120267/: HTTP Error 404: Not Found
  [2360/3352] added=6555 updated=16
  [ERROR] https://hamburg.mitvergnuegen.com/api/v1/tips/120683/: HTTP Error 404: Not Found
  [ERROR] https://hamburg.mitvergnuegen.com/api/v1/tips/120730/: HTTP Error 404: Not Found
  [ERROR] https://hamburg.mitvergnuegen.com/api/v1/tips/120751/: HTTP Error 404: Not Found
  [2370/3352] added=6565 updated=16
  [ERROR] https://hamburg.mitvergnuegen.com/api/v1/tips/121098/: HTTP Error 404: Not Found
  [ERROR] https://hamburg.mitvergnuegen.com/api/v1/tips/121218/: HTTP Error 404: Not Found
  [2380/3352] added=6575 updated=16
  [ERROR] https://hamburg.mitvergnuegen.com/api/v1/tips/121617/: HTTP Error 404: Not Found
  [ERROR] https://hamburg.mitvergnuegen.com/api/v1/tips/122199/: HTTP Error 404: Not Found
  [ERROR] https://hamburg.mitvergnuegen.com/api/v1/tips/122368/: HTTP Error 404: Not Found
  [2390/3352] added=6584 updated=17
  [ERROR] https://hamburg.mitvergnuegen.com/api/v1/tips/122395/: HTTP Error 404: Not Found
  [ERROR] https://hamburg.mitvergnuegen.com/api/v1/tips/122416/: HTTP Error 404: Not Found
  [ERROR] https://hamburg.mitvergnuegen.com/api/v1/tips/122441/: HTTP Error 404: Not Found
  [ERROR] https://hamburg.mitvergnuegen.com/api/v1/tips/123547/: HTTP Error 404: Not Found
  [2400/3352] added=6594 updated=17
  [ERROR] https://hamburg.mitvergnuegen.com/api/v1/tips/123829/: HTTP Error 404: Not Found
  [ERROR] https://hamburg.mitvergnuegen.com/api/v1/tips/124828/: HTTP Error 404: Not Found
  [ERROR] https://hamburg.mitvergnuegen.com/api/v1/tips/125074/: HTTP Error 404: Not Found
  [ERROR] https://hamburg.mitvergnuegen.com/api/v1/tips/125459/: HTTP Error 404: Not Found
  [2410/3352] added=6603 updated=18
  [ERROR] https://hamburg.mitvergnuegen.com/api/v1/tips/125752/: HTTP Error 404: Not Found
  [ERROR] https://hamburg.mitvergnuegen.com/api/v1/tips/126078/: HTTP Error 404: Not Found
  [2420/3352] added=6613 updated=18
  [ERROR] https://hamburg.mitvergnuegen.com/api/v1/tips/126665/: HTTP Error 404: Not Found
  [2430/3352] added=6623 updated=18
  [ERROR] https://hamburg.mitvergnuegen.com/api/v1/tips/128890/: HTTP Error 404: Not Found
  [ERROR] https://hamburg.mitvergnuegen.com/api/v1/tips/129220/: HTTP Error 404: Not Found
  [ERROR] https://hamburg.mitvergnuegen.com/api/v1/tips/129431/: HTTP Error 404: Not Found
  [2440/3352] added=6633 updated=18
  [ERROR] https://hamburg.mitvergnuegen.com/api/v1/tips/130184/: HTTP Error 404: Not Found
  [ERROR] https://hamburg.mitvergnuegen.com/api/v1/tips/130227/: HTTP Error 404: Not Found
  [ERROR] https://hamburg.mitvergnuegen.com/api/v1/tips/130373/: HTTP Error 404: Not Found
  [ERROR] https://hamburg.mitvergnuegen.com/api/v1/tips/130529/: HTTP Error 404: Not Found
  [ERROR] https://hamburg.mitvergnuegen.com/api/v1/tips/130609/: HTTP Error 404: Not Found
  [2450/3352] added=6642 updated=19
  [ERROR] https://hamburg.mitvergnuegen.com/api/v1/tips/131127/: HTTP Error 404: Not Found
  [ERROR] https://hamburg.mitvergnuegen.com/api/v1/tips/131307/: HTTP Error 404: Not Found
  [ERROR] https://hamburg.mitvergnuegen.com/api/v1/tips/131733/: HTTP Error 404: Not Found
  [2460/3352] added=6652 updated=19
  [ERROR] https://hamburg.mitvergnuegen.com/api/v1/tips/131910/: HTTP Error 404: Not Found
  [ERROR] https://hamburg.mitvergnuegen.com/api/v1/tips/132215/: HTTP Error 404: Not Found
  [ERROR] https://hamburg.mitvergnuegen.com/api/v1/tips/132527/: HTTP Error 404: Not Found
  [2470/3352] added=6662 updated=19
  [ERROR] https://hamburg.mitvergnuegen.com/api/v1/tips/132541/: HTTP Error 404: Not Found
  [ERROR] https://hamburg.mitvergnuegen.com/api/v1/tips/132622/: HTTP Error 404: Not Found
  [ERROR] https://hamburg.mitvergnuegen.com/api/v1/tips/132678/: HTTP Error 404: Not Found
  [2480/3352] added=6672 updated=19
  [2490/3352] added=6682 updated=19
  [2500/3352] added=6692 updated=19
  [ERROR] https://hamburg.mitvergnuegen.com/api/v1/tips/134159/: HTTP Error 404: Not Found
  [2510/3352] added=6702 updated=19
  [ERROR] https://hamburg.mitvergnuegen.com/api/v1/tips/134266/: HTTP Error 404: Not Found
  [ERROR] https://hamburg.mitvergnuegen.com/api/v1/tips/134830/: HTTP Error 404: Not Found
  [2520/3352] added=6712 updated=19
  [2530/3352] added=6722 updated=19
  [ERROR] https://hamburg.mitvergnuegen.com/api/v1/tips/135847/: HTTP Error 404: Not Found
  [ERROR] https://hamburg.mitvergnuegen.com/api/v1/tips/135865/: HTTP Error 404: Not Found
  [ERROR] https://hamburg.mitvergnuegen.com/api/v1/tips/135987/: HTTP Error 404: Not Found
  [ERROR] https://hamburg.mitvergnuegen.com/api/v1/tips/136160/: HTTP Error 404: Not Found
  [ERROR] https://hamburg.mitvergnuegen.com/api/v1/tips/136242/: HTTP Error 404: Not Found
  [ERROR] https://hamburg.mitvergnuegen.com/api/v1/tips/136252/: HTTP Error 404: Not Found
  [ERROR] https://hamburg.mitvergnuegen.com/api/v1/tips/136294/: HTTP Error 404: Not Found
  [2540/3352] added=6732 updated=19
  [ERROR] https://hamburg.mitvergnuegen.com/api/v1/tips/137062/: HTTP Error 404: Not Found
  [ERROR] https://hamburg.mitvergnuegen.com/api/v1/tips/137103/: HTTP Error 404: Not Found
  [ERROR] https://hamburg.mitvergnuegen.com/api/v1/tips/137578/: HTTP Error 404: Not Found
  [ERROR] https://hamburg.mitvergnuegen.com/api/v1/tips/137670/: HTTP Error 404: Not Found
  [ERROR] https://hamburg.mitvergnuegen.com/api/v1/tips/138126/: HTTP Error 404: Not Found
  [ERROR] https://hamburg.mitvergnuegen.com/api/v1/tips/138214/: HTTP Error 404: Not Found
  [ERROR] https://hamburg.mitvergnuegen.com/api/v1/tips/138307/: HTTP Error 404: Not Found
  [2550/3352] added=6742 updated=19
  [ERROR] https://hamburg.mitvergnuegen.com/api/v1/tips/138614/: HTTP Error 404: Not Found
  [ERROR] https://hamburg.mitvergnuegen.com/api/v1/tips/139097/: HTTP Error 404: Not Found
  [ERROR] https://hamburg.mitvergnuegen.com/api/v1/tips/139213/: HTTP Error 404: Not Found
  [2560/3352] added=6752 updated=19
  [ERROR] https://hamburg.mitvergnuegen.com/api/v1/tips/139616/: HTTP Error 404: Not Found
  [ERROR] https://hamburg.mitvergnuegen.com/api/v1/tips/139692/: HTTP Error 404: Not Found
  [2570/3352] added=6762 updated=19
  [ERROR] https://hamburg.mitvergnuegen.com/api/v1/tips/140390/: HTTP Error 404: Not Found
  [ERROR] https://hamburg.mitvergnuegen.com/api/v1/tips/140576/: HTTP Error 404: Not Found
  [2580/3352] added=6772 updated=19
  [2590/3352] added=6782 updated=19
  [ERROR] https://hamburg.mitvergnuegen.com/api/v1/tips/141321/: HTTP Error 404: Not Found
  [2600/3352] added=6790 updated=21
  [ERROR] https://hamburg.mitvergnuegen.com/api/v1/tips/141588/: HTTP Error 404: Not Found
  [2610/3352] added=6800 updated=21
  [ERROR] https://hamburg.mitvergnuegen.com/api/v1/tips/141842/: HTTP Error 404: Not Found
  [ERROR] https://hamburg.mitvergnuegen.com/api/v1/tips/141858/: HTTP Error 404: Not Found
  [ERROR] https://hamburg.mitvergnuegen.com/api/v1/tips/141985/: HTTP Error 404: Not Found
  [ERROR] https://hamburg.mitvergnuegen.com/api/v1/tips/142120/: HTTP Error 404: Not Found
  [ERROR] https://hamburg.mitvergnuegen.com/api/v1/tips/142303/: HTTP Error 404: Not Found
  [2620/3352] added=6809 updated=22
  [ERROR] https://hamburg.mitvergnuegen.com/api/v1/tips/142393/: HTTP Error 404: Not Found
  [ERROR] https://hamburg.mitvergnuegen.com/api/v1/tips/142907/: HTTP Error 404: Not Found
  [2630/3352] added=6819 updated=22
  [ERROR] https://hamburg.mitvergnuegen.com/api/v1/tips/143214/: HTTP Error 404: Not Found
  [ERROR] https://hamburg.mitvergnuegen.com/api/v1/tips/143266/: HTTP Error 404: Not Found
  [ERROR] https://hamburg.mitvergnuegen.com/api/v1/tips/143412/: HTTP Error 404: Not Found
  [2640/3352] added=6829 updated=22
  [ERROR] https://hamburg.mitvergnuegen.com/api/v1/tips/143622/: HTTP Error 404: Not Found
  [ERROR] https://hamburg.mitvergnuegen.com/api/v1/tips/143718/: HTTP Error 404: Not Found
  [ERROR] https://hamburg.mitvergnuegen.com/api/v1/tips/143948/: HTTP Error 404: Not Found
  [ERROR] https://hamburg.mitvergnuegen.com/api/v1/tips/144029/: HTTP Error 404: Not Found
  [2650/3352] added=6839 updated=22
  [ERROR] https://hamburg.mitvergnuegen.com/api/v1/tips/144678/: HTTP Error 404: Not Found
  [2660/3352] added=6849 updated=22
  [ERROR] https://hamburg.mitvergnuegen.com/api/v1/tips/145319/: HTTP Error 404: Not Found
  [ERROR] https://hamburg.mitvergnuegen.com/api/v1/tips/145380/: HTTP Error 404: Not Found
  [ERROR] https://hamburg.mitvergnuegen.com/api/v1/tips/145439/: HTTP Error 404: Not Found
  [2670/3352] added=6859 updated=22
  [2680/3352] added=6868 updated=23
  [2690/3352] added=6878 updated=23
  [ERROR] https://hamburg.mitvergnuegen.com/api/v1/tips/147509/: HTTP Error 404: Not Found
  [2700/3352] added=6888 updated=23
  [2710/3352] added=6898 updated=23
  [ERROR] https://hamburg.mitvergnuegen.com/api/v1/tips/149038/: HTTP Error 404: Not Found
  [2720/3352] added=6908 updated=23
  [ERROR] https://hamburg.mitvergnuegen.com/api/v1/tips/149500/: HTTP Error 404: Not Found
  [ERROR] https://hamburg.mitvergnuegen.com/api/v1/tips/149932/: HTTP Error 404: Not Found
  [2730/3352] added=6918 updated=23
  [2740/3352] added=6927 updated=24
  [ERROR] https://hamburg.mitvergnuegen.com/api/v1/tips/150682/: HTTP Error 404: Not Found
  [2750/3352] added=6936 updated=25
  [2760/3352] added=6946 updated=25
  [ERROR] https://hamburg.mitvergnuegen.com/api/v1/tips/152603/: HTTP Error 404: Not Found
  [2770/3352] added=6956 updated=25
  [2780/3352] added=6966 updated=25
  [ERROR] https://hamburg.mitvergnuegen.com/api/v1/tips/153331/: HTTP Error 404: Not Found
  [2790/3352] added=6976 updated=25
  [2800/3352] added=6986 updated=25
  [2810/3352] added=6996 updated=25
  [2820/3352] added=7006 updated=25
  [2830/3352] added=7016 updated=25
  [2840/3352] added=7026 updated=25
  [ERROR] https://hamburg.mitvergnuegen.com/api/v1/tips/157762/: HTTP Error 404: Not Found
  [2850/3352] added=7036 updated=25
  [2860/3352] added=7046 updated=25
  [2870/3352] added=7056 updated=25
  [2880/3352] added=7065 updated=26
  [2890/3352] added=7075 updated=26
  [ERROR] https://hamburg.mitvergnuegen.com/api/v1/tips/161032/: HTTP Error 404: Not Found
  [2900/3352] added=7085 updated=26
  [ERROR] https://hamburg.mitvergnuegen.com/api/v1/tips/162700/: HTTP Error 404: Not Found

=== MUENCHEN: muenchen.mitvergnuegen.com ===
  Category IDs: [13585, 13587, 3]
  Page 1: +100 posts (total 100)
  Page 2: +100 posts (total 200)
  Page 3: +100 posts (total 300)
  Page 4: +100 posts (total 400)
  Page 5: +100 posts (total 500)
  Page 6: +100 posts (total 600)
  Page 7: +100 posts (total 700)
  Page 8: +100 posts (total 800)
  Page 9: +100 posts (total 900)
  Page 10: +100 posts (total 1000)
  Page 11: +100 posts (total 1100)
  Page 12: +100 posts (total 1200)
  Page 13: +100 posts (total 1300)
  Page 14: +100 posts (total 1400)
  Page 15: +100 posts (total 1500)
  Page 16: +100 posts (total 1600)
  Page 17: +100 posts (total 1700)
  Page 18: +100 posts (total 1800)
  Page 19: +100 posts (total 1900)
  Page 20: +46 posts (total 1946)
  [ERROR] https://muenchen.mitvergnuegen.com/wp-json/wp/v2/posts?categories=13585,13587,3&per_page=100&page=21: HTTP Error 400: Bad Request
  Total posts to process: 1946
  [5/1946] 11 tips from post (total unique: 22)
  [10/1946] 11 tips from post (total unique: 54)
  [15/1946] 0 tips from post (total unique: 77)
  [20/1946] 11 tips from post (total unique: 105)
  [25/1946] 11 tips from post (total unique: 126)
  [30/1946] 11 tips from post (total unique: 168)
  [35/1946] 11 tips from post (total unique: 198)
  [40/1946] 11 tips from post (total unique: 218)
  [45/1946] 0 tips from post (total unique: 250)
  [50/1946] 11 tips from post (total unique: 291)
  [55/1946] 0 tips from post (total unique: 332)
  [60/1946] 21 tips from post (total unique: 381)
  [65/1946] 0 tips from post (total unique: 386)
  [70/1946] 11 tips from post (total unique: 415)
  [75/1946] 11 tips from post (total unique: 451)
  [80/1946] 0 tips from post (total unique: 469)
  [85/1946] 11 tips from post (total unique: 489)
  [90/1946] 11 tips from post (total unique: 525)
  [95/1946] 11 tips from post (total unique: 538)
  [100/1946] 11 tips from post (total unique: 558)
  [105/1946] 11 tips from post (total unique: 595)
  [110/1946] 11 tips from post (total unique: 617)
  [115/1946] 0 tips from post (total unique: 649)
  [120/1946] 11 tips from post (total unique: 684)
  [125/1946] 0 tips from post (total unique: 702)
  [130/1946] 21 tips from post (total unique: 728)
  [135/1946] 1 tips from post (total unique: 754)
  [140/1946] 1 tips from post (total unique: 780)
  [145/1946] 11 tips from post (total unique: 801)
  [150/1946] 1 tips from post (total unique: 824)
  [155/1946] 6 tips from post (total unique: 840)
  [160/1946] 0 tips from post (total unique: 856)
  [165/1946] 0 tips from post (total unique: 874)
  [170/1946] 11 tips from post (total unique: 905)
  [175/1946] 0 tips from post (total unique: 926)
  [180/1946] 11 tips from post (total unique: 949)
  [185/1946] 11 tips from post (total unique: 978)
  [190/1946] 0 tips from post (total unique: 987)
  [195/1946] 11 tips from post (total unique: 1010)
  [200/1946] 0 tips from post (total unique: 1027)
  [205/1946] 11 tips from post (total unique: 1051)
  [210/1946] 11 tips from post (total unique: 1074)
  [215/1946] 11 tips from post (total unique: 1098)
  [220/1946] 11 tips from post (total unique: 1131)
  [225/1946] 0 tips from post (total unique: 1152)
  [230/1946] 1 tips from post (total unique: 1172)
  [235/1946] 11 tips from post (total unique: 1203)
  [240/1946] 11 tips from post (total unique: 1228)
  [245/1946] 0 tips from post (total unique: 1243)
  [250/1946] 0 tips from post (total unique: 1260)
  [255/1946] 11 tips from post (total unique: 1278)
  [260/1946] 0 tips from post (total unique: 1282)
  [265/1946] 11 tips from post (total unique: 1296)
  [270/1946] 0 tips from post (total unique: 1300)
  [275/1946] 0 tips from post (total unique: 1321)
  [280/1946] 0 tips from post (total unique: 1340)
  [285/1946] 0 tips from post (total unique: 1356)
  [290/1946] 11 tips from post (total unique: 1370)
  [295/1946] 0 tips from post (total unique: 1380)
  [300/1946] 11 tips from post (total unique: 1402)
  [305/1946] 0 tips from post (total unique: 1405)
  [310/1946] 11 tips from post (total unique: 1419)
  [315/1946] 11 tips from post (total unique: 1434)
  [320/1946] 1 tips from post (total unique: 1436)
  [325/1946] 11 tips from post (total unique: 1455)
  [330/1946] 11 tips from post (total unique: 1475)
  [335/1946] 1 tips from post (total unique: 1481)
  [340/1946] 11 tips from post (total unique: 1497)
  [345/1946] 0 tips from post (total unique: 1498)
  [350/1946] 0 tips from post (total unique: 1512)
  [355/1946] 11 tips from post (total unique: 1519)
  [360/1946] 0 tips from post (total unique: 1523)
  [365/1946] 1 tips from post (total unique: 1535)
  [370/1946] 0 tips from post (total unique: 1539)
  [375/1946] 0 tips from post (total unique: 1547)
  [380/1946] 1 tips from post (total unique: 1561)
  [385/1946] 1 tips from post (total unique: 1571)
  [390/1946] 0 tips from post (total unique: 1584)
  [395/1946] 0 tips from post (total unique: 1590)
  [400/1946] 1 tips from post (total unique: 1592)
  [405/1946] 1 tips from post (total unique: 1597)
  [410/1946] 0 tips from post (total unique: 1612)
  [415/1946] 11 tips from post (total unique: 1619)
  [420/1946] 0 tips from post (total unique: 1627)
  [425/1946] 0 tips from post (total unique: 1644)
  [430/1946] 11 tips from post (total unique: 1665)
  [435/1946] 1 tips from post (total unique: 1674)
  [440/1946] 11 tips from post (total unique: 1683)
  [445/1946] 0 tips from post (total unique: 1686)
  [450/1946] 1 tips from post (total unique: 1688)
  [455/1946] 11 tips from post (total unique: 1704)
  [460/1946] 0 tips from post (total unique: 1722)
  [465/1946] 11 tips from post (total unique: 1726)
  [470/1946] 0 tips from post (total unique: 1730)
  [475/1946] 0 tips from post (total unique: 1741)
  [480/1946] 1 tips from post (total unique: 1753)
  [485/1946] 0 tips from post (total unique: 1769)
  [490/1946] 0 tips from post (total unique: 1773)
  [495/1946] 11 tips from post (total unique: 1791)
  [500/1946] 0 tips from post (total unique: 1798)
  [505/1946] 11 tips from post (total unique: 1823)
  [510/1946] 0 tips from post (total unique: 1831)
  [515/1946] 0 tips from post (total unique: 1847)
  [520/1946] 0 tips from post (total unique: 1847)
  [525/1946] 0 tips from post (total unique: 1855)
  [530/1946] 0 tips from post (total unique: 1870)
  [535/1946] 11 tips from post (total unique: 1877)
  [540/1946] 0 tips from post (total unique: 1904)
  [545/1946] 1 tips from post (total unique: 1915)
  [550/1946] 0 tips from post (total unique: 1915)
  [555/1946] 11 tips from post (total unique: 1927)
  [560/1946] 0 tips from post (total unique: 1933)
  [565/1946] 0 tips from post (total unique: 1943)
  [570/1946] 0 tips from post (total unique: 1960)
  [575/1946] 11 tips from post (total unique: 1966)
  [580/1946] 0 tips from post (total unique: 1967)
  [585/1946] 0 tips from post (total unique: 1973)
  [590/1946] 11 tips from post (total unique: 1978)
  [595/1946] 11 tips from post (total unique: 1995)
  [600/1946] 0 tips from post (total unique: 2017)
  [605/1946] 0 tips from post (total unique: 2021)
  [610/1946] 0 tips from post (total unique: 2030)
  [615/1946] 0 tips from post (total unique: 2048)
  [620/1946] 0 tips from post (total unique: 2050)
  [625/1946] 1 tips from post (total unique: 2058)
  [630/1946] 0 tips from post (total unique: 2062)
  [635/1946] 1 tips from post (total unique: 2071)
  [640/1946] 11 tips from post (total unique: 2088)
  [645/1946] 1 tips from post (total unique: 2096)
  [650/1946] 1 tips from post (total unique: 2101)
  [655/1946] 1 tips from post (total unique: 2109)
  [660/1946] 0 tips from post (total unique: 2119)
  [665/1946] 11 tips from post (total unique: 2132)
  [670/1946] 1 tips from post (total unique: 2138)
  [675/1946] 1 tips from post (total unique: 2149)
  [680/1946] 1 tips from post (total unique: 2154)
  [685/1946] 1 tips from post (total unique: 2154)
  [690/1946] 0 tips from post (total unique: 2161)
  [695/1946] 11 tips from post (total unique: 2170)
  [700/1946] 0 tips from post (total unique: 2172)
  [705/1946] 11 tips from post (total unique: 2188)
  [710/1946] 11 tips from post (total unique: 2206)
  [715/1946] 0 tips from post (total unique: 2206)
  [720/1946] 0 tips from post (total unique: 2213)
  [725/1946] 11 tips from post (total unique: 2223)
  [730/1946] 11 tips from post (total unique: 2235)
  [735/1946] 11 tips from post (total unique: 2247)
  [740/1946] 0 tips from post (total unique: 2248)
  [745/1946] 11 tips from post (total unique: 2273)
  [750/1946] 0 tips from post (total unique: 2273)
  [755/1946] 0 tips from post (total unique: 2291)
  [760/1946] 11 tips from post (total unique: 2303)
  [765/1946] 1 tips from post (total unique: 2314)
  [770/1946] 0 tips from post (total unique: 2318)
  [775/1946] 0 tips from post (total unique: 2333)
  [780/1946] 0 tips from post (total unique: 2353)
  [785/1946] 0 tips from post (total unique: 2368)
  [790/1946] 0 tips from post (total unique: 2386)
  [795/1946] 0 tips from post (total unique: 2392)
  [800/1946] 11 tips from post (total unique: 2405)
  [805/1946] 0 tips from post (total unique: 2417)
  [810/1946] 0 tips from post (total unique: 2417)
  [815/1946] 0 tips from post (total unique: 2417)
  [820/1946] 0 tips from post (total unique: 2426)
  [825/1946] 0 tips from post (total unique: 2435)
  [830/1946] 11 tips from post (total unique: 2448)
  [835/1946] 11 tips from post (total unique: 2461)
  [840/1946] 11 tips from post (total unique: 2472)
  [845/1946] 1 tips from post (total unique: 2488)
  [850/1946] 11 tips from post (total unique: 2491)
  [855/1946] 11 tips from post (total unique: 2507)
  [860/1946] 11 tips from post (total unique: 2522)
  [865/1946] 11 tips from post (total unique: 2528)
  [870/1946] 1 tips from post (total unique: 2538)
  [875/1946] 1 tips from post (total unique: 2569)
  [880/1946] 11 tips from post (total unique: 2574)
  [885/1946] 11 tips from post (total unique: 2581)
  [890/1946] 0 tips from post (total unique: 2593)
  [895/1946] 1 tips from post (total unique: 2602)
  [900/1946] 1 tips from post (total unique: 2614)
  [905/1946] 21 tips from post (total unique: 2624)
  [910/1946] 11 tips from post (total unique: 2630)
  [915/1946] 0 tips from post (total unique: 2648)
  [920/1946] 11 tips from post (total unique: 2666)
  [925/1946] 0 tips from post (total unique: 2710)
  [930/1946] 0 tips from post (total unique: 2715)
  [935/1946] 0 tips from post (total unique: 2722)
  [940/1946] 1 tips from post (total unique: 2724)
  [945/1946] 11 tips from post (total unique: 2730)
  [950/1946] 0 tips from post (total unique: 2731)
  [955/1946] 1 tips from post (total unique: 2735)
  [960/1946] 11 tips from post (total unique: 2742)
  [965/1946] 1 tips from post (total unique: 2753)
  [970/1946] 11 tips from post (total unique: 2764)
  [975/1946] 1 tips from post (total unique: 2773)
  [980/1946] 1 tips from post (total unique: 2775)
  [985/1946] 1 tips from post (total unique: 2777)
  [990/1946] 0 tips from post (total unique: 2792)
  [995/1946] 11 tips from post (total unique: 2805)
  [1000/1946] 11 tips from post (total unique: 2817)
  [1005/1946] 11 tips from post (total unique: 2831)
  [1010/1946] 1 tips from post (total unique: 2838)
  [1015/1946] 11 tips from post (total unique: 2855)
  [1020/1946] 0 tips from post (total unique: 2860)
  [1025/1946] 11 tips from post (total unique: 2881)
  [1030/1946] 1 tips from post (total unique: 2888)
  [1035/1946] 0 tips from post (total unique: 2889)
  [1040/1946] 1 tips from post (total unique: 2899)
  [1045/1946] 1 tips from post (total unique: 2909)
  [1050/1946] 11 tips from post (total unique: 2941)
  [1055/1946] 1 tips from post (total unique: 2943)
  [1060/1946] 0 tips from post (total unique: 2945)
  [1065/1946] 0 tips from post (total unique: 2963)
  [1070/1946] 0 tips from post (total unique: 2971)
  [1075/1946] 0 tips from post (total unique: 2985)
  [1080/1946] 11 tips from post (total unique: 2999)
  [1085/1946] 11 tips from post (total unique: 3013)
  [1090/1946] 1 tips from post (total unique: 3016)
  [1095/1946] 1 tips from post (total unique: 3045)
  [1100/1946] 1 tips from post (total unique: 3061)
  [1105/1946] 0 tips from post (total unique: 3072)
  [1110/1946] 11 tips from post (total unique: 3096)
  [1115/1946] 1 tips from post (total unique: 3105)
  [1120/1946] 11 tips from post (total unique: 3116)
  [1125/1946] 0 tips from post (total unique: 3123)
  [1130/1946] 0 tips from post (total unique: 3126)
  [1135/1946] 0 tips from post (total unique: 3128)
  [1140/1946] 0 tips from post (total unique: 3145)
  [1145/1946] 0 tips from post (total unique: 3151)
  [1150/1946] 0 tips from post (total unique: 3151)
  [1155/1946] 0 tips from post (total unique: 3158)
  [1160/1946] 1 tips from post (total unique: 3165)
  [1165/1946] 0 tips from post (total unique: 3171)
  [1170/1946] 1 tips from post (total unique: 3174)
  [1175/1946] 1 tips from post (total unique: 3186)
  [1180/1946] 1 tips from post (total unique: 3195)
  [1185/1946] 0 tips from post (total unique: 3214)
  [1190/1946] 1 tips from post (total unique: 3228)
  [1195/1946] 11 tips from post (total unique: 3247)
  [1200/1946] 1 tips from post (total unique: 3260)
  [1205/1946] 1 tips from post (total unique: 3282)
  [1210/1946] 1 tips from post (total unique: 3288)
  [1215/1946] 21 tips from post (total unique: 3307)
  [1220/1946] 0 tips from post (total unique: 3331)
  [1225/1946] 1 tips from post (total unique: 3341)
  [1230/1946] 0 tips from post (total unique: 3344)
  [1235/1946] 1 tips from post (total unique: 3352)
  [1240/1946] 0 tips from post (total unique: 3361)
  [1245/1946] 1 tips from post (total unique: 3370)
  [1250/1946] 11 tips from post (total unique: 3398)
  [1255/1946] 1 tips from post (total unique: 3402)
  [1260/1946] 11 tips from post (total unique: 3414)
  [1265/1946] 0 tips from post (total unique: 3417)
  [1270/1946] 11 tips from post (total unique: 3428)
  [1275/1946] 1 tips from post (total unique: 3452)
  [1280/1946] 11 tips from post (total unique: 3468)
  [1285/1946] 1 tips from post (total unique: 3478)
  [1290/1946] 0 tips from post (total unique: 3488)
  [1295/1946] 0 tips from post (total unique: 3491)
  [1300/1946] 0 tips from post (total unique: 3508)
  [1305/1946] 1 tips from post (total unique: 3524)
  [1310/1946] 10 tips from post (total unique: 3543)
  [1315/1946] 1 tips from post (total unique: 3552)
  [1320/1946] 11 tips from post (total unique: 3558)
  [1325/1946] 0 tips from post (total unique: 3578)
  [1330/1946] 1 tips from post (total unique: 3590)
  [1335/1946] 0 tips from post (total unique: 3607)
  [1340/1946] 1 tips from post (total unique: 3612)
  [1345/1946] 11 tips from post (total unique: 3623)
  [1350/1946] 0 tips from post (total unique: 3632)
  [1355/1946] 11 tips from post (total unique: 3653)
  [1360/1946] 11 tips from post (total unique: 3664)
  [1365/1946] 0 tips from post (total unique: 3671)
  [1370/1946] 1 tips from post (total unique: 3682)
  [1375/1946] 1 tips from post (total unique: 3688)
  [1380/1946] 11 tips from post (total unique: 3708)
  [1385/1946] 0 tips from post (total unique: 3720)
  [1390/1946] 0 tips from post (total unique: 3733)
  [1395/1946] 11 tips from post (total unique: 3753)
  [1400/1946] 0 tips from post (total unique: 3754)
  [1405/1946] 11 tips from post (total unique: 3770)
  [1410/1946] 0 tips from post (total unique: 3783)
  [1415/1946] 11 tips from post (total unique: 3802)
  [1420/1946] 1 tips from post (total unique: 3815)
  [1425/1946] 1 tips from post (total unique: 3821)
  [1430/1946] 11 tips from post (total unique: 3839)
  [1435/1946] 1 tips from post (total unique: 3853)
  [1440/1946] 11 tips from post (total unique: 3871)
  [1445/1946] 11 tips from post (total unique: 3876)
  [1450/1946] 1 tips from post (total unique: 3880)
  [1455/1946] 1 tips from post (total unique: 3884)
  [1460/1946] 1 tips from post (total unique: 3907)
  [1465/1946] 11 tips from post (total unique: 3926)
  [1470/1946] 1 tips from post (total unique: 3936)
  [1475/1946] 1 tips from post (total unique: 3951)
  [1480/1946] 1 tips from post (total unique: 3967)
  [1485/1946] 1 tips from post (total unique: 3976)
  [1490/1946] 1 tips from post (total unique: 3983)
  [1495/1946] 11 tips from post (total unique: 3995)
  [1500/1946] 1 tips from post (total unique: 4009)
  [1505/1946] 1 tips from post (total unique: 4015)
  [1510/1946] 1 tips from post (total unique: 4024)
  [1515/1946] 1 tips from post (total unique: 4044)
  [1520/1946] 1 tips from post (total unique: 4056)
  [1525/1946] 0 tips from post (total unique: 4078)
  [1530/1946] 11 tips from post (total unique: 4101)
  [1535/1946] 1 tips from post (total unique: 4113)
  [1540/1946] 1 tips from post (total unique: 4128)
  [1545/1946] 0 tips from post (total unique: 4132)
  [1550/1946] 1 tips from post (total unique: 4137)
  [1555/1946] 1 tips from post (total unique: 4162)
  [1560/1946] 1 tips from post (total unique: 4167)
  [1565/1946] 11 tips from post (total unique: 4168)
  [1570/1946] 11 tips from post (total unique: 4186)
  [1575/1946] 11 tips from post (total unique: 4203)
  [1580/1946] 0 tips from post (total unique: 4206)
  [1585/1946] 1 tips from post (total unique: 4208)
  [1590/1946] 1 tips from post (total unique: 4210)
  [1595/1946] 0 tips from post (total unique: 4216)
  [1600/1946] 0 tips from post (total unique: 4233)
  [1605/1946] 0 tips from post (total unique: 4244)
  [1610/1946] 0 tips from post (total unique: 4253)
  [1615/1946] 0 tips from post (total unique: 4259)
  [1620/1946] 11 tips from post (total unique: 4271)
  [1625/1946] 0 tips from post (total unique: 4287)
  [1630/1946] 11 tips from post (total unique: 4309)
  [1635/1946] 0 tips from post (total unique: 4317)
  [1640/1946] 11 tips from post (total unique: 4338)
  [1645/1946] 0 tips from post (total unique: 4354)
  [1650/1946] 0 tips from post (total unique: 4356)
  [1655/1946] 0 tips from post (total unique: 4361)
  [1660/1946] 1 tips from post (total unique: 4365)
  [1665/1946] 11 tips from post (total unique: 4393)
  [1670/1946] 0 tips from post (total unique: 4402)
  [1675/1946] 0 tips from post (total unique: 4406)
  [1680/1946] 11 tips from post (total unique: 4417)
  [1685/1946] 11 tips from post (total unique: 4445)
  [1690/1946] 11 tips from post (total unique: 4456)
  [1695/1946] 11 tips from post (total unique: 4483)
  [1700/1946] 1 tips from post (total unique: 4500)
  [1705/1946] 11 tips from post (total unique: 4509)
  [1710/1946] 11 tips from post (total unique: 4539)
  [1715/1946] 1 tips from post (total unique: 4544)
  [1720/1946] 0 tips from post (total unique: 4548)
  [1725/1946] 0 tips from post (total unique: 4556)
  [1730/1946] 0 tips from post (total unique: 4571)
  [1735/1946] 1 tips from post (total unique: 4589)
  [1740/1946] 0 tips from post (total unique: 4590)
  [1745/1946] 1 tips from post (total unique: 4612)
  [1750/1946] 11 tips from post (total unique: 4625)
  [1755/1946] 0 tips from post (total unique: 4637)
  [1760/1946] 11 tips from post (total unique: 4647)
  [1765/1946] 0 tips from post (total unique: 4669)
  [1770/1946] 0 tips from post (total unique: 4680)
  [1775/1946] 0 tips from post (total unique: 4687)
  [1780/1946] 11 tips from post (total unique: 4700)
  [1785/1946] 0 tips from post (total unique: 4710)
  [1790/1946] 0 tips from post (total unique: 4728)
  [1795/1946] 1 tips from post (total unique: 4733)
  [1800/1946] 11 tips from post (total unique: 4744)
  [1805/1946] 0 tips from post (total unique: 4744)
  [1810/1946] 0 tips from post (total unique: 4754)
  [1815/1946] 0 tips from post (total unique: 4767)
  [1820/1946] 11 tips from post (total unique: 4785)
  [1825/1946] 11 tips from post (total unique: 4809)
  [1830/1946] 0 tips from post (total unique: 4820)
  [1835/1946] 0 tips from post (total unique: 4825)
  [1840/1946] 0 tips from post (total unique: 4834)
  [1845/1946] 1 tips from post (total unique: 4835)
  [1850/1946] 1 tips from post (total unique: 4838)
  [1855/1946] 0 tips from post (total unique: 4845)
  [1860/1946] 0 tips from post (total unique: 4852)
  [1865/1946] 0 tips from post (total unique: 4858)
  [1870/1946] 1 tips from post (total unique: 4868)
  [1875/1946] 1 tips from post (total unique: 4879)
  [1880/1946] 1 tips from post (total unique: 4901)
  [1885/1946] 1 tips from post (total unique: 4914)
  [1890/1946] 1 tips from post (total unique: 4916)
  [1895/1946] 0 tips from post (total unique: 4920)
  [1900/1946] 11 tips from post (total unique: 4930)
  [1905/1946] 0 tips from post (total unique: 4940)
  [1910/1946] 0 tips from post (total unique: 4952)
  [1915/1946] 0 tips from post (total unique: 4960)
  [1920/1946] 0 tips from post (total unique: 4966)
  [1925/1946] 1 tips from post (total unique: 4972)
  [1930/1946] 1 tips from post (total unique: 4976)
  [1935/1946] 1 tips from post (total unique: 4989)
  [1940/1946] 11 tips from post (total unique: 5001)
  [1945/1946] 0 tips from post (total unique: 5023)
  Total unique tips: 5027
  [10/5027] added=7100 updated=26
  [ERROR] https://muenchen.mitvergnuegen.com/api/v1/tips/106/: HTTP Error 404: Not Found
  [ERROR] https://muenchen.mitvergnuegen.com/api/v1/tips/126/: HTTP Error 404: Not Found
  [ERROR] https://muenchen.mitvergnuegen.com/api/v1/tips/156/: HTTP Error 404: Not Found
  [ERROR] https://muenchen.mitvergnuegen.com/api/v1/tips/198/: HTTP Error 404: Not Found
  [ERROR] https://muenchen.mitvergnuegen.com/api/v1/tips/206/: HTTP Error 404: Not Found
  [ERROR] https://muenchen.mitvergnuegen.com/api/v1/tips/208/: HTTP Error 404: Not Found
  [ERROR] https://muenchen.mitvergnuegen.com/api/v1/tips/219/: HTTP Error 404: Not Found
  [ERROR] https://muenchen.mitvergnuegen.com/api/v1/tips/220/: HTTP Error 404: Not Found
  [ERROR] https://muenchen.mitvergnuegen.com/api/v1/tips/248/: HTTP Error 404: Not Found
  [20/5027] added=7110 updated=26
  [ERROR] https://muenchen.mitvergnuegen.com/api/v1/tips/306/: HTTP Error 404: Not Found
  [ERROR] https://muenchen.mitvergnuegen.com/api/v1/tips/307/: HTTP Error 404: Not Found
  [30/5027] added=7120 updated=26
  [ERROR] https://muenchen.mitvergnuegen.com/api/v1/tips/455/: HTTP Error 404: Not Found
  [ERROR] https://muenchen.mitvergnuegen.com/api/v1/tips/513/: HTTP Error 404: Not Found
  [ERROR] https://muenchen.mitvergnuegen.com/api/v1/tips/776/: HTTP Error 404: Not Found
  [40/5027] added=7130 updated=26
  [ERROR] https://muenchen.mitvergnuegen.com/api/v1/tips/788/: HTTP Error 404: Not Found
  [ERROR] https://muenchen.mitvergnuegen.com/api/v1/tips/888/: HTTP Error 404: Not Found
  [ERROR] https://muenchen.mitvergnuegen.com/api/v1/tips/892/: HTTP Error 404: Not Found
  [ERROR] https://muenchen.mitvergnuegen.com/api/v1/tips/943/: HTTP Error 404: Not Found
  [ERROR] https://muenchen.mitvergnuegen.com/api/v1/tips/1027/: HTTP Error 404: Not Found
  [ERROR] https://muenchen.mitvergnuegen.com/api/v1/tips/1030/: HTTP Error 404: Not Found
  [ERROR] https://muenchen.mitvergnuegen.com/api/v1/tips/1132/: HTTP Error 404: Not Found
  [50/5027] added=7140 updated=26
  [ERROR] https://muenchen.mitvergnuegen.com/api/v1/tips/1215/: HTTP Error 404: Not Found
  [ERROR] https://muenchen.mitvergnuegen.com/api/v1/tips/1245/: HTTP Error 404: Not Found
  [ERROR] https://muenchen.mitvergnuegen.com/api/v1/tips/1311/: HTTP Error 404: Not Found
  [ERROR] https://muenchen.mitvergnuegen.com/api/v1/tips/1329/: HTTP Error 404: Not Found
  [ERROR] https://muenchen.mitvergnuegen.com/api/v1/tips/1336/: HTTP Error 404: Not Found
  [60/5027] added=7150 updated=26
  [ERROR] https://muenchen.mitvergnuegen.com/api/v1/tips/1527/: HTTP Error 404: Not Found
  [ERROR] https://muenchen.mitvergnuegen.com/api/v1/tips/1546/: HTTP Error 404: Not Found
  [ERROR] https://muenchen.mitvergnuegen.com/api/v1/tips/1547/: HTTP Error 404: Not Found
  [70/5027] added=7160 updated=26
  [ERROR] https://muenchen.mitvergnuegen.com/api/v1/tips/1622/: HTTP Error 404: Not Found
  [ERROR] https://muenchen.mitvergnuegen.com/api/v1/tips/1628/: HTTP Error 404: Not Found
  [ERROR] https://muenchen.mitvergnuegen.com/api/v1/tips/1633/: HTTP Error 404: Not Found
  [ERROR] https://muenchen.mitvergnuegen.com/api/v1/tips/1635/: HTTP Error 404: Not Found
  [ERROR] https://muenchen.mitvergnuegen.com/api/v1/tips/1636/: HTTP Error 404: Not Found
  [ERROR] https://muenchen.mitvergnuegen.com/api/v1/tips/1638/: HTTP Error 404: Not Found
  [ERROR] https://muenchen.mitvergnuegen.com/api/v1/tips/1639/: HTTP Error 404: Not Found
  [ERROR] https://muenchen.mitvergnuegen.com/api/v1/tips/1640/: HTTP Error 404: Not Found
  [ERROR] https://muenchen.mitvergnuegen.com/api/v1/tips/1644/: HTTP Error 404: Not Found
  [ERROR] https://muenchen.mitvergnuegen.com/api/v1/tips/1684/: HTTP Error 404: Not Found
  [ERROR] https://muenchen.mitvergnuegen.com/api/v1/tips/1747/: HTTP Error 404: Not Found
  [ERROR] https://muenchen.mitvergnuegen.com/api/v1/tips/1757/: HTTP Error 404: Not Found
  [ERROR] https://muenchen.mitvergnuegen.com/api/v1/tips/1800/: HTTP Error 404: Not Found
  [ERROR] https://muenchen.mitvergnuegen.com/api/v1/tips/1804/: HTTP Error 404: Not Found
  [80/5027] added=7170 updated=26
  [ERROR] https://muenchen.mitvergnuegen.com/api/v1/tips/1823/: HTTP Error 404: Not Found
  [ERROR] https://muenchen.mitvergnuegen.com/api/v1/tips/1837/: HTTP Error 404: Not Found
  [90/5027] added=7180 updated=26
  [ERROR] https://muenchen.mitvergnuegen.com/api/v1/tips/1851/: HTTP Error 404: Not Found
  [ERROR] https://muenchen.mitvergnuegen.com/api/v1/tips/1908/: HTTP Error 404: Not Found
  [ERROR] https://muenchen.mitvergnuegen.com/api/v1/tips/1978/: HTTP Error 404: Not Found
  [ERROR] https://muenchen.mitvergnuegen.com/api/v1/tips/1979/: HTTP Error 404: Not Found
  [ERROR] https://muenchen.mitvergnuegen.com/api/v1/tips/2070/: HTTP Error 404: Not Found
  [ERROR] https://muenchen.mitvergnuegen.com/api/v1/tips/2094/: HTTP Error 404: Not Found
  [ERROR] https://muenchen.mitvergnuegen.com/api/v1/tips/2095/: HTTP Error 404: Not Found
  [100/5027] added=7190 updated=26
  [ERROR] https://muenchen.mitvergnuegen.com/api/v1/tips/2149/: HTTP Error 404: Not Found
  [ERROR] https://muenchen.mitvergnuegen.com/api/v1/tips/2152/: HTTP Error 404: Not Found
  [ERROR] https://muenchen.mitvergnuegen.com/api/v1/tips/2211/: HTTP Error 404: Not Found
  [ERROR] https://muenchen.mitvergnuegen.com/api/v1/tips/2212/: HTTP Error 404: Not Found
  [ERROR] https://muenchen.mitvergnuegen.com/api/v1/tips/2523/: HTTP Error 404: Not Found
  [ERROR] https://muenchen.mitvergnuegen.com/api/v1/tips/2533/: HTTP Error 404: Not Found
  [ERROR] https://muenchen.mitvergnuegen.com/api/v1/tips/2603/: HTTP Error 404: Not Found
  [ERROR] https://muenchen.mitvergnuegen.com/api/v1/tips/2604/: HTTP Error 404: Not Found
  [ERROR] https://muenchen.mitvergnuegen.com/api/v1/tips/2653/: HTTP Error 404: Not Found
  [ERROR] https://muenchen.mitvergnuegen.com/api/v1/tips/2664/: HTTP Error 404: Not Found
  [ERROR] https://muenchen.mitvergnuegen.com/api/v1/tips/2720/: HTTP Error 404: Not Found
  [110/5027] added=7200 updated=26
  [ERROR] https://muenchen.mitvergnuegen.com/api/v1/tips/2807/: HTTP Error 404: Not Found
  [ERROR] https://muenchen.mitvergnuegen.com/api/v1/tips/2814/: HTTP Error 404: Not Found
  [ERROR] https://muenchen.mitvergnuegen.com/api/v1/tips/2818/: HTTP Error 404: Not Found
  [ERROR] https://muenchen.mitvergnuegen.com/api/v1/tips/2911/: HTTP Error 404: Not Found
  [ERROR] https://muenchen.mitvergnuegen.com/api/v1/tips/2943/: HTTP Error 404: Not Found
  [ERROR] https://muenchen.mitvergnuegen.com/api/v1/tips/3060/: HTTP Error 404: Not Found
  [120/5027] added=7210 updated=26
  [130/5027] added=7220 updated=26
  [ERROR] https://muenchen.mitvergnuegen.com/api/v1/tips/3272/: HTTP Error 404: Not Found
  [ERROR] https://muenchen.mitvergnuegen.com/api/v1/tips/3283/: HTTP Error 404: Not Found
  [ERROR] https://muenchen.mitvergnuegen.com/api/v1/tips/3294/: HTTP Error 404: Not Found
  [ERROR] https://muenchen.mitvergnuegen.com/api/v1/tips/3478/: HTTP Error 404: Not Found
  [ERROR] https://muenchen.mitvergnuegen.com/api/v1/tips/3479/: HTTP Error 404: Not Found
  [ERROR] https://muenchen.mitvergnuegen.com/api/v1/tips/3570/: HTTP Error 404: Not Found
  [ERROR] https://muenchen.mitvergnuegen.com/api/v1/tips/3589/: HTTP Error 404: Not Found
  [ERROR] https://muenchen.mitvergnuegen.com/api/v1/tips/3593/: HTTP Error 404: Not Found
  [ERROR] https://muenchen.mitvergnuegen.com/api/v1/tips/3595/: HTTP Error 404: Not Found
  [ERROR] https://muenchen.mitvergnuegen.com/api/v1/tips/3674/: HTTP Error 404: Not Found
  [140/5027] added=7230 updated=26
  [ERROR] https://muenchen.mitvergnuegen.com/api/v1/tips/3747/: HTTP Error 404: Not Found
  [150/5027] added=7240 updated=26
  [ERROR] https://muenchen.mitvergnuegen.com/api/v1/tips/3848/: HTTP Error 404: Not Found
  [160/5027] added=7250 updated=26
  [ERROR] https://muenchen.mitvergnuegen.com/api/v1/tips/3944/: HTTP Error 404: Not Found
  [ERROR] https://muenchen.mitvergnuegen.com/api/v1/tips/4048/: HTTP Error 404: Not Found
  [ERROR] https://muenchen.mitvergnuegen.com/api/v1/tips/4130/: HTTP Error 404: Not Found
  [ERROR] https://muenchen.mitvergnuegen.com/api/v1/tips/4236/: HTTP Error 404: Not Found
  [ERROR] https://muenchen.mitvergnuegen.com/api/v1/tips/4238/: HTTP Error 404: Not Found
  [170/5027] added=7260 updated=26
  [ERROR] https://muenchen.mitvergnuegen.com/api/v1/tips/4403/: HTTP Error 404: Not Found
  [ERROR] https://muenchen.mitvergnuegen.com/api/v1/tips/4417/: HTTP Error 404: Not Found
  [ERROR] https://muenchen.mitvergnuegen.com/api/v1/tips/4483/: HTTP Error 404: Not Found
  [ERROR] https://muenchen.mitvergnuegen.com/api/v1/tips/4663/: HTTP Error 404: Not Found
  [ERROR] https://muenchen.mitvergnuegen.com/api/v1/tips/4666/: HTTP Error 404: Not Found
  [ERROR] https://muenchen.mitvergnuegen.com/api/v1/tips/4677/: HTTP Error 404: Not Found
  [180/5027] added=7270 updated=26
  [ERROR] https://muenchen.mitvergnuegen.com/api/v1/tips/4709/: HTTP Error 404: Not Found
  [190/5027] added=7280 updated=26
  [ERROR] https://muenchen.mitvergnuegen.com/api/v1/tips/5047/: HTTP Error 404: Not Found
  [ERROR] https://muenchen.mitvergnuegen.com/api/v1/tips/5074/: HTTP Error 404: Not Found
  [ERROR] https://muenchen.mitvergnuegen.com/api/v1/tips/5076/: HTTP Error 404: Not Found
  [ERROR] https://muenchen.mitvergnuegen.com/api/v1/tips/5077/: HTTP Error 404: Not Found
  [ERROR] https://muenchen.mitvergnuegen.com/api/v1/tips/5081/: HTTP Error 404: Not Found
  [ERROR] https://muenchen.mitvergnuegen.com/api/v1/tips/5084/: HTTP Error 404: Not Found
  [ERROR] https://muenchen.mitvergnuegen.com/api/v1/tips/5085/: HTTP Error 404: Not Found
  [ERROR] https://muenchen.mitvergnuegen.com/api/v1/tips/5219/: HTTP Error 404: Not Found
  [ERROR] https://muenchen.mitvergnuegen.com/api/v1/tips/5225/: HTTP Error 404: Not Found
  [ERROR] https://muenchen.mitvergnuegen.com/api/v1/tips/5250/: HTTP Error 404: Not Found
  [ERROR] https://muenchen.mitvergnuegen.com/api/v1/tips/5251/: HTTP Error 404: Not Found
  [200/5027] added=7290 updated=26
  [ERROR] https://muenchen.mitvergnuegen.com/api/v1/tips/5275/: HTTP Error 404: Not Found
  [ERROR] https://muenchen.mitvergnuegen.com/api/v1/tips/5344/: HTTP Error 404: Not Found
  [ERROR] https://muenchen.mitvergnuegen.com/api/v1/tips/5346/: HTTP Error 404: Not Found
  [ERROR] https://muenchen.mitvergnuegen.com/api/v1/tips/5350/: HTTP Error 404: Not Found
  [ERROR] https://muenchen.mitvergnuegen.com/api/v1/tips/5503/: HTTP Error 404: Not Found
  [ERROR] https://muenchen.mitvergnuegen.com/api/v1/tips/5533/: HTTP Error 404: Not Found
  [ERROR] https://muenchen.mitvergnuegen.com/api/v1/tips/5543/: HTTP Error 404: Not Found
  [ERROR] https://muenchen.mitvergnuegen.com/api/v1/tips/5550/: HTTP Error 404: Not Found
  [ERROR] https://muenchen.mitvergnuegen.com/api/v1/tips/5649/: HTTP Error 404: Not Found
  [ERROR] https://muenchen.mitvergnuegen.com/api/v1/tips/5731/: HTTP Error 404: Not Found
  [ERROR] https://muenchen.mitvergnuegen.com/api/v1/tips/5754/: HTTP Error 404: Not Found
  [210/5027] added=7300 updated=26
  [220/5027] added=7310 updated=26
  [ERROR] https://muenchen.mitvergnuegen.com/api/v1/tips/5864/: HTTP Error 404: Not Found
  [ERROR] https://muenchen.mitvergnuegen.com/api/v1/tips/6097/: HTTP Error 404: Not Found
  [ERROR] https://muenchen.mitvergnuegen.com/api/v1/tips/6147/: HTTP Error 404: Not Found
  [ERROR] https://muenchen.mitvergnuegen.com/api/v1/tips/6167/: HTTP Error 404: Not Found
  [230/5027] added=7320 updated=26
  [ERROR] https://muenchen.mitvergnuegen.com/api/v1/tips/6201/: HTTP Error 404: Not Found
  [240/5027] added=7330 updated=26
  [ERROR] https://muenchen.mitvergnuegen.com/api/v1/tips/6393/: HTTP Error 404: Not Found
  [ERROR] https://muenchen.mitvergnuegen.com/api/v1/tips/6466/: HTTP Error 404: Not Found
  [ERROR] https://muenchen.mitvergnuegen.com/api/v1/tips/6829/: HTTP Error 404: Not Found
  [250/5027] added=7340 updated=26
  [ERROR] https://muenchen.mitvergnuegen.com/api/v1/tips/6894/: HTTP Error 404: Not Found
  [ERROR] https://muenchen.mitvergnuegen.com/api/v1/tips/7116/: HTTP Error 404: Not Found
  [ERROR] https://muenchen.mitvergnuegen.com/api/v1/tips/7388/: HTTP Error 404: Not Found
  [ERROR] https://muenchen.mitvergnuegen.com/api/v1/tips/7483/: HTTP Error 404: Not Found
  [ERROR] https://muenchen.mitvergnuegen.com/api/v1/tips/7790/: HTTP Error 404: Not Found
  [ERROR] https://muenchen.mitvergnuegen.com/api/v1/tips/7802/: HTTP Error 404: Not Found
  [ERROR] https://muenchen.mitvergnuegen.com/api/v1/tips/7811/: HTTP Error 404: Not Found
  [ERROR] https://muenchen.mitvergnuegen.com/api/v1/tips/7817/: HTTP Error 404: Not Found
  [ERROR] https://muenchen.mitvergnuegen.com/api/v1/tips/7818/: HTTP Error 404: Not Found
  [ERROR] https://muenchen.mitvergnuegen.com/api/v1/tips/7824/: HTTP Error 404: Not Found
  [ERROR] https://muenchen.mitvergnuegen.com/api/v1/tips/7832/: HTTP Error 404: Not Found
  [ERROR] https://muenchen.mitvergnuegen.com/api/v1/tips/7834/: HTTP Error 404: Not Found
  [260/5027] added=7350 updated=26
  [ERROR] https://muenchen.mitvergnuegen.com/api/v1/tips/8178/: HTTP Error 404: Not Found
  [ERROR] https://muenchen.mitvergnuegen.com/api/v1/tips/8206/: HTTP Error 404: Not Found
  [ERROR] https://muenchen.mitvergnuegen.com/api/v1/tips/8226/: HTTP Error 404: Not Found
  [270/5027] added=7360 updated=26
  [ERROR] https://muenchen.mitvergnuegen.com/api/v1/tips/8307/: HTTP Error 404: Not Found
  [ERROR] https://muenchen.mitvergnuegen.com/api/v1/tips/8309/: HTTP Error 404: Not Found
  [ERROR] https://muenchen.mitvergnuegen.com/api/v1/tips/8314/: HTTP Error 404: Not Found
  [ERROR] https://muenchen.mitvergnuegen.com/api/v1/tips/8325/: HTTP Error 404: Not Found
  [ERROR] https://muenchen.mitvergnuegen.com/api/v1/tips/8326/: HTTP Error 404: Not Found
  [280/5027] added=7370 updated=26
  [ERROR] https://muenchen.mitvergnuegen.com/api/v1/tips/8465/: HTTP Error 404: Not Found
  [ERROR] https://muenchen.mitvergnuegen.com/api/v1/tips/8499/: HTTP Error 404: Not Found
  [ERROR] https://muenchen.mitvergnuegen.com/api/v1/tips/8501/: HTTP Error 404: Not Found
  [ERROR] https://muenchen.mitvergnuegen.com/api/v1/tips/8503/: HTTP Error 404: Not Found
  [ERROR] https://muenchen.mitvergnuegen.com/api/v1/tips/8504/: HTTP Error 404: Not Found
  [ERROR] https://muenchen.mitvergnuegen.com/api/v1/tips/8508/: HTTP Error 404: Not Found
  [ERROR] https://muenchen.mitvergnuegen.com/api/v1/tips/8514/: HTTP Error 404: Not Found
  [ERROR] https://muenchen.mitvergnuegen.com/api/v1/tips/8589/: HTTP Error 404: Not Found
  [ERROR] https://muenchen.mitvergnuegen.com/api/v1/tips/8698/: HTTP Error 404: Not Found
  [ERROR] https://muenchen.mitvergnuegen.com/api/v1/tips/8725/: HTTP Error 404: Not Found
  [290/5027] added=7380 updated=26
  [ERROR] https://muenchen.mitvergnuegen.com/api/v1/tips/8858/: HTTP Error 404: Not Found
  [ERROR] https://muenchen.mitvergnuegen.com/api/v1/tips/8869/: HTTP Error 404: Not Found
  [300/5027] added=7390 updated=26
  [310/5027] added=7400 updated=26
  [ERROR] https://muenchen.mitvergnuegen.com/api/v1/tips/9464/: HTTP Error 404: Not Found
  [ERROR] https://muenchen.mitvergnuegen.com/api/v1/tips/9567/: HTTP Error 404: Not Found
  [ERROR] https://muenchen.mitvergnuegen.com/api/v1/tips/9572/: HTTP Error 404: Not Found
  [ERROR] https://muenchen.mitvergnuegen.com/api/v1/tips/9578/: HTTP Error 404: Not Found
  [ERROR] https://muenchen.mitvergnuegen.com/api/v1/tips/9586/: HTTP Error 404: Not Found
  [ERROR] https://muenchen.mitvergnuegen.com/api/v1/tips/9589/: HTTP Error 404: Not Found
  [ERROR] https://muenchen.mitvergnuegen.com/api/v1/tips/9833/: HTTP Error 404: Not Found
  [320/5027] added=7410 updated=26
  [ERROR] https://muenchen.mitvergnuegen.com/api/v1/tips/10050/: HTTP Error 404: Not Found
  [ERROR] https://muenchen.mitvergnuegen.com/api/v1/tips/10064/: HTTP Error 404: Not Found
  [ERROR] https://muenchen.mitvergnuegen.com/api/v1/tips/10069/: HTTP Error 404: Not Found
  [ERROR] https://muenchen.mitvergnuegen.com/api/v1/tips/10072/: HTTP Error 404: Not Found
  [330/5027] added=7420 updated=26
  [ERROR] https://muenchen.mitvergnuegen.com/api/v1/tips/10340/: HTTP Error 404: Not Found
  [ERROR] https://muenchen.mitvergnuegen.com/api/v1/tips/10369/: HTTP Error 404: Not Found
  [ERROR] https://muenchen.mitvergnuegen.com/api/v1/tips/10379/: HTTP Error 404: Not Found
  [ERROR] https://muenchen.mitvergnuegen.com/api/v1/tips/10387/: HTTP Error 404: Not Found
  [ERROR] https://muenchen.mitvergnuegen.com/api/v1/tips/10677/: HTTP Error 404: Not Found
  [ERROR] https://muenchen.mitvergnuegen.com/api/v1/tips/10680/: HTTP Error 404: Not Found
  [340/5027] added=7430 updated=26
  [ERROR] https://muenchen.mitvergnuegen.com/api/v1/tips/10692/: HTTP Error 404: Not Found
  [ERROR] https://muenchen.mitvergnuegen.com/api/v1/tips/10780/: HTTP Error 404: Not Found
  [ERROR] https://muenchen.mitvergnuegen.com/api/v1/tips/10914/: HTTP Error 404: Not Found
  [ERROR] https://muenchen.mitvergnuegen.com/api/v1/tips/10969/: HTTP Error 404: Not Found
  [350/5027] added=7440 updated=26
  [ERROR] https://muenchen.mitvergnuegen.com/api/v1/tips/11091/: HTTP Error 404: Not Found
  [ERROR] https://muenchen.mitvergnuegen.com/api/v1/tips/11343/: HTTP Error 404: Not Found
  [ERROR] https://muenchen.mitvergnuegen.com/api/v1/tips/11572/: HTTP Error 404: Not Found
  [ERROR] https://muenchen.mitvergnuegen.com/api/v1/tips/11607/: HTTP Error 404: Not Found
  [ERROR] https://muenchen.mitvergnuegen.com/api/v1/tips/11783/: HTTP Error 404: Not Found
  [360/5027] added=7450 updated=26
  [ERROR] https://muenchen.mitvergnuegen.com/api/v1/tips/11868/: HTTP Error 404: Not Found
  [ERROR] https://muenchen.mitvergnuegen.com/api/v1/tips/11937/: HTTP Error 404: Not Found
  [370/5027] added=7460 updated=26
  [ERROR] https://muenchen.mitvergnuegen.com/api/v1/tips/12167/: HTTP Error 404: Not Found
  [ERROR] https://muenchen.mitvergnuegen.com/api/v1/tips/12254/: HTTP Error 404: Not Found
  [ERROR] https://muenchen.mitvergnuegen.com/api/v1/tips/12259/: HTTP Error 404: Not Found
  [380/5027] added=7470 updated=26
  [ERROR] https://muenchen.mitvergnuegen.com/api/v1/tips/12369/: HTTP Error 404: Not Found
  [ERROR] https://muenchen.mitvergnuegen.com/api/v1/tips/12386/: HTTP Error 404: Not Found
  [ERROR] https://muenchen.mitvergnuegen.com/api/v1/tips/12395/: HTTP Error 404: Not Found
  [ERROR] https://muenchen.mitvergnuegen.com/api/v1/tips/12440/: HTTP Error 404: Not Found
  [ERROR] https://muenchen.mitvergnuegen.com/api/v1/tips/12520/: HTTP Error 404: Not Found
  [ERROR] https://muenchen.mitvergnuegen.com/api/v1/tips/12748/: HTTP Error 404: Not Found
  [ERROR] https://muenchen.mitvergnuegen.com/api/v1/tips/12761/: HTTP Error 404: Not Found
  [390/5027] added=7480 updated=26
  [ERROR] https://muenchen.mitvergnuegen.com/api/v1/tips/12857/: HTTP Error 404: Not Found
  [ERROR] https://muenchen.mitvergnuegen.com/api/v1/tips/12984/: HTTP Error 404: Not Found
  [ERROR] https://muenchen.mitvergnuegen.com/api/v1/tips/13065/: HTTP Error 404: Not Found
  [400/5027] added=7490 updated=26
  [ERROR] https://muenchen.mitvergnuegen.com/api/v1/tips/13206/: HTTP Error 404: Not Found
  [ERROR] https://muenchen.mitvergnuegen.com/api/v1/tips/13313/: HTTP Error 404: Not Found
  [410/5027] added=7500 updated=26
  [ERROR] https://muenchen.mitvergnuegen.com/api/v1/tips/13348/: HTTP Error 404: Not Found
  [ERROR] https://muenchen.mitvergnuegen.com/api/v1/tips/13576/: HTTP Error 404: Not Found
  [ERROR] https://muenchen.mitvergnuegen.com/api/v1/tips/13714/: HTTP Error 404: Not Found
  [420/5027] added=7510 updated=26
  [ERROR] https://muenchen.mitvergnuegen.com/api/v1/tips/13765/: HTTP Error 404: Not Found
  [ERROR] https://muenchen.mitvergnuegen.com/api/v1/tips/13826/: HTTP Error 404: Not Found
  [430/5027] added=7520 updated=26
  [ERROR] https://muenchen.mitvergnuegen.com/api/v1/tips/13983/: HTTP Error 404: Not Found
  [ERROR] https://muenchen.mitvergnuegen.com/api/v1/tips/14209/: HTTP Error 404: Not Found
  [ERROR] https://muenchen.mitvergnuegen.com/api/v1/tips/14216/: HTTP Error 404: Not Found
  [ERROR] https://muenchen.mitvergnuegen.com/api/v1/tips/14217/: HTTP Error 404: Not Found
  [ERROR] https://muenchen.mitvergnuegen.com/api/v1/tips/14231/: HTTP Error 404: Not Found
  [ERROR] https://muenchen.mitvergnuegen.com/api/v1/tips/14236/: HTTP Error 404: Not Found
  [ERROR] https://muenchen.mitvergnuegen.com/api/v1/tips/14293/: HTTP Error 404: Not Found
  [440/5027] added=7530 updated=26
  [ERROR] https://muenchen.mitvergnuegen.com/api/v1/tips/14396/: HTTP Error 404: Not Found
  [ERROR] https://muenchen.mitvergnuegen.com/api/v1/tips/14403/: HTTP Error 404: Not Found
  [ERROR] https://muenchen.mitvergnuegen.com/api/v1/tips/14426/: HTTP Error 404: Not Found
  [ERROR] https://muenchen.mitvergnuegen.com/api/v1/tips/14432/: HTTP Error 404: Not Found
  [450/5027] added=7540 updated=26
  [ERROR] https://muenchen.mitvergnuegen.com/api/v1/tips/14852/: HTTP Error 404: Not Found
  [ERROR] https://muenchen.mitvergnuegen.com/api/v1/tips/14860/: HTTP Error 404: Not Found
  [460/5027] added=7550 updated=26
  [ERROR] https://muenchen.mitvergnuegen.com/api/v1/tips/14984/: HTTP Error 404: Not Found
  [ERROR] https://muenchen.mitvergnuegen.com/api/v1/tips/14985/: HTTP Error 404: Not Found
  [ERROR] https://muenchen.mitvergnuegen.com/api/v1/tips/14987/: HTTP Error 404: Not Found
  [ERROR] https://muenchen.mitvergnuegen.com/api/v1/tips/14989/: HTTP Error 404: Not Found
  [ERROR] https://muenchen.mitvergnuegen.com/api/v1/tips/14991/: HTTP Error 404: Not Found
  [ERROR] https://muenchen.mitvergnuegen.com/api/v1/tips/14993/: HTTP Error 404: Not Found
  [ERROR] https://muenchen.mitvergnuegen.com/api/v1/tips/14996/: HTTP Error 404: Not Found
  [ERROR] https://muenchen.mitvergnuegen.com/api/v1/tips/14999/: HTTP Error 404: Not Found
  [ERROR] https://muenchen.mitvergnuegen.com/api/v1/tips/15034/: HTTP Error 404: Not Found
  [ERROR] https://muenchen.mitvergnuegen.com/api/v1/tips/15053/: HTTP Error 404: Not Found
  [ERROR] https://muenchen.mitvergnuegen.com/api/v1/tips/15134/: HTTP Error 404: Not Found
  [ERROR] https://muenchen.mitvergnuegen.com/api/v1/tips/15280/: HTTP Error 404: Not Found
  [ERROR] https://muenchen.mitvergnuegen.com/api/v1/tips/15310/: HTTP Error 404: Not Found
  [ERROR] https://muenchen.mitvergnuegen.com/api/v1/tips/15316/: HTTP Error 404: Not Found
  [ERROR] https://muenchen.mitvergnuegen.com/api/v1/tips/15339/: HTTP Error 404: Not Found
  [ERROR] https://muenchen.mitvergnuegen.com/api/v1/tips/15364/: HTTP Error 404: Not Found
  [ERROR] https://muenchen.mitvergnuegen.com/api/v1/tips/15388/: HTTP Error 404: Not Found
  [ERROR] https://muenchen.mitvergnuegen.com/api/v1/tips/15395/: HTTP Error 404: Not Found
  [ERROR] https://muenchen.mitvergnuegen.com/api/v1/tips/15401/: HTTP Error 404: Not Found
  [ERROR] https://muenchen.mitvergnuegen.com/api/v1/tips/15405/: HTTP Error 404: Not Found
  [ERROR] https://muenchen.mitvergnuegen.com/api/v1/tips/15411/: HTTP Error 404: Not Found
  [ERROR] https://muenchen.mitvergnuegen.com/api/v1/tips/15501/: HTTP Error 404: Not Found
  [470/5027] added=7560 updated=26
  [ERROR] https://muenchen.mitvergnuegen.com/api/v1/tips/15633/: HTTP Error 404: Not Found
  [ERROR] https://muenchen.mitvergnuegen.com/api/v1/tips/15634/: HTTP Error 404: Not Found
  [ERROR] https://muenchen.mitvergnuegen.com/api/v1/tips/15648/: HTTP Error 404: Not Found
  [ERROR] https://muenchen.mitvergnuegen.com/api/v1/tips/15650/: HTTP Error 404: Not Found
  [ERROR] https://muenchen.mitvergnuegen.com/api/v1/tips/15661/: HTTP Error 404: Not Found
  [480/5027] added=7570 updated=26
  [490/5027] added=7580 updated=26
  [ERROR] https://muenchen.mitvergnuegen.com/api/v1/tips/16360/: HTTP Error 404: Not Found
  [ERROR] https://muenchen.mitvergnuegen.com/api/v1/tips/16403/: HTTP Error 404: Not Found
  [500/5027] added=7590 updated=26
  [ERROR] https://muenchen.mitvergnuegen.com/api/v1/tips/16421/: HTTP Error 404: Not Found
  [ERROR] https://muenchen.mitvergnuegen.com/api/v1/tips/16585/: HTTP Error 404: Not Found
  [ERROR] https://muenchen.mitvergnuegen.com/api/v1/tips/16587/: HTTP Error 404: Not Found
  [ERROR] https://muenchen.mitvergnuegen.com/api/v1/tips/16627/: HTTP Error 404: Not Found
  [ERROR] https://muenchen.mitvergnuegen.com/api/v1/tips/16661/: HTTP Error 404: Not Found
  [ERROR] https://muenchen.mitvergnuegen.com/api/v1/tips/16670/: HTTP Error 404: Not Found
  [ERROR] https://muenchen.mitvergnuegen.com/api/v1/tips/16689/: HTTP Error 404: Not Found
  [510/5027] added=7600 updated=26
  [ERROR] https://muenchen.mitvergnuegen.com/api/v1/tips/16725/: HTTP Error 404: Not Found
  [ERROR] https://muenchen.mitvergnuegen.com/api/v1/tips/16733/: HTTP Error 404: Not Found
  [ERROR] https://muenchen.mitvergnuegen.com/api/v1/tips/16856/: HTTP Error 404: Not Found
  [ERROR] https://muenchen.mitvergnuegen.com/api/v1/tips/16886/: HTTP Error 404: Not Found
  [ERROR] https://muenchen.mitvergnuegen.com/api/v1/tips/16903/: HTTP Error 404: Not Found
  [ERROR] https://muenchen.mitvergnuegen.com/api/v1/tips/16907/: HTTP Error 404: Not Found
  [520/5027] added=7610 updated=26
  [ERROR] https://muenchen.mitvergnuegen.com/api/v1/tips/16957/: HTTP Error 404: Not Found
  [ERROR] https://muenchen.mitvergnuegen.com/api/v1/tips/16963/: HTTP Error 404: Not Found
  [ERROR] https://muenchen.mitvergnuegen.com/api/v1/tips/16965/: HTTP Error 404: Not Found
  [ERROR] https://muenchen.mitvergnuegen.com/api/v1/tips/16967/: HTTP Error 404: Not Found
  [ERROR] https://muenchen.mitvergnuegen.com/api/v1/tips/16969/: HTTP Error 404: Not Found
  [ERROR] https://muenchen.mitvergnuegen.com/api/v1/tips/16972/: HTTP Error 404: Not Found
  [ERROR] https://muenchen.mitvergnuegen.com/api/v1/tips/16975/: HTTP Error 404: Not Found
  [ERROR] https://muenchen.mitvergnuegen.com/api/v1/tips/16977/: HTTP Error 404: Not Found
  [ERROR] https://muenchen.mitvergnuegen.com/api/v1/tips/16979/: HTTP Error 404: Not Found
  [ERROR] https://muenchen.mitvergnuegen.com/api/v1/tips/16983/: HTTP Error 404: Not Found
  [ERROR] https://muenchen.mitvergnuegen.com/api/v1/tips/17083/: HTTP Error 404: Not Found
  [ERROR] https://muenchen.mitvergnuegen.com/api/v1/tips/17144/: HTTP Error 404: Not Found
  [ERROR] https://muenchen.mitvergnuegen.com/api/v1/tips/17152/: HTTP Error 404: Not Found
  [ERROR] https://muenchen.mitvergnuegen.com/api/v1/tips/17354/: HTTP Error 404: Not Found
  [ERROR] https://muenchen.mitvergnuegen.com/api/v1/tips/17451/: HTTP Error 404: Not Found
  [ERROR] https://muenchen.mitvergnuegen.com/api/v1/tips/17494/: HTTP Error 404: Not Found
  [530/5027] added=7620 updated=26
  [ERROR] https://muenchen.mitvergnuegen.com/api/v1/tips/17561/: HTTP Error 404: Not Found
  [ERROR] https://muenchen.mitvergnuegen.com/api/v1/tips/17628/: HTTP Error 404: Not Found
  [ERROR] https://muenchen.mitvergnuegen.com/api/v1/tips/17636/: HTTP Error 404: Not Found
  [ERROR] https://muenchen.mitvergnuegen.com/api/v1/tips/17778/: HTTP Error 404: Not Found
  [ERROR] https://muenchen.mitvergnuegen.com/api/v1/tips/17849/: HTTP Error 404: Not Found
  [ERROR] https://muenchen.mitvergnuegen.com/api/v1/tips/17957/: HTTP Error 404: Not Found
  [ERROR] https://muenchen.mitvergnuegen.com/api/v1/tips/17962/: HTTP Error 404: Not Found
  [ERROR] https://muenchen.mitvergnuegen.com/api/v1/tips/17971/: HTTP Error 404: Not Found
  [ERROR] https://muenchen.mitvergnuegen.com/api/v1/tips/17983/: HTTP Error 404: Not Found
  [540/5027] added=7630 updated=26
  [ERROR] https://muenchen.mitvergnuegen.com/api/v1/tips/18019/: HTTP Error 404: Not Found
  [ERROR] https://muenchen.mitvergnuegen.com/api/v1/tips/18108/: HTTP Error 404: Not Found
  [550/5027] added=7640 updated=26
  [ERROR] https://muenchen.mitvergnuegen.com/api/v1/tips/18300/: HTTP Error 404: Not Found
  [ERROR] https://muenchen.mitvergnuegen.com/api/v1/tips/18321/: HTTP Error 404: Not Found
  [ERROR] https://muenchen.mitvergnuegen.com/api/v1/tips/18324/: HTTP Error 404: Not Found
  [ERROR] https://muenchen.mitvergnuegen.com/api/v1/tips/18326/: HTTP Error 404: Not Found
  [ERROR] https://muenchen.mitvergnuegen.com/api/v1/tips/18355/: HTTP Error 404: Not Found
  [ERROR] https://muenchen.mitvergnuegen.com/api/v1/tips/18358/: HTTP Error 404: Not Found
  [ERROR] https://muenchen.mitvergnuegen.com/api/v1/tips/18376/: HTTP Error 404: Not Found
  [ERROR] https://muenchen.mitvergnuegen.com/api/v1/tips/18378/: HTTP Error 404: Not Found
  [ERROR] https://muenchen.mitvergnuegen.com/api/v1/tips/18379/: HTTP Error 404: Not Found
  [ERROR] https://muenchen.mitvergnuegen.com/api/v1/tips/18392/: HTTP Error 404: Not Found
  [560/5027] added=7650 updated=26
  [ERROR] https://muenchen.mitvergnuegen.com/api/v1/tips/18430/: HTTP Error 404: Not Found
  [ERROR] https://muenchen.mitvergnuegen.com/api/v1/tips/18516/: HTTP Error 404: Not Found
  [ERROR] https://muenchen.mitvergnuegen.com/api/v1/tips/18605/: HTTP Error 404: Not Found
  [ERROR] https://muenchen.mitvergnuegen.com/api/v1/tips/18610/: HTTP Error 404: Not Found
  [ERROR] https://muenchen.mitvergnuegen.com/api/v1/tips/18620/: HTTP Error 404: Not Found
  [ERROR] https://muenchen.mitvergnuegen.com/api/v1/tips/18622/: HTTP Error 404: Not Found
  [ERROR] https://muenchen.mitvergnuegen.com/api/v1/tips/18623/: HTTP Error 404: Not Found
  [ERROR] https://muenchen.mitvergnuegen.com/api/v1/tips/18624/: HTTP Error 404: Not Found
  [ERROR] https://muenchen.mitvergnuegen.com/api/v1/tips/18625/: HTTP Error 404: Not Found
  [ERROR] https://muenchen.mitvergnuegen.com/api/v1/tips/18626/: HTTP Error 404: Not Found
  [ERROR] https://muenchen.mitvergnuegen.com/api/v1/tips/18628/: HTTP Error 404: Not Found
  [ERROR] https://muenchen.mitvergnuegen.com/api/v1/tips/18629/: HTTP Error 404: Not Found
  [ERROR] https://muenchen.mitvergnuegen.com/api/v1/tips/18631/: HTTP Error 404: Not Found
  [ERROR] https://muenchen.mitvergnuegen.com/api/v1/tips/18633/: HTTP Error 404: Not Found
  [ERROR] https://muenchen.mitvergnuegen.com/api/v1/tips/18832/: HTTP Error 404: Not Found
  [ERROR] https://muenchen.mitvergnuegen.com/api/v1/tips/18837/: HTTP Error 404: Not Found
  [ERROR] https://muenchen.mitvergnuegen.com/api/v1/tips/18845/: HTTP Error 404: Not Found
  [ERROR] https://muenchen.mitvergnuegen.com/api/v1/tips/18863/: HTTP Error 404: Not Found
  [ERROR] https://muenchen.mitvergnuegen.com/api/v1/tips/18867/: HTTP Error 404: Not Found
  [ERROR] https://muenchen.mitvergnuegen.com/api/v1/tips/18927/: HTTP Error 404: Not Found
  [ERROR] https://muenchen.mitvergnuegen.com/api/v1/tips/18935/: HTTP Error 404: Not Found
  [570/5027] added=7660 updated=26
  [ERROR] https://muenchen.mitvergnuegen.com/api/v1/tips/19095/: HTTP Error 404: Not Found
  [ERROR] https://muenchen.mitvergnuegen.com/api/v1/tips/19236/: HTTP Error 404: Not Found
  [ERROR] https://muenchen.mitvergnuegen.com/api/v1/tips/19241/: HTTP Error 404: Not Found
  [ERROR] https://muenchen.mitvergnuegen.com/api/v1/tips/19294/: HTTP Error 404: Not Found
  [ERROR] https://muenchen.mitvergnuegen.com/api/v1/tips/19729/: HTTP Error 404: Not Found
  [580/5027] added=7670 updated=26
  [ERROR] https://muenchen.mitvergnuegen.com/api/v1/tips/19941/: HTTP Error 404: Not Found
  [ERROR] https://muenchen.mitvergnuegen.com/api/v1/tips/19955/: HTTP Error 404: Not Found
  [ERROR] https://muenchen.mitvergnuegen.com/api/v1/tips/19965/: HTTP Error 404: Not Found
  [ERROR] https://muenchen.mitvergnuegen.com/api/v1/tips/19966/: HTTP Error 404: Not Found
  [ERROR] https://muenchen.mitvergnuegen.com/api/v1/tips/20018/: HTTP Error 404: Not Found
  [ERROR] https://muenchen.mitvergnuegen.com/api/v1/tips/20080/: HTTP Error 404: Not Found
  [ERROR] https://muenchen.mitvergnuegen.com/api/v1/tips/20129/: HTTP Error 404: Not Found
  [ERROR] https://muenchen.mitvergnuegen.com/api/v1/tips/20132/: HTTP Error 404: Not Found
  [ERROR] https://muenchen.mitvergnuegen.com/api/v1/tips/20219/: HTTP Error 404: Not Found
  [ERROR] https://muenchen.mitvergnuegen.com/api/v1/tips/20336/: HTTP Error 404: Not Found
  [590/5027] added=7680 updated=26
  [ERROR] https://muenchen.mitvergnuegen.com/api/v1/tips/20384/: HTTP Error 404: Not Found
  [ERROR] https://muenchen.mitvergnuegen.com/api/v1/tips/20647/: HTTP Error 404: Not Found
  [ERROR] https://muenchen.mitvergnuegen.com/api/v1/tips/20713/: HTTP Error 404: Not Found
  [ERROR] https://muenchen.mitvergnuegen.com/api/v1/tips/20731/: HTTP Error 404: Not Found
  [ERROR] https://muenchen.mitvergnuegen.com/api/v1/tips/20735/: HTTP Error 404: Not Found
  [ERROR] https://muenchen.mitvergnuegen.com/api/v1/tips/20738/: HTTP Error 404: Not Found
  [ERROR] https://muenchen.mitvergnuegen.com/api/v1/tips/20740/: HTTP Error 404: Not Found
  [ERROR] https://muenchen.mitvergnuegen.com/api/v1/tips/20744/: HTTP Error 404: Not Found
  [ERROR] https://muenchen.mitvergnuegen.com/api/v1/tips/20747/: HTTP Error 404: Not Found
  [ERROR] https://muenchen.mitvergnuegen.com/api/v1/tips/20751/: HTTP Error 404: Not Found
  [ERROR] https://muenchen.mitvergnuegen.com/api/v1/tips/20755/: HTTP Error 404: Not Found
  [ERROR] https://muenchen.mitvergnuegen.com/api/v1/tips/20757/: HTTP Error 404: Not Found
  [ERROR] https://muenchen.mitvergnuegen.com/api/v1/tips/20760/: HTTP Error 404: Not Found
  [ERROR] https://muenchen.mitvergnuegen.com/api/v1/tips/20920/: HTTP Error 404: Not Found
  [ERROR] https://muenchen.mitvergnuegen.com/api/v1/tips/20985/: HTTP Error 404: Not Found
  [ERROR] https://muenchen.mitvergnuegen.com/api/v1/tips/20988/: HTTP Error 404: Not Found
  [ERROR] https://muenchen.mitvergnuegen.com/api/v1/tips/20989/: HTTP Error 404: Not Found
  [ERROR] https://muenchen.mitvergnuegen.com/api/v1/tips/20992/: HTTP Error 404: Not Found
  [ERROR] https://muenchen.mitvergnuegen.com/api/v1/tips/21003/: HTTP Error 404: Not Found
  [ERROR] https://muenchen.mitvergnuegen.com/api/v1/tips/21005/: HTTP Error 404: Not Found
  [ERROR] https://muenchen.mitvergnuegen.com/api/v1/tips/21044/: HTTP Error 404: Not Found
  [ERROR] https://muenchen.mitvergnuegen.com/api/v1/tips/21096/: HTTP Error 404: Not Found
  [ERROR] https://muenchen.mitvergnuegen.com/api/v1/tips/21171/: HTTP Error 404: Not Found
  [ERROR] https://muenchen.mitvergnuegen.com/api/v1/tips/21219/: HTTP Error 404: Not Found
  [600/5027] added=7690 updated=26
  [ERROR] https://muenchen.mitvergnuegen.com/api/v1/tips/21357/: HTTP Error 404: Not Found
  [610/5027] added=7700 updated=26
  [ERROR] https://muenchen.mitvergnuegen.com/api/v1/tips/21831/: HTTP Error 404: Not Found
  [ERROR] https://muenchen.mitvergnuegen.com/api/v1/tips/21877/: HTTP Error 404: Not Found
  [ERROR] https://muenchen.mitvergnuegen.com/api/v1/tips/22191/: HTTP Error 404: Not Found
  [ERROR] https://muenchen.mitvergnuegen.com/api/v1/tips/22293/: HTTP Error 404: Not Found
  [ERROR] https://muenchen.mitvergnuegen.com/api/v1/tips/22300/: HTTP Error 404: Not Found
  [ERROR] https://muenchen.mitvergnuegen.com/api/v1/tips/22302/: HTTP Error 404: Not Found
  [ERROR] https://muenchen.mitvergnuegen.com/api/v1/tips/22307/: HTTP Error 404: Not Found
  [ERROR] https://muenchen.mitvergnuegen.com/api/v1/tips/22320/: HTTP Error 404: Not Found
  [ERROR] https://muenchen.mitvergnuegen.com/api/v1/tips/22395/: HTTP Error 404: Not Found
  [ERROR] https://muenchen.mitvergnuegen.com/api/v1/tips/22402/: HTTP Error 404: Not Found
  [ERROR] https://muenchen.mitvergnuegen.com/api/v1/tips/22412/: HTTP Error 404: Not Found
  [ERROR] https://muenchen.mitvergnuegen.com/api/v1/tips/22416/: HTTP Error 404: Not Found
  [ERROR] https://muenchen.mitvergnuegen.com/api/v1/tips/22420/: HTTP Error 404: Not Found
  [ERROR] https://muenchen.mitvergnuegen.com/api/v1/tips/22422/: HTTP Error 404: Not Found
  [ERROR] https://muenchen.mitvergnuegen.com/api/v1/tips/22458/: HTTP Error 404: Not Found
  [ERROR] https://muenchen.mitvergnuegen.com/api/v1/tips/22462/: HTTP Error 404: Not Found
  [ERROR] https://muenchen.mitvergnuegen.com/api/v1/tips/22469/: HTTP Error 404: Not Found
  [ERROR] https://muenchen.mitvergnuegen.com/api/v1/tips/22471/: HTTP Error 404: Not Found
  [ERROR] https://muenchen.mitvergnuegen.com/api/v1/tips/22479/: HTTP Error 404: Not Found
  [ERROR] https://muenchen.mitvergnuegen.com/api/v1/tips/22481/: HTTP Error 404: Not Found
  [ERROR] https://muenchen.mitvergnuegen.com/api/v1/tips/22483/: HTTP Error 404: Not Found
  [ERROR] https://muenchen.mitvergnuegen.com/api/v1/tips/22491/: HTTP Error 404: Not Found
  [ERROR] https://muenchen.mitvergnuegen.com/api/v1/tips/22493/: HTTP Error 404: Not Found
  [ERROR] https://muenchen.mitvergnuegen.com/api/v1/tips/22500/: HTTP Error 404: Not Found
  [ERROR] https://muenchen.mitvergnuegen.com/api/v1/tips/22501/: HTTP Error 404: Not Found
  [ERROR] https://muenchen.mitvergnuegen.com/api/v1/tips/22540/: HTTP Error 404: Not Found
  [ERROR] https://muenchen.mitvergnuegen.com/api/v1/tips/22587/: HTTP Error 404: Not Found
  [620/5027] added=7708 updated=28
  [ERROR] https://muenchen.mitvergnuegen.com/api/v1/tips/22683/: HTTP Error 404: Not Found
  [ERROR] https://muenchen.mitvergnuegen.com/api/v1/tips/22687/: HTTP Error 404: Not Found
  [ERROR] https://muenchen.mitvergnuegen.com/api/v1/tips/22690/: HTTP Error 404: Not Found
  [ERROR] https://muenchen.mitvergnuegen.com/api/v1/tips/22694/: HTTP Error 404: Not Found
  [ERROR] https://muenchen.mitvergnuegen.com/api/v1/tips/22698/: HTTP Error 404: Not Found
  [ERROR] https://muenchen.mitvergnuegen.com/api/v1/tips/22785/: HTTP Error 404: Not Found
  [ERROR] https://muenchen.mitvergnuegen.com/api/v1/tips/22794/: HTTP Error 404: Not Found
  [ERROR] https://muenchen.mitvergnuegen.com/api/v1/tips/22796/: HTTP Error 404: Not Found
  [ERROR] https://muenchen.mitvergnuegen.com/api/v1/tips/22798/: HTTP Error 404: Not Found
  [ERROR] https://muenchen.mitvergnuegen.com/api/v1/tips/22802/: HTTP Error 404: Not Found
  [630/5027] added=7717 updated=29
  [ERROR] https://muenchen.mitvergnuegen.com/api/v1/tips/22806/: HTTP Error 404: Not Found
  [ERROR] https://muenchen.mitvergnuegen.com/api/v1/tips/23073/: HTTP Error 404: Not Found
  [640/5027] added=7725 updated=31
  [ERROR] https://muenchen.mitvergnuegen.com/api/v1/tips/23536/: HTTP Error 404: Not Found
  [ERROR] https://muenchen.mitvergnuegen.com/api/v1/tips/23605/: HTTP Error 404: Not Found
  [650/5027] added=7735 updated=31
  [ERROR] https://muenchen.mitvergnuegen.com/api/v1/tips/23998/: HTTP Error 404: Not Found
  [ERROR] https://muenchen.mitvergnuegen.com/api/v1/tips/24107/: HTTP Error 404: Not Found
  [ERROR] https://muenchen.mitvergnuegen.com/api/v1/tips/24112/: HTTP Error 404: Not Found
  [ERROR] https://muenchen.mitvergnuegen.com/api/v1/tips/24115/: HTTP Error 404: Not Found
  [ERROR] https://muenchen.mitvergnuegen.com/api/v1/tips/24119/: HTTP Error 404: Not Found
  [ERROR] https://muenchen.mitvergnuegen.com/api/v1/tips/24122/: HTTP Error 404: Not Found
  [ERROR] https://muenchen.mitvergnuegen.com/api/v1/tips/24123/: HTTP Error 404: Not Found
  [ERROR] https://muenchen.mitvergnuegen.com/api/v1/tips/24132/: HTTP Error 404: Not Found
  [ERROR] https://muenchen.mitvergnuegen.com/api/v1/tips/24134/: HTTP Error 404: Not Found
  [ERROR] https://muenchen.mitvergnuegen.com/api/v1/tips/24137/: HTTP Error 404: Not Found
  [ERROR] https://muenchen.mitvergnuegen.com/api/v1/tips/24140/: HTTP Error 404: Not Found
  [ERROR] https://muenchen.mitvergnuegen.com/api/v1/tips/24143/: HTTP Error 404: Not Found
  [ERROR] https://muenchen.mitvergnuegen.com/api/v1/tips/24146/: HTTP Error 404: Not Found
  [ERROR] https://muenchen.mitvergnuegen.com/api/v1/tips/24337/: HTTP Error 404: Not Found
  [ERROR] https://muenchen.mitvergnuegen.com/api/v1/tips/24348/: HTTP Error 404: Not Found
  [ERROR] https://muenchen.mitvergnuegen.com/api/v1/tips/24352/: HTTP Error 404: Not Found
  [ERROR] https://muenchen.mitvergnuegen.com/api/v1/tips/24416/: HTTP Error 404: Not Found
  [ERROR] https://muenchen.mitvergnuegen.com/api/v1/tips/24418/: HTTP Error 404: Not Found
  [ERROR] https://muenchen.mitvergnuegen.com/api/v1/tips/24423/: HTTP Error 404: Not Found
  [ERROR] https://muenchen.mitvergnuegen.com/api/v1/tips/24427/: HTTP Error 404: Not Found
  [ERROR] https://muenchen.mitvergnuegen.com/api/v1/tips/24429/: HTTP Error 404: Not Found
  [ERROR] https://muenchen.mitvergnuegen.com/api/v1/tips/24430/: HTTP Error 404: Not Found
  [ERROR] https://muenchen.mitvergnuegen.com/api/v1/tips/24432/: HTTP Error 404: Not Found
  [ERROR] https://muenchen.mitvergnuegen.com/api/v1/tips/24433/: HTTP Error 404: Not Found
  [ERROR] https://muenchen.mitvergnuegen.com/api/v1/tips/24434/: HTTP Error 404: Not Found
  [ERROR] https://muenchen.mitvergnuegen.com/api/v1/tips/24436/: HTTP Error 404: Not Found
  [ERROR] https://muenchen.mitvergnuegen.com/api/v1/tips/24437/: HTTP Error 404: Not Found
  [ERROR] https://muenchen.mitvergnuegen.com/api/v1/tips/24439/: HTTP Error 404: Not Found
  [ERROR] https://muenchen.mitvergnuegen.com/api/v1/tips/24442/: HTTP Error 404: Not Found
  [ERROR] https://muenchen.mitvergnuegen.com/api/v1/tips/24443/: HTTP Error 404: Not Found
  [ERROR] https://muenchen.mitvergnuegen.com/api/v1/tips/24444/: HTTP Error 404: Not Found
  [ERROR] https://muenchen.mitvergnuegen.com/api/v1/tips/24445/: HTTP Error 404: Not Found
  [ERROR] https://muenchen.mitvergnuegen.com/api/v1/tips/24446/: HTTP Error 404: Not Found
  [ERROR] https://muenchen.mitvergnuegen.com/api/v1/tips/24450/: HTTP Error 404: Not Found
  [ERROR] https://muenchen.mitvergnuegen.com/api/v1/tips/24453/: HTTP Error 404: Not Found
  [ERROR] https://muenchen.mitvergnuegen.com/api/v1/tips/24457/: HTTP Error 404: Not Found
  [ERROR] https://muenchen.mitvergnuegen.com/api/v1/tips/24473/: HTTP Error 404: Not Found
  [660/5027] added=7745 updated=31
  [ERROR] https://muenchen.mitvergnuegen.com/api/v1/tips/24553/: HTTP Error 404: Not Found
  [ERROR] https://muenchen.mitvergnuegen.com/api/v1/tips/24554/: HTTP Error 404: Not Found
  [ERROR] https://muenchen.mitvergnuegen.com/api/v1/tips/24557/: HTTP Error 404: Not Found
  [ERROR] https://muenchen.mitvergnuegen.com/api/v1/tips/24558/: HTTP Error 404: Not Found
  [ERROR] https://muenchen.mitvergnuegen.com/api/v1/tips/24560/: HTTP Error 404: Not Found
  [ERROR] https://muenchen.mitvergnuegen.com/api/v1/tips/24563/: HTTP Error 404: Not Found
  [ERROR] https://muenchen.mitvergnuegen.com/api/v1/tips/24566/: HTTP Error 404: Not Found
  [ERROR] https://muenchen.mitvergnuegen.com/api/v1/tips/24570/: HTTP Error 404: Not Found
  [ERROR] https://muenchen.mitvergnuegen.com/api/v1/tips/24571/: HTTP Error 404: Not Found
  [ERROR] https://muenchen.mitvergnuegen.com/api/v1/tips/24573/: HTTP Error 404: Not Found
  [ERROR] https://muenchen.mitvergnuegen.com/api/v1/tips/24593/: HTTP Error 404: Not Found
  [670/5027] added=7755 updated=31
  [ERROR] https://muenchen.mitvergnuegen.com/api/v1/tips/25048/: HTTP Error 404: Not Found
  [ERROR] https://muenchen.mitvergnuegen.com/api/v1/tips/25074/: HTTP Error 404: Not Found
  [ERROR] https://muenchen.mitvergnuegen.com/api/v1/tips/25081/: HTTP Error 404: Not Found
  [ERROR] https://muenchen.mitvergnuegen.com/api/v1/tips/25184/: HTTP Error 404: Not Found
  [680/5027] added=7765 updated=31
  [ERROR] https://muenchen.mitvergnuegen.com/api/v1/tips/25266/: HTTP Error 404: Not Found
  [ERROR] https://muenchen.mitvergnuegen.com/api/v1/tips/25268/: HTTP Error 404: Not Found
  [ERROR] https://muenchen.mitvergnuegen.com/api/v1/tips/25270/: HTTP Error 404: Not Found
  [ERROR] https://muenchen.mitvergnuegen.com/api/v1/tips/25280/: HTTP Error 404: Not Found
  [690/5027] added=7775 updated=31
  [ERROR] https://muenchen.mitvergnuegen.com/api/v1/tips/25477/: HTTP Error 404: Not Found
  [ERROR] https://muenchen.mitvergnuegen.com/api/v1/tips/25583/: HTTP Error 404: Not Found
  [ERROR] https://muenchen.mitvergnuegen.com/api/v1/tips/25808/: HTTP Error 404: Not Found
  [ERROR] https://muenchen.mitvergnuegen.com/api/v1/tips/25829/: HTTP Error 404: Not Found
  [ERROR] https://muenchen.mitvergnuegen.com/api/v1/tips/25831/: HTTP Error 404: Not Found
  [ERROR] https://muenchen.mitvergnuegen.com/api/v1/tips/25832/: HTTP Error 404: Not Found
  [ERROR] https://muenchen.mitvergnuegen.com/api/v1/tips/25834/: HTTP Error 404: Not Found
  [ERROR] https://muenchen.mitvergnuegen.com/api/v1/tips/25839/: HTTP Error 404: Not Found
  [ERROR] https://muenchen.mitvergnuegen.com/api/v1/tips/25925/: HTTP Error 404: Not Found
  [ERROR] https://muenchen.mitvergnuegen.com/api/v1/tips/25928/: HTTP Error 404: Not Found
  [ERROR] https://muenchen.mitvergnuegen.com/api/v1/tips/25930/: HTTP Error 404: Not Found
  [ERROR] https://muenchen.mitvergnuegen.com/api/v1/tips/25931/: HTTP Error 404: Not Found
  [ERROR] https://muenchen.mitvergnuegen.com/api/v1/tips/25934/: HTTP Error 404: Not Found
  [ERROR] https://muenchen.mitvergnuegen.com/api/v1/tips/25940/: HTTP Error 404: Not Found
  [ERROR] https://muenchen.mitvergnuegen.com/api/v1/tips/25942/: HTTP Error 404: Not Found
  [700/5027] added=7785 updated=31
  [ERROR] https://muenchen.mitvergnuegen.com/api/v1/tips/26206/: HTTP Error 404: Not Found
  [ERROR] https://muenchen.mitvergnuegen.com/api/v1/tips/26208/: HTTP Error 404: Not Found
  [ERROR] https://muenchen.mitvergnuegen.com/api/v1/tips/26211/: HTTP Error 404: Not Found
  [ERROR] https://muenchen.mitvergnuegen.com/api/v1/tips/26212/: HTTP Error 404: Not Found
  [ERROR] https://muenchen.mitvergnuegen.com/api/v1/tips/26215/: HTTP Error 404: Not Found
  [ERROR] https://muenchen.mitvergnuegen.com/api/v1/tips/26218/: HTTP Error 404: Not Found
  [ERROR] https://muenchen.mitvergnuegen.com/api/v1/tips/26220/: HTTP Error 404: Not Found
  [ERROR] https://muenchen.mitvergnuegen.com/api/v1/tips/26222/: HTTP Error 404: Not Found
  [ERROR] https://muenchen.mitvergnuegen.com/api/v1/tips/26229/: HTTP Error 404: Not Found
  [ERROR] https://muenchen.mitvergnuegen.com/api/v1/tips/26347/: HTTP Error 404: Not Found
  [ERROR] https://muenchen.mitvergnuegen.com/api/v1/tips/26359/: HTTP Error 404: Not Found
  [ERROR] https://muenchen.mitvergnuegen.com/api/v1/tips/26361/: HTTP Error 404: Not Found
  [ERROR] https://muenchen.mitvergnuegen.com/api/v1/tips/26362/: HTTP Error 404: Not Found
  [ERROR] https://muenchen.mitvergnuegen.com/api/v1/tips/26365/: HTTP Error 404: Not Found
  [710/5027] added=7795 updated=31
  [ERROR] https://muenchen.mitvergnuegen.com/api/v1/tips/26380/: HTTP Error 404: Not Found
  [ERROR] https://muenchen.mitvergnuegen.com/api/v1/tips/26406/: HTTP Error 404: Not Found
  [ERROR] https://muenchen.mitvergnuegen.com/api/v1/tips/26409/: HTTP Error 404: Not Found
  [ERROR] https://muenchen.mitvergnuegen.com/api/v1/tips/26413/: HTTP Error 404: Not Found
  [ERROR] https://muenchen.mitvergnuegen.com/api/v1/tips/26415/: HTTP Error 404: Not Found
  [ERROR] https://muenchen.mitvergnuegen.com/api/v1/tips/26416/: HTTP Error 404: Not Found
  [ERROR] https://muenchen.mitvergnuegen.com/api/v1/tips/26417/: HTTP Error 404: Not Found
  [ERROR] https://muenchen.mitvergnuegen.com/api/v1/tips/26611/: HTTP Error 404: Not Found
  [ERROR] https://muenchen.mitvergnuegen.com/api/v1/tips/26626/: HTTP Error 404: Not Found
  [ERROR] https://muenchen.mitvergnuegen.com/api/v1/tips/26634/: HTTP Error 404: Not Found
  [ERROR] https://muenchen.mitvergnuegen.com/api/v1/tips/26635/: HTTP Error 404: Not Found
  [ERROR] https://muenchen.mitvergnuegen.com/api/v1/tips/26652/: HTTP Error 404: Not Found
  [ERROR] https://muenchen.mitvergnuegen.com/api/v1/tips/26719/: HTTP Error 404: Not Found
  [ERROR] https://muenchen.mitvergnuegen.com/api/v1/tips/26769/: HTTP Error 404: Not Found
  [720/5027] added=7803 updated=33
  [ERROR] https://muenchen.mitvergnuegen.com/api/v1/tips/26819/: HTTP Error 404: Not Found
  [ERROR] https://muenchen.mitvergnuegen.com/api/v1/tips/27212/: HTTP Error 404: Not Found
  [ERROR] https://muenchen.mitvergnuegen.com/api/v1/tips/27404/: HTTP Error 404: Not Found
  [ERROR] https://muenchen.mitvergnuegen.com/api/v1/tips/27473/: HTTP Error 404: Not Found
  [ERROR] https://muenchen.mitvergnuegen.com/api/v1/tips/27489/: HTTP Error 404: Not Found
  [ERROR] https://muenchen.mitvergnuegen.com/api/v1/tips/27491/: HTTP Error 404: Not Found
  [ERROR] https://muenchen.mitvergnuegen.com/api/v1/tips/27495/: HTTP Error 404: Not Found
  [ERROR] https://muenchen.mitvergnuegen.com/api/v1/tips/27498/: HTTP Error 404: Not Found
  [ERROR] https://muenchen.mitvergnuegen.com/api/v1/tips/27511/: HTTP Error 404: Not Found
  [ERROR] https://muenchen.mitvergnuegen.com/api/v1/tips/27535/: HTTP Error 404: Not Found
  [ERROR] https://muenchen.mitvergnuegen.com/api/v1/tips/27779/: HTTP Error 404: Not Found
  [ERROR] https://muenchen.mitvergnuegen.com/api/v1/tips/27783/: HTTP Error 404: Not Found
  [ERROR] https://muenchen.mitvergnuegen.com/api/v1/tips/27790/: HTTP Error 404: Not Found
  [ERROR] https://muenchen.mitvergnuegen.com/api/v1/tips/27812/: HTTP Error 404: Not Found
  [ERROR] https://muenchen.mitvergnuegen.com/api/v1/tips/28026/: HTTP Error 404: Not Found
  [ERROR] https://muenchen.mitvergnuegen.com/api/v1/tips/28029/: HTTP Error 404: Not Found
  [ERROR] https://muenchen.mitvergnuegen.com/api/v1/tips/28035/: HTTP Error 404: Not Found
  [ERROR] https://muenchen.mitvergnuegen.com/api/v1/tips/28036/: HTTP Error 404: Not Found
  [ERROR] https://muenchen.mitvergnuegen.com/api/v1/tips/28038/: HTTP Error 404: Not Found
  [ERROR] https://muenchen.mitvergnuegen.com/api/v1/tips/28041/: HTTP Error 404: Not Found
  [ERROR] https://muenchen.mitvergnuegen.com/api/v1/tips/28042/: HTTP Error 404: Not Found
  [ERROR] https://muenchen.mitvergnuegen.com/api/v1/tips/28046/: HTTP Error 404: Not Found
  [ERROR] https://muenchen.mitvergnuegen.com/api/v1/tips/28047/: HTTP Error 404: Not Found
  [ERROR] https://muenchen.mitvergnuegen.com/api/v1/tips/28049/: HTTP Error 404: Not Found
  [ERROR] https://muenchen.mitvergnuegen.com/api/v1/tips/28052/: HTTP Error 404: Not Found
  [ERROR] https://muenchen.mitvergnuegen.com/api/v1/tips/28220/: HTTP Error 404: Not Found
  [ERROR] https://muenchen.mitvergnuegen.com/api/v1/tips/28249/: HTTP Error 404: Not Found
  [ERROR] https://muenchen.mitvergnuegen.com/api/v1/tips/28291/: HTTP Error 404: Not Found
  [ERROR] https://muenchen.mitvergnuegen.com/api/v1/tips/28293/: HTTP Error 404: Not Found
  [ERROR] https://muenchen.mitvergnuegen.com/api/v1/tips/28296/: HTTP Error 404: Not Found
  [ERROR] https://muenchen.mitvergnuegen.com/api/v1/tips/28298/: HTTP Error 404: Not Found
  [ERROR] https://muenchen.mitvergnuegen.com/api/v1/tips/28303/: HTTP Error 404: Not Found
  [ERROR] https://muenchen.mitvergnuegen.com/api/v1/tips/28305/: HTTP Error 404: Not Found
  [ERROR] https://muenchen.mitvergnuegen.com/api/v1/tips/28307/: HTTP Error 404: Not Found
  [ERROR] https://muenchen.mitvergnuegen.com/api/v1/tips/28309/: HTTP Error 404: Not Found
  [ERROR] https://muenchen.mitvergnuegen.com/api/v1/tips/28325/: HTTP Error 404: Not Found
  [ERROR] https://muenchen.mitvergnuegen.com/api/v1/tips/28387/: HTTP Error 404: Not Found
  [ERROR] https://muenchen.mitvergnuegen.com/api/v1/tips/28392/: HTTP Error 404: Not Found
  [ERROR] https://muenchen.mitvergnuegen.com/api/v1/tips/28395/: HTTP Error 404: Not Found
  [ERROR] https://muenchen.mitvergnuegen.com/api/v1/tips/28400/: HTTP Error 404: Not Found
  [ERROR] https://muenchen.mitvergnuegen.com/api/v1/tips/28406/: HTTP Error 404: Not Found
  [ERROR] https://muenchen.mitvergnuegen.com/api/v1/tips/28409/: HTTP Error 404: Not Found
  [ERROR] https://muenchen.mitvergnuegen.com/api/v1/tips/28412/: HTTP Error 404: Not Found
  [ERROR] https://muenchen.mitvergnuegen.com/api/v1/tips/28415/: HTTP Error 404: Not Found
  [ERROR] https://muenchen.mitvergnuegen.com/api/v1/tips/28418/: HTTP Error 404: Not Found
  [ERROR] https://muenchen.mitvergnuegen.com/api/v1/tips/28422/: HTTP Error 404: Not Found
  [ERROR] https://muenchen.mitvergnuegen.com/api/v1/tips/28425/: HTTP Error 404: Not Found
  [ERROR] https://muenchen.mitvergnuegen.com/api/v1/tips/28471/: HTTP Error 404: Not Found
  [ERROR] https://muenchen.mitvergnuegen.com/api/v1/tips/28481/: HTTP Error 404: Not Found
  [ERROR] https://muenchen.mitvergnuegen.com/api/v1/tips/28488/: HTTP Error 404: Not Found
  [ERROR] https://muenchen.mitvergnuegen.com/api/v1/tips/28492/: HTTP Error 404: Not Found
  [ERROR] https://muenchen.mitvergnuegen.com/api/v1/tips/28496/: HTTP Error 404: Not Found
  [ERROR] https://muenchen.mitvergnuegen.com/api/v1/tips/28621/: HTTP Error 404: Not Found
  [ERROR] https://muenchen.mitvergnuegen.com/api/v1/tips/28636/: HTTP Error 404: Not Found
  [ERROR] https://muenchen.mitvergnuegen.com/api/v1/tips/28648/: HTTP Error 404: Not Found
  [ERROR] https://muenchen.mitvergnuegen.com/api/v1/tips/28793/: HTTP Error 404: Not Found
  [730/5027] added=7812 updated=34
  [ERROR] https://muenchen.mitvergnuegen.com/api/v1/tips/28897/: HTTP Error 404: Not Found
  [740/5027] added=7822 updated=34
  [ERROR] https://muenchen.mitvergnuegen.com/api/v1/tips/29284/: HTTP Error 404: Not Found
  [ERROR] https://muenchen.mitvergnuegen.com/api/v1/tips/29882/: HTTP Error 404: Not Found
  [ERROR] https://muenchen.mitvergnuegen.com/api/v1/tips/29958/: HTTP Error 404: Not Found
  [ERROR] https://muenchen.mitvergnuegen.com/api/v1/tips/29963/: HTTP Error 404: Not Found
  [ERROR] https://muenchen.mitvergnuegen.com/api/v1/tips/29965/: HTTP Error 404: Not Found
  [ERROR] https://muenchen.mitvergnuegen.com/api/v1/tips/29969/: HTTP Error 404: Not Found
  [ERROR] https://muenchen.mitvergnuegen.com/api/v1/tips/29973/: HTTP Error 404: Not Found
  [ERROR] https://muenchen.mitvergnuegen.com/api/v1/tips/29976/: HTTP Error 404: Not Found
  [ERROR] https://muenchen.mitvergnuegen.com/api/v1/tips/29980/: HTTP Error 404: Not Found
  [ERROR] https://muenchen.mitvergnuegen.com/api/v1/tips/29983/: HTTP Error 404: Not Found
  [ERROR] https://muenchen.mitvergnuegen.com/api/v1/tips/29987/: HTTP Error 404: Not Found
  [ERROR] https://muenchen.mitvergnuegen.com/api/v1/tips/29992/: HTTP Error 404: Not Found
  [ERROR] https://muenchen.mitvergnuegen.com/api/v1/tips/29994/: HTTP Error 404: Not Found
  [ERROR] https://muenchen.mitvergnuegen.com/api/v1/tips/30010/: HTTP Error 404: Not Found
  [ERROR] https://muenchen.mitvergnuegen.com/api/v1/tips/30071/: HTTP Error 404: Not Found
  [ERROR] https://muenchen.mitvergnuegen.com/api/v1/tips/30097/: HTTP Error 404: Not Found
  [ERROR] https://muenchen.mitvergnuegen.com/api/v1/tips/30098/: HTTP Error 404: Not Found
  [ERROR] https://muenchen.mitvergnuegen.com/api/v1/tips/30104/: HTTP Error 404: Not Found
  [ERROR] https://muenchen.mitvergnuegen.com/api/v1/tips/30105/: HTTP Error 404: Not Found
  [ERROR] https://muenchen.mitvergnuegen.com/api/v1/tips/30109/: HTTP Error 404: Not Found
  [ERROR] https://muenchen.mitvergnuegen.com/api/v1/tips/30115/: HTTP Error 404: Not Found
  [ERROR] https://muenchen.mitvergnuegen.com/api/v1/tips/30116/: HTTP Error 404: Not Found
  [ERROR] https://muenchen.mitvergnuegen.com/api/v1/tips/30117/: HTTP Error 404: Not Found
  [ERROR] https://muenchen.mitvergnuegen.com/api/v1/tips/30119/: HTTP Error 404: Not Found
  [ERROR] https://muenchen.mitvergnuegen.com/api/v1/tips/30124/: HTTP Error 404: Not Found
  [ERROR] https://muenchen.mitvergnuegen.com/api/v1/tips/30125/: HTTP Error 404: Not Found
  [ERROR] https://muenchen.mitvergnuegen.com/api/v1/tips/30126/: HTTP Error 404: Not Found
  [ERROR] https://muenchen.mitvergnuegen.com/api/v1/tips/30128/: HTTP Error 404: Not Found
  [ERROR] https://muenchen.mitvergnuegen.com/api/v1/tips/30151/: HTTP Error 404: Not Found
  [ERROR] https://muenchen.mitvergnuegen.com/api/v1/tips/30162/: HTTP Error 404: Not Found
  [ERROR] https://muenchen.mitvergnuegen.com/api/v1/tips/30165/: HTTP Error 404: Not Found
  [ERROR] https://muenchen.mitvergnuegen.com/api/v1/tips/30167/: HTTP Error 404: Not Found
  [ERROR] https://muenchen.mitvergnuegen.com/api/v1/tips/30177/: HTTP Error 404: Not Found
  [ERROR] https://muenchen.mitvergnuegen.com/api/v1/tips/30182/: HTTP Error 404: Not Found
  [ERROR] https://muenchen.mitvergnuegen.com/api/v1/tips/30186/: HTTP Error 404: Not Found
  [ERROR] https://muenchen.mitvergnuegen.com/api/v1/tips/30192/: HTTP Error 404: Not Found
  [ERROR] https://muenchen.mitvergnuegen.com/api/v1/tips/30278/: HTTP Error 404: Not Found
  [ERROR] https://muenchen.mitvergnuegen.com/api/v1/tips/30290/: HTTP Error 404: Not Found
  [ERROR] https://muenchen.mitvergnuegen.com/api/v1/tips/30323/: HTTP Error 404: Not Found
  [ERROR] https://muenchen.mitvergnuegen.com/api/v1/tips/30328/: HTTP Error 404: Not Found
  [ERROR] https://muenchen.mitvergnuegen.com/api/v1/tips/30331/: HTTP Error 404: Not Found
  [ERROR] https://muenchen.mitvergnuegen.com/api/v1/tips/30348/: HTTP Error 404: Not Found
  [ERROR] https://muenchen.mitvergnuegen.com/api/v1/tips/30352/: HTTP Error 404: Not Found
  [ERROR] https://muenchen.mitvergnuegen.com/api/v1/tips/30358/: HTTP Error 404: Not Found
  [ERROR] https://muenchen.mitvergnuegen.com/api/v1/tips/30362/: HTTP Error 404: Not Found
  [ERROR] https://muenchen.mitvergnuegen.com/api/v1/tips/30442/: HTTP Error 404: Not Found
  [ERROR] https://muenchen.mitvergnuegen.com/api/v1/tips/30452/: HTTP Error 404: Not Found
  [ERROR] https://muenchen.mitvergnuegen.com/api/v1/tips/30467/: HTTP Error 404: Not Found
  [ERROR] https://muenchen.mitvergnuegen.com/api/v1/tips/30584/: HTTP Error 404: Not Found
  [ERROR] https://muenchen.mitvergnuegen.com/api/v1/tips/30914/: HTTP Error 404: Not Found
  [ERROR] https://muenchen.mitvergnuegen.com/api/v1/tips/30988/: HTTP Error 404: Not Found
  [750/5027] added=7832 updated=34
  [ERROR] https://muenchen.mitvergnuegen.com/api/v1/tips/31035/: HTTP Error 404: Not Found
  [ERROR] https://muenchen.mitvergnuegen.com/api/v1/tips/31041/: HTTP Error 404: Not Found
  [ERROR] https://muenchen.mitvergnuegen.com/api/v1/tips/31100/: HTTP Error 404: Not Found
  [ERROR] https://muenchen.mitvergnuegen.com/api/v1/tips/31105/: HTTP Error 404: Not Found
  [ERROR] https://muenchen.mitvergnuegen.com/api/v1/tips/31267/: HTTP Error 404: Not Found
  [ERROR] https://muenchen.mitvergnuegen.com/api/v1/tips/31287/: HTTP Error 404: Not Found
  [760/5027] added=7842 updated=34
  [ERROR] https://muenchen.mitvergnuegen.com/api/v1/tips/31397/: HTTP Error 404: Not Found
  [ERROR] https://muenchen.mitvergnuegen.com/api/v1/tips/31452/: HTTP Error 404: Not Found
  [ERROR] https://muenchen.mitvergnuegen.com/api/v1/tips/31566/: HTTP Error 404: Not Found
  [ERROR] https://muenchen.mitvergnuegen.com/api/v1/tips/31708/: HTTP Error 404: Not Found
  [770/5027] added=7852 updated=34
  [ERROR] https://muenchen.mitvergnuegen.com/api/v1/tips/31750/: HTTP Error 404: Not Found
  [ERROR] https://muenchen.mitvergnuegen.com/api/v1/tips/31753/: HTTP Error 404: Not Found
  [ERROR] https://muenchen.mitvergnuegen.com/api/v1/tips/31772/: HTTP Error 404: Not Found
  [ERROR] https://muenchen.mitvergnuegen.com/api/v1/tips/31783/: HTTP Error 404: Not Found
  [ERROR] https://muenchen.mitvergnuegen.com/api/v1/tips/31789/: HTTP Error 404: Not Found
  [ERROR] https://muenchen.mitvergnuegen.com/api/v1/tips/31802/: HTTP Error 404: Not Found
  [ERROR] https://muenchen.mitvergnuegen.com/api/v1/tips/31805/: HTTP Error 404: Not Found
  [ERROR] https://muenchen.mitvergnuegen.com/api/v1/tips/31807/: HTTP Error 404: Not Found
  [ERROR] https://muenchen.mitvergnuegen.com/api/v1/tips/31811/: HTTP Error 404: Not Found
  [ERROR] https://muenchen.mitvergnuegen.com/api/v1/tips/31815/: HTTP Error 404: Not Found
  [ERROR] https://muenchen.mitvergnuegen.com/api/v1/tips/31820/: HTTP Error 404: Not Found
  [ERROR] https://muenchen.mitvergnuegen.com/api/v1/tips/31858/: HTTP Error 404: Not Found
  [ERROR] https://muenchen.mitvergnuegen.com/api/v1/tips/32069/: HTTP Error 404: Not Found
  [ERROR] https://muenchen.mitvergnuegen.com/api/v1/tips/32077/: HTTP Error 404: Not Found
  [ERROR] https://muenchen.mitvergnuegen.com/api/v1/tips/32126/: HTTP Error 404: Not Found
  [ERROR] https://muenchen.mitvergnuegen.com/api/v1/tips/32146/: HTTP Error 404: Not Found
  [ERROR] https://muenchen.mitvergnuegen.com/api/v1/tips/32148/: HTTP Error 404: Not Found
  [ERROR] https://muenchen.mitvergnuegen.com/api/v1/tips/32155/: HTTP Error 404: Not Found
  [ERROR] https://muenchen.mitvergnuegen.com/api/v1/tips/32160/: HTTP Error 404: Not Found
  [ERROR] https://muenchen.mitvergnuegen.com/api/v1/tips/32280/: HTTP Error 404: Not Found
  [ERROR] https://muenchen.mitvergnuegen.com/api/v1/tips/32282/: HTTP Error 404: Not Found
  [ERROR] https://muenchen.mitvergnuegen.com/api/v1/tips/32283/: HTTP Error 404: Not Found
  [ERROR] https://muenchen.mitvergnuegen.com/api/v1/tips/32285/: HTTP Error 404: Not Found
  [ERROR] https://muenchen.mitvergnuegen.com/api/v1/tips/32288/: HTTP Error 404: Not Found
  [ERROR] https://muenchen.mitvergnuegen.com/api/v1/tips/32317/: HTTP Error 404: Not Found
  [ERROR] https://muenchen.mitvergnuegen.com/api/v1/tips/32319/: HTTP Error 404: Not Found
  [ERROR] https://muenchen.mitvergnuegen.com/api/v1/tips/32320/: HTTP Error 404: Not Found
  [ERROR] https://muenchen.mitvergnuegen.com/api/v1/tips/32323/: HTTP Error 404: Not Found
  [ERROR] https://muenchen.mitvergnuegen.com/api/v1/tips/32333/: HTTP Error 404: Not Found
  [ERROR] https://muenchen.mitvergnuegen.com/api/v1/tips/32340/: HTTP Error 404: Not Found
  [ERROR] https://muenchen.mitvergnuegen.com/api/v1/tips/32346/: HTTP Error 404: Not Found
  [ERROR] https://muenchen.mitvergnuegen.com/api/v1/tips/32351/: HTTP Error 404: Not Found
  [ERROR] https://muenchen.mitvergnuegen.com/api/v1/tips/32357/: HTTP Error 404: Not Found
  [ERROR] https://muenchen.mitvergnuegen.com/api/v1/tips/32371/: HTTP Error 404: Not Found
  [ERROR] https://muenchen.mitvergnuegen.com/api/v1/tips/32377/: HTTP Error 404: Not Found
  [ERROR] https://muenchen.mitvergnuegen.com/api/v1/tips/32397/: HTTP Error 404: Not Found
  [ERROR] https://muenchen.mitvergnuegen.com/api/v1/tips/32484/: HTTP Error 404: Not Found
  [ERROR] https://muenchen.mitvergnuegen.com/api/v1/tips/32492/: HTTP Error 404: Not Found
  [780/5027] added=7860 updated=36
  [ERROR] https://muenchen.mitvergnuegen.com/api/v1/tips/32617/: HTTP Error 404: Not Found
  [ERROR] https://muenchen.mitvergnuegen.com/api/v1/tips/32655/: HTTP Error 404: Not Found
  [ERROR] https://muenchen.mitvergnuegen.com/api/v1/tips/32660/: HTTP Error 404: Not Found
  [ERROR] https://muenchen.mitvergnuegen.com/api/v1/tips/32731/: HTTP Error 404: Not Found
  [ERROR] https://muenchen.mitvergnuegen.com/api/v1/tips/32757/: HTTP Error 404: Not Found
  [790/5027] added=7869 updated=37
  [ERROR] https://muenchen.mitvergnuegen.com/api/v1/tips/32928/: HTTP Error 404: Not Found
  [ERROR] https://muenchen.mitvergnuegen.com/api/v1/tips/32929/: HTTP Error 404: Not Found
  [ERROR] https://muenchen.mitvergnuegen.com/api/v1/tips/32930/: HTTP Error 404: Not Found
  [ERROR] https://muenchen.mitvergnuegen.com/api/v1/tips/32933/: HTTP Error 404: Not Found
  [ERROR] https://muenchen.mitvergnuegen.com/api/v1/tips/32936/: HTTP Error 404: Not Found
  [ERROR] https://muenchen.mitvergnuegen.com/api/v1/tips/32937/: HTTP Error 404: Not Found
  [ERROR] https://muenchen.mitvergnuegen.com/api/v1/tips/32941/: HTTP Error 404: Not Found
  [ERROR] https://muenchen.mitvergnuegen.com/api/v1/tips/32944/: HTTP Error 404: Not Found
  [ERROR] https://muenchen.mitvergnuegen.com/api/v1/tips/32949/: HTTP Error 404: Not Found
  [ERROR] https://muenchen.mitvergnuegen.com/api/v1/tips/32957/: HTTP Error 404: Not Found
  [ERROR] https://muenchen.mitvergnuegen.com/api/v1/tips/33233/: HTTP Error 404: Not Found
  [800/5027] added=7879 updated=37
  [ERROR] https://muenchen.mitvergnuegen.com/api/v1/tips/33382/: HTTP Error 404: Not Found
  [ERROR] https://muenchen.mitvergnuegen.com/api/v1/tips/33480/: HTTP Error 404: Not Found
  [ERROR] https://muenchen.mitvergnuegen.com/api/v1/tips/33502/: HTTP Error 404: Not Found
  [ERROR] https://muenchen.mitvergnuegen.com/api/v1/tips/33512/: HTTP Error 404: Not Found
  [ERROR] https://muenchen.mitvergnuegen.com/api/v1/tips/33515/: HTTP Error 404: Not Found
  [ERROR] https://muenchen.mitvergnuegen.com/api/v1/tips/33517/: HTTP Error 404: Not Found
  [ERROR] https://muenchen.mitvergnuegen.com/api/v1/tips/33519/: HTTP Error 404: Not Found
  [ERROR] https://muenchen.mitvergnuegen.com/api/v1/tips/33520/: HTTP Error 404: Not Found
  [ERROR] https://muenchen.mitvergnuegen.com/api/v1/tips/33524/: HTTP Error 404: Not Found
  [ERROR] https://muenchen.mitvergnuegen.com/api/v1/tips/33526/: HTTP Error 404: Not Found
  [ERROR] https://muenchen.mitvergnuegen.com/api/v1/tips/33531/: HTTP Error 404: Not Found
  [ERROR] https://muenchen.mitvergnuegen.com/api/v1/tips/33535/: HTTP Error 404: Not Found
  [ERROR] https://muenchen.mitvergnuegen.com/api/v1/tips/33536/: HTTP Error 404: Not Found
  [810/5027] added=7888 updated=38
  [ERROR] https://muenchen.mitvergnuegen.com/api/v1/tips/34235/: HTTP Error 404: Not Found
  [ERROR] https://muenchen.mitvergnuegen.com/api/v1/tips/34236/: HTTP Error 404: Not Found
  [ERROR] https://muenchen.mitvergnuegen.com/api/v1/tips/34237/: HTTP Error 404: Not Found
  [ERROR] https://muenchen.mitvergnuegen.com/api/v1/tips/34241/: HTTP Error 404: Not Found
  [ERROR] https://muenchen.mitvergnuegen.com/api/v1/tips/34476/: HTTP Error 404: Not Found
  [ERROR] https://muenchen.mitvergnuegen.com/api/v1/tips/34482/: HTTP Error 404: Not Found
  [ERROR] https://muenchen.mitvergnuegen.com/api/v1/tips/34485/: HTTP Error 404: Not Found
  [ERROR] https://muenchen.mitvergnuegen.com/api/v1/tips/34487/: HTTP Error 404: Not Found
  [ERROR] https://muenchen.mitvergnuegen.com/api/v1/tips/34490/: HTTP Error 404: Not Found
  [ERROR] https://muenchen.mitvergnuegen.com/api/v1/tips/34493/: HTTP Error 404: Not Found
  [ERROR] https://muenchen.mitvergnuegen.com/api/v1/tips/34496/: HTTP Error 404: Not Found
  [ERROR] https://muenchen.mitvergnuegen.com/api/v1/tips/34498/: HTTP Error 404: Not Found
  [ERROR] https://muenchen.mitvergnuegen.com/api/v1/tips/34501/: HTTP Error 404: Not Found
  [ERROR] https://muenchen.mitvergnuegen.com/api/v1/tips/34511/: HTTP Error 404: Not Found
  [ERROR] https://muenchen.mitvergnuegen.com/api/v1/tips/34665/: HTTP Error 404: Not Found
  [820/5027] added=7898 updated=38
  [ERROR] https://muenchen.mitvergnuegen.com/api/v1/tips/34766/: HTTP Error 404: Not Found
  [ERROR] https://muenchen.mitvergnuegen.com/api/v1/tips/34833/: HTTP Error 404: Not Found
  [ERROR] https://muenchen.mitvergnuegen.com/api/v1/tips/34907/: HTTP Error 404: Not Found
  [ERROR] https://muenchen.mitvergnuegen.com/api/v1/tips/35007/: HTTP Error 404: Not Found
  [830/5027] added=7907 updated=39
  [ERROR] https://muenchen.mitvergnuegen.com/api/v1/tips/35295/: HTTP Error 404: Not Found
  [ERROR] https://muenchen.mitvergnuegen.com/api/v1/tips/35297/: HTTP Error 404: Not Found
  [ERROR] https://muenchen.mitvergnuegen.com/api/v1/tips/35306/: HTTP Error 404: Not Found
  [ERROR] https://muenchen.mitvergnuegen.com/api/v1/tips/35310/: HTTP Error 404: Not Found
  [ERROR] https://muenchen.mitvergnuegen.com/api/v1/tips/35319/: HTTP Error 404: Not Found
  [ERROR] https://muenchen.mitvergnuegen.com/api/v1/tips/35332/: HTTP Error 404: Not Found
  [ERROR] https://muenchen.mitvergnuegen.com/api/v1/tips/35347/: HTTP Error 404: Not Found
  [ERROR] https://muenchen.mitvergnuegen.com/api/v1/tips/35348/: HTTP Error 404: Not Found
  [ERROR] https://muenchen.mitvergnuegen.com/api/v1/tips/35354/: HTTP Error 404: Not Found
  [ERROR] https://muenchen.mitvergnuegen.com/api/v1/tips/35355/: HTTP Error 404: Not Found
  [ERROR] https://muenchen.mitvergnuegen.com/api/v1/tips/35357/: HTTP Error 404: Not Found
  [ERROR] https://muenchen.mitvergnuegen.com/api/v1/tips/35360/: HTTP Error 404: Not Found
  [ERROR] https://muenchen.mitvergnuegen.com/api/v1/tips/35361/: HTTP Error 404: Not Found
  [ERROR] https://muenchen.mitvergnuegen.com/api/v1/tips/35363/: HTTP Error 404: Not Found
  [ERROR] https://muenchen.mitvergnuegen.com/api/v1/tips/35364/: HTTP Error 404: Not Found
  [ERROR] https://muenchen.mitvergnuegen.com/api/v1/tips/35365/: HTTP Error 404: Not Found
  [ERROR] https://muenchen.mitvergnuegen.com/api/v1/tips/35369/: HTTP Error 404: Not Found
  [ERROR] https://muenchen.mitvergnuegen.com/api/v1/tips/35374/: HTTP Error 404: Not Found
  [ERROR] https://muenchen.mitvergnuegen.com/api/v1/tips/35377/: HTTP Error 404: Not Found
  [ERROR] https://muenchen.mitvergnuegen.com/api/v1/tips/35419/: HTTP Error 404: Not Found
  [840/5027] added=7917 updated=39
  [ERROR] https://muenchen.mitvergnuegen.com/api/v1/tips/35626/: HTTP Error 404: Not Found
  [ERROR] https://muenchen.mitvergnuegen.com/api/v1/tips/36127/: HTTP Error 404: Not Found
  [850/5027] added=7927 updated=39
  [ERROR] https://muenchen.mitvergnuegen.com/api/v1/tips/36159/: HTTP Error 404: Not Found
  [ERROR] https://muenchen.mitvergnuegen.com/api/v1/tips/36216/: HTTP Error 404: Not Found
  [ERROR] https://muenchen.mitvergnuegen.com/api/v1/tips/36319/: HTTP Error 404: Not Found
  [ERROR] https://muenchen.mitvergnuegen.com/api/v1/tips/36331/: HTTP Error 404: Not Found
  [ERROR] https://muenchen.mitvergnuegen.com/api/v1/tips/36365/: HTTP Error 404: Not Found
  [860/5027] added=7937 updated=39
  [ERROR] https://muenchen.mitvergnuegen.com/api/v1/tips/36491/: HTTP Error 404: Not Found
  [ERROR] https://muenchen.mitvergnuegen.com/api/v1/tips/36521/: HTTP Error 404: Not Found
  [ERROR] https://muenchen.mitvergnuegen.com/api/v1/tips/36542/: HTTP Error 404: Not Found
  [ERROR] https://muenchen.mitvergnuegen.com/api/v1/tips/36562/: HTTP Error 404: Not Found
  [ERROR] https://muenchen.mitvergnuegen.com/api/v1/tips/36563/: HTTP Error 404: Not Found
  [ERROR] https://muenchen.mitvergnuegen.com/api/v1/tips/36733/: HTTP Error 404: Not Found
  [ERROR] https://muenchen.mitvergnuegen.com/api/v1/tips/36868/: HTTP Error 404: Not Found
  [ERROR] https://muenchen.mitvergnuegen.com/api/v1/tips/36869/: HTTP Error 404: Not Found
  [ERROR] https://muenchen.mitvergnuegen.com/api/v1/tips/36874/: HTTP Error 404: Not Found
  [ERROR] https://muenchen.mitvergnuegen.com/api/v1/tips/36877/: HTTP Error 404: Not Found
  [ERROR] https://muenchen.mitvergnuegen.com/api/v1/tips/36880/: HTTP Error 404: Not Found
  [ERROR] https://muenchen.mitvergnuegen.com/api/v1/tips/36916/: HTTP Error 404: Not Found
  [ERROR] https://muenchen.mitvergnuegen.com/api/v1/tips/36927/: HTTP Error 404: Not Found
  [ERROR] https://muenchen.mitvergnuegen.com/api/v1/tips/36930/: HTTP Error 404: Not Found
  [ERROR] https://muenchen.mitvergnuegen.com/api/v1/tips/36960/: HTTP Error 404: Not Found
  [870/5027] added=7947 updated=39
  [ERROR] https://muenchen.mitvergnuegen.com/api/v1/tips/37058/: HTTP Error 404: Not Found
  [ERROR] https://muenchen.mitvergnuegen.com/api/v1/tips/37061/: HTTP Error 404: Not Found
  [ERROR] https://muenchen.mitvergnuegen.com/api/v1/tips/37065/: HTTP Error 404: Not Found
  [ERROR] https://muenchen.mitvergnuegen.com/api/v1/tips/37069/: HTTP Error 404: Not Found
  [ERROR] https://muenchen.mitvergnuegen.com/api/v1/tips/37083/: HTTP Error 404: Not Found
  [ERROR] https://muenchen.mitvergnuegen.com/api/v1/tips/37180/: HTTP Error 404: Not Found
  [ERROR] https://muenchen.mitvergnuegen.com/api/v1/tips/37221/: HTTP Error 404: Not Found
  [ERROR] https://muenchen.mitvergnuegen.com/api/v1/tips/37299/: HTTP Error 404: Not Found
  [880/5027] added=7957 updated=39
  [ERROR] https://muenchen.mitvergnuegen.com/api/v1/tips/37345/: HTTP Error 404: Not Found
  [ERROR] https://muenchen.mitvergnuegen.com/api/v1/tips/37404/: HTTP Error 404: Not Found
  [ERROR] https://muenchen.mitvergnuegen.com/api/v1/tips/37406/: HTTP Error 404: Not Found
  [ERROR] https://muenchen.mitvergnuegen.com/api/v1/tips/37414/: HTTP Error 404: Not Found
  [ERROR] https://muenchen.mitvergnuegen.com/api/v1/tips/37416/: HTTP Error 404: Not Found
  [ERROR] https://muenchen.mitvergnuegen.com/api/v1/tips/37419/: HTTP Error 404: Not Found
  [ERROR] https://muenchen.mitvergnuegen.com/api/v1/tips/37420/: HTTP Error 404: Not Found
  [ERROR] https://muenchen.mitvergnuegen.com/api/v1/tips/37422/: HTTP Error 404: Not Found
  [ERROR] https://muenchen.mitvergnuegen.com/api/v1/tips/37424/: HTTP Error 404: Not Found
  [ERROR] https://muenchen.mitvergnuegen.com/api/v1/tips/37426/: HTTP Error 404: Not Found
  [ERROR] https://muenchen.mitvergnuegen.com/api/v1/tips/37428/: HTTP Error 404: Not Found
  [ERROR] https://muenchen.mitvergnuegen.com/api/v1/tips/37454/: HTTP Error 404: Not Found
  [ERROR] https://muenchen.mitvergnuegen.com/api/v1/tips/37755/: HTTP Error 404: Not Found
  [ERROR] https://muenchen.mitvergnuegen.com/api/v1/tips/37769/: HTTP Error 404: Not Found
  [ERROR] https://muenchen.mitvergnuegen.com/api/v1/tips/37772/: HTTP Error 404: Not Found
  [ERROR] https://muenchen.mitvergnuegen.com/api/v1/tips/37778/: HTTP Error 404: Not Found
  [ERROR] https://muenchen.mitvergnuegen.com/api/v1/tips/37795/: HTTP Error 404: Not Found
  [ERROR] https://muenchen.mitvergnuegen.com/api/v1/tips/37811/: HTTP Error 404: Not Found
  [ERROR] https://muenchen.mitvergnuegen.com/api/v1/tips/37857/: HTTP Error 404: Not Found
  [ERROR] https://muenchen.mitvergnuegen.com/api/v1/tips/37862/: HTTP Error 404: Not Found
  [ERROR] https://muenchen.mitvergnuegen.com/api/v1/tips/37866/: HTTP Error 404: Not Found
  [890/5027] added=7967 updated=39
  [ERROR] https://muenchen.mitvergnuegen.com/api/v1/tips/37938/: HTTP Error 404: Not Found
  [ERROR] https://muenchen.mitvergnuegen.com/api/v1/tips/38019/: HTTP Error 404: Not Found
  [ERROR] https://muenchen.mitvergnuegen.com/api/v1/tips/38222/: HTTP Error 404: Not Found
  [ERROR] https://muenchen.mitvergnuegen.com/api/v1/tips/38228/: HTTP Error 404: Not Found
  [ERROR] https://muenchen.mitvergnuegen.com/api/v1/tips/38263/: HTTP Error 404: Not Found
  [ERROR] https://muenchen.mitvergnuegen.com/api/v1/tips/38310/: HTTP Error 404: Not Found
  [ERROR] https://muenchen.mitvergnuegen.com/api/v1/tips/38315/: HTTP Error 404: Not Found
  [ERROR] https://muenchen.mitvergnuegen.com/api/v1/tips/38540/: HTTP Error 404: Not Found
  [ERROR] https://muenchen.mitvergnuegen.com/api/v1/tips/38659/: HTTP Error 404: Not Found
  [ERROR] https://muenchen.mitvergnuegen.com/api/v1/tips/38764/: HTTP Error 404: Not Found
  [ERROR] https://muenchen.mitvergnuegen.com/api/v1/tips/38784/: HTTP Error 404: Not Found
  [ERROR] https://muenchen.mitvergnuegen.com/api/v1/tips/38945/: HTTP Error 404: Not Found
  [ERROR] https://muenchen.mitvergnuegen.com/api/v1/tips/38951/: HTTP Error 404: Not Found
  [900/5027] added=7977 updated=39
  [ERROR] https://muenchen.mitvergnuegen.com/api/v1/tips/38981/: HTTP Error 404: Not Found
  [ERROR] https://muenchen.mitvergnuegen.com/api/v1/tips/38999/: HTTP Error 404: Not Found
  [ERROR] https://muenchen.mitvergnuegen.com/api/v1/tips/39002/: HTTP Error 404: Not Found
  [ERROR] https://muenchen.mitvergnuegen.com/api/v1/tips/39008/: HTTP Error 404: Not Found
  [ERROR] https://muenchen.mitvergnuegen.com/api/v1/tips/39010/: HTTP Error 404: Not Found
  [ERROR] https://muenchen.mitvergnuegen.com/api/v1/tips/39015/: HTTP Error 404: Not Found
  [ERROR] https://muenchen.mitvergnuegen.com/api/v1/tips/39017/: HTTP Error 404: Not Found
  [ERROR] https://muenchen.mitvergnuegen.com/api/v1/tips/39021/: HTTP Error 404: Not Found
  [ERROR] https://muenchen.mitvergnuegen.com/api/v1/tips/39022/: HTTP Error 404: Not Found
  [ERROR] https://muenchen.mitvergnuegen.com/api/v1/tips/39026/: HTTP Error 404: Not Found
  [ERROR] https://muenchen.mitvergnuegen.com/api/v1/tips/39028/: HTTP Error 404: Not Found
  [ERROR] https://muenchen.mitvergnuegen.com/api/v1/tips/39030/: HTTP Error 404: Not Found
  [ERROR] https://muenchen.mitvergnuegen.com/api/v1/tips/39032/: HTTP Error 404: Not Found
  [ERROR] https://muenchen.mitvergnuegen.com/api/v1/tips/39116/: HTTP Error 404: Not Found
  [ERROR] https://muenchen.mitvergnuegen.com/api/v1/tips/39143/: HTTP Error 404: Not Found
  [ERROR] https://muenchen.mitvergnuegen.com/api/v1/tips/39155/: HTTP Error 404: Not Found
  [ERROR] https://muenchen.mitvergnuegen.com/api/v1/tips/39179/: HTTP Error 404: Not Found
  [ERROR] https://muenchen.mitvergnuegen.com/api/v1/tips/39183/: HTTP Error 404: Not Found
  [ERROR] https://muenchen.mitvergnuegen.com/api/v1/tips/39194/: HTTP Error 404: Not Found
  [ERROR] https://muenchen.mitvergnuegen.com/api/v1/tips/39204/: HTTP Error 404: Not Found
  [ERROR] https://muenchen.mitvergnuegen.com/api/v1/tips/39219/: HTTP Error 404: Not Found
  [ERROR] https://muenchen.mitvergnuegen.com/api/v1/tips/39241/: HTTP Error 404: Not Found
  [ERROR] https://muenchen.mitvergnuegen.com/api/v1/tips/39244/: HTTP Error 404: Not Found
  [ERROR] https://muenchen.mitvergnuegen.com/api/v1/tips/39283/: HTTP Error 404: Not Found
  [ERROR] https://muenchen.mitvergnuegen.com/api/v1/tips/39448/: HTTP Error 404: Not Found
  [910/5027] added=7987 updated=39
  [ERROR] https://muenchen.mitvergnuegen.com/api/v1/tips/39531/: HTTP Error 404: Not Found
  [ERROR] https://muenchen.mitvergnuegen.com/api/v1/tips/39587/: HTTP Error 404: Not Found
  [ERROR] https://muenchen.mitvergnuegen.com/api/v1/tips/39636/: HTTP Error 404: Not Found
  [ERROR] https://muenchen.mitvergnuegen.com/api/v1/tips/39678/: HTTP Error 404: Not Found
  [ERROR] https://muenchen.mitvergnuegen.com/api/v1/tips/39851/: HTTP Error 404: Not Found
  [ERROR] https://muenchen.mitvergnuegen.com/api/v1/tips/39854/: HTTP Error 404: Not Found
  [920/5027] added=7996 updated=40
  [ERROR] https://muenchen.mitvergnuegen.com/api/v1/tips/40132/: HTTP Error 404: Not Found
  [ERROR] https://muenchen.mitvergnuegen.com/api/v1/tips/40307/: HTTP Error 404: Not Found
  [ERROR] https://muenchen.mitvergnuegen.com/api/v1/tips/40310/: HTTP Error 404: Not Found
  [ERROR] https://muenchen.mitvergnuegen.com/api/v1/tips/40312/: HTTP Error 404: Not Found
  [ERROR] https://muenchen.mitvergnuegen.com/api/v1/tips/40315/: HTTP Error 404: Not Found
  [930/5027] added=8006 updated=40
  [ERROR] https://muenchen.mitvergnuegen.com/api/v1/tips/40397/: HTTP Error 404: Not Found
  [ERROR] https://muenchen.mitvergnuegen.com/api/v1/tips/40532/: HTTP Error 404: Not Found
  [ERROR] https://muenchen.mitvergnuegen.com/api/v1/tips/40558/: HTTP Error 404: Not Found
  [ERROR] https://muenchen.mitvergnuegen.com/api/v1/tips/40561/: HTTP Error 404: Not Found
  [ERROR] https://muenchen.mitvergnuegen.com/api/v1/tips/40585/: HTTP Error 404: Not Found
  [ERROR] https://muenchen.mitvergnuegen.com/api/v1/tips/40604/: HTTP Error 404: Not Found
  [ERROR] https://muenchen.mitvergnuegen.com/api/v1/tips/40613/: HTTP Error 404: Not Found
  [ERROR] https://muenchen.mitvergnuegen.com/api/v1/tips/40638/: HTTP Error 404: Not Found
  [ERROR] https://muenchen.mitvergnuegen.com/api/v1/tips/40650/: HTTP Error 404: Not Found
  [ERROR] https://muenchen.mitvergnuegen.com/api/v1/tips/40661/: HTTP Error 404: Not Found
  [ERROR] https://muenchen.mitvergnuegen.com/api/v1/tips/40664/: HTTP Error 404: Not Found
  [ERROR] https://muenchen.mitvergnuegen.com/api/v1/tips/40669/: HTTP Error 404: Not Found
  [ERROR] https://muenchen.mitvergnuegen.com/api/v1/tips/40681/: HTTP Error 404: Not Found
  [ERROR] https://muenchen.mitvergnuegen.com/api/v1/tips/40729/: HTTP Error 404: Not Found
  [ERROR] https://muenchen.mitvergnuegen.com/api/v1/tips/40821/: HTTP Error 404: Not Found
  [ERROR] https://muenchen.mitvergnuegen.com/api/v1/tips/40823/: HTTP Error 404: Not Found
  [ERROR] https://muenchen.mitvergnuegen.com/api/v1/tips/40834/: HTTP Error 404: Not Found
  [ERROR] https://muenchen.mitvergnuegen.com/api/v1/tips/40845/: HTTP Error 404: Not Found
  [ERROR] https://muenchen.mitvergnuegen.com/api/v1/tips/40881/: HTTP Error 404: Not Found
  [ERROR] https://muenchen.mitvergnuegen.com/api/v1/tips/40890/: HTTP Error 404: Not Found
  [ERROR] https://muenchen.mitvergnuegen.com/api/v1/tips/40897/: HTTP Error 404: Not Found
  [ERROR] https://muenchen.mitvergnuegen.com/api/v1/tips/40900/: HTTP Error 404: Not Found
  [ERROR] https://muenchen.mitvergnuegen.com/api/v1/tips/40908/: HTTP Error 404: Not Found
  [ERROR] https://muenchen.mitvergnuegen.com/api/v1/tips/40945/: HTTP Error 404: Not Found
  [ERROR] https://muenchen.mitvergnuegen.com/api/v1/tips/40950/: HTTP Error 404: Not Found
  [ERROR] https://muenchen.mitvergnuegen.com/api/v1/tips/40955/: HTTP Error 404: Not Found
  [ERROR] https://muenchen.mitvergnuegen.com/api/v1/tips/40958/: HTTP Error 404: Not Found
  [ERROR] https://muenchen.mitvergnuegen.com/api/v1/tips/40960/: HTTP Error 404: Not Found
  [ERROR] https://muenchen.mitvergnuegen.com/api/v1/tips/40962/: HTTP Error 404: Not Found
  [ERROR] https://muenchen.mitvergnuegen.com/api/v1/tips/40967/: HTTP Error 404: Not Found
  [ERROR] https://muenchen.mitvergnuegen.com/api/v1/tips/40973/: HTTP Error 404: Not Found
  [ERROR] https://muenchen.mitvergnuegen.com/api/v1/tips/40981/: HTTP Error 404: Not Found
  [ERROR] https://muenchen.mitvergnuegen.com/api/v1/tips/40984/: HTTP Error 404: Not Found
  [ERROR] https://muenchen.mitvergnuegen.com/api/v1/tips/40988/: HTTP Error 404: Not Found
  [ERROR] https://muenchen.mitvergnuegen.com/api/v1/tips/40991/: HTTP Error 404: Not Found
  [ERROR] https://muenchen.mitvergnuegen.com/api/v1/tips/41149/: HTTP Error 404: Not Found
  [ERROR] https://muenchen.mitvergnuegen.com/api/v1/tips/41203/: HTTP Error 404: Not Found
  [ERROR] https://muenchen.mitvergnuegen.com/api/v1/tips/41204/: HTTP Error 404: Not Found
  [ERROR] https://muenchen.mitvergnuegen.com/api/v1/tips/41206/: HTTP Error 404: Not Found
  [ERROR] https://muenchen.mitvergnuegen.com/api/v1/tips/41213/: HTTP Error 404: Not Found
  [ERROR] https://muenchen.mitvergnuegen.com/api/v1/tips/41217/: HTTP Error 404: Not Found
  [ERROR] https://muenchen.mitvergnuegen.com/api/v1/tips/41220/: HTTP Error 404: Not Found
  [ERROR] https://muenchen.mitvergnuegen.com/api/v1/tips/41221/: HTTP Error 404: Not Found
  [ERROR] https://muenchen.mitvergnuegen.com/api/v1/tips/41231/: HTTP Error 404: Not Found
  [ERROR] https://muenchen.mitvergnuegen.com/api/v1/tips/41236/: HTTP Error 404: Not Found
  [ERROR] https://muenchen.mitvergnuegen.com/api/v1/tips/41252/: HTTP Error 404: Not Found
  [ERROR] https://muenchen.mitvergnuegen.com/api/v1/tips/41259/: HTTP Error 404: Not Found
  [ERROR] https://muenchen.mitvergnuegen.com/api/v1/tips/41260/: HTTP Error 404: Not Found
  [ERROR] https://muenchen.mitvergnuegen.com/api/v1/tips/41270/: HTTP Error 404: Not Found
  [ERROR] https://muenchen.mitvergnuegen.com/api/v1/tips/41312/: HTTP Error 404: Not Found
  [ERROR] https://muenchen.mitvergnuegen.com/api/v1/tips/41378/: HTTP Error 404: Not Found
  [ERROR] https://muenchen.mitvergnuegen.com/api/v1/tips/41389/: HTTP Error 404: Not Found
  [ERROR] https://muenchen.mitvergnuegen.com/api/v1/tips/41397/: HTTP Error 404: Not Found
  [940/5027] added=8016 updated=40
  [ERROR] https://muenchen.mitvergnuegen.com/api/v1/tips/41404/: HTTP Error 404: Not Found
  [ERROR] https://muenchen.mitvergnuegen.com/api/v1/tips/41492/: HTTP Error 404: Not Found
  [ERROR] https://muenchen.mitvergnuegen.com/api/v1/tips/41511/: HTTP Error 404: Not Found
  [ERROR] https://muenchen.mitvergnuegen.com/api/v1/tips/41514/: HTTP Error 404: Not Found
  [ERROR] https://muenchen.mitvergnuegen.com/api/v1/tips/41519/: HTTP Error 404: Not Found
  [ERROR] https://muenchen.mitvergnuegen.com/api/v1/tips/41523/: HTTP Error 404: Not Found
  [ERROR] https://muenchen.mitvergnuegen.com/api/v1/tips/41527/: HTTP Error 404: Not Found
  [ERROR] https://muenchen.mitvergnuegen.com/api/v1/tips/41537/: HTTP Error 404: Not Found
  [ERROR] https://muenchen.mitvergnuegen.com/api/v1/tips/41540/: HTTP Error 404: Not Found
  [ERROR] https://muenchen.mitvergnuegen.com/api/v1/tips/41548/: HTTP Error 404: Not Found
  [ERROR] https://muenchen.mitvergnuegen.com/api/v1/tips/41554/: HTTP Error 404: Not Found
  [ERROR] https://muenchen.mitvergnuegen.com/api/v1/tips/41599/: HTTP Error 404: Not Found
  [ERROR] https://muenchen.mitvergnuegen.com/api/v1/tips/41705/: HTTP Error 404: Not Found
  [ERROR] https://muenchen.mitvergnuegen.com/api/v1/tips/41877/: HTTP Error 404: Not Found
  [ERROR] https://muenchen.mitvergnuegen.com/api/v1/tips/41897/: HTTP Error 404: Not Found
  [ERROR] https://muenchen.mitvergnuegen.com/api/v1/tips/41904/: HTTP Error 404: Not Found
  [ERROR] https://muenchen.mitvergnuegen.com/api/v1/tips/41907/: HTTP Error 404: Not Found
  [ERROR] https://muenchen.mitvergnuegen.com/api/v1/tips/41910/: HTTP Error 404: Not Found
  [ERROR] https://muenchen.mitvergnuegen.com/api/v1/tips/41915/: HTTP Error 404: Not Found
  [ERROR] https://muenchen.mitvergnuegen.com/api/v1/tips/41925/: HTTP Error 404: Not Found
  [ERROR] https://muenchen.mitvergnuegen.com/api/v1/tips/41929/: HTTP Error 404: Not Found
  [ERROR] https://muenchen.mitvergnuegen.com/api/v1/tips/41938/: HTTP Error 404: Not Found
  [ERROR] https://muenchen.mitvergnuegen.com/api/v1/tips/41946/: HTTP Error 404: Not Found
  [ERROR] https://muenchen.mitvergnuegen.com/api/v1/tips/41952/: HTTP Error 404: Not Found
  [ERROR] https://muenchen.mitvergnuegen.com/api/v1/tips/41953/: HTTP Error 404: Not Found
  [ERROR] https://muenchen.mitvergnuegen.com/api/v1/tips/42092/: HTTP Error 404: Not Found
  [ERROR] https://muenchen.mitvergnuegen.com/api/v1/tips/42105/: HTTP Error 404: Not Found
  [ERROR] https://muenchen.mitvergnuegen.com/api/v1/tips/42121/: HTTP Error 404: Not Found
  [ERROR] https://muenchen.mitvergnuegen.com/api/v1/tips/42125/: HTTP Error 404: Not Found
  [ERROR] https://muenchen.mitvergnuegen.com/api/v1/tips/42142/: HTTP Error 404: Not Found
  [950/5027] added=8026 updated=40
  [ERROR] https://muenchen.mitvergnuegen.com/api/v1/tips/42201/: HTTP Error 404: Not Found
  [ERROR] https://muenchen.mitvergnuegen.com/api/v1/tips/42208/: HTTP Error 404: Not Found
  [ERROR] https://muenchen.mitvergnuegen.com/api/v1/tips/42342/: HTTP Error 404: Not Found
  [ERROR] https://muenchen.mitvergnuegen.com/api/v1/tips/42425/: HTTP Error 404: Not Found
  [ERROR] https://muenchen.mitvergnuegen.com/api/v1/tips/42448/: HTTP Error 404: Not Found
  [ERROR] https://muenchen.mitvergnuegen.com/api/v1/tips/42455/: HTTP Error 404: Not Found
  [ERROR] https://muenchen.mitvergnuegen.com/api/v1/tips/42474/: HTTP Error 404: Not Found
  [960/5027] added=8036 updated=40
  [ERROR] https://muenchen.mitvergnuegen.com/api/v1/tips/42591/: HTTP Error 404: Not Found
  [ERROR] https://muenchen.mitvergnuegen.com/api/v1/tips/42610/: HTTP Error 404: Not Found
  [ERROR] https://muenchen.mitvergnuegen.com/api/v1/tips/42755/: HTTP Error 404: Not Found
  [ERROR] https://muenchen.mitvergnuegen.com/api/v1/tips/42758/: HTTP Error 404: Not Found
  [ERROR] https://muenchen.mitvergnuegen.com/api/v1/tips/42759/: HTTP Error 404: Not Found
  [ERROR] https://muenchen.mitvergnuegen.com/api/v1/tips/42764/: HTTP Error 404: Not Found
  [ERROR] https://muenchen.mitvergnuegen.com/api/v1/tips/42768/: HTTP Error 404: Not Found
  [970/5027] added=8046 updated=40
  [ERROR] https://muenchen.mitvergnuegen.com/api/v1/tips/42867/: HTTP Error 404: Not Found
  [ERROR] https://muenchen.mitvergnuegen.com/api/v1/tips/42878/: HTTP Error 404: Not Found
  [ERROR] https://muenchen.mitvergnuegen.com/api/v1/tips/42884/: HTTP Error 404: Not Found
  [ERROR] https://muenchen.mitvergnuegen.com/api/v1/tips/42899/: HTTP Error 404: Not Found
  [ERROR] https://muenchen.mitvergnuegen.com/api/v1/tips/42905/: HTTP Error 404: Not Found
  [ERROR] https://muenchen.mitvergnuegen.com/api/v1/tips/42916/: HTTP Error 404: Not Found
  [ERROR] https://muenchen.mitvergnuegen.com/api/v1/tips/42957/: HTTP Error 404: Not Found
  [ERROR] https://muenchen.mitvergnuegen.com/api/v1/tips/42974/: HTTP Error 404: Not Found
  [ERROR] https://muenchen.mitvergnuegen.com/api/v1/tips/42991/: HTTP Error 404: Not Found
  [ERROR] https://muenchen.mitvergnuegen.com/api/v1/tips/42998/: HTTP Error 404: Not Found
  [ERROR] https://muenchen.mitvergnuegen.com/api/v1/tips/43012/: HTTP Error 404: Not Found
  [ERROR] https://muenchen.mitvergnuegen.com/api/v1/tips/43016/: HTTP Error 404: Not Found
  [ERROR] https://muenchen.mitvergnuegen.com/api/v1/tips/43018/: HTTP Error 404: Not Found
  [ERROR] https://muenchen.mitvergnuegen.com/api/v1/tips/43019/: HTTP Error 404: Not Found
  [ERROR] https://muenchen.mitvergnuegen.com/api/v1/tips/43024/: HTTP Error 404: Not Found
  [ERROR] https://muenchen.mitvergnuegen.com/api/v1/tips/43027/: HTTP Error 404: Not Found
  [ERROR] https://muenchen.mitvergnuegen.com/api/v1/tips/43031/: HTTP Error 404: Not Found
  [ERROR] https://muenchen.mitvergnuegen.com/api/v1/tips/43033/: HTTP Error 404: Not Found
  [ERROR] https://muenchen.mitvergnuegen.com/api/v1/tips/43035/: HTTP Error 404: Not Found
  [ERROR] https://muenchen.mitvergnuegen.com/api/v1/tips/43041/: HTTP Error 404: Not Found
  [ERROR] https://muenchen.mitvergnuegen.com/api/v1/tips/43046/: HTTP Error 404: Not Found
  [ERROR] https://muenchen.mitvergnuegen.com/api/v1/tips/43049/: HTTP Error 404: Not Found
  [ERROR] https://muenchen.mitvergnuegen.com/api/v1/tips/43268/: HTTP Error 404: Not Found
  [ERROR] https://muenchen.mitvergnuegen.com/api/v1/tips/43506/: HTTP Error 404: Not Found
  [ERROR] https://muenchen.mitvergnuegen.com/api/v1/tips/43513/: HTTP Error 404: Not Found
  [980/5027] added=8056 updated=40
  [ERROR] https://muenchen.mitvergnuegen.com/api/v1/tips/43561/: HTTP Error 404: Not Found
  [ERROR] https://muenchen.mitvergnuegen.com/api/v1/tips/43651/: HTTP Error 404: Not Found
  [ERROR] https://muenchen.mitvergnuegen.com/api/v1/tips/43661/: HTTP Error 404: Not Found
  [ERROR] https://muenchen.mitvergnuegen.com/api/v1/tips/43788/: HTTP Error 404: Not Found
  [ERROR] https://muenchen.mitvergnuegen.com/api/v1/tips/43920/: HTTP Error 404: Not Found
  [ERROR] https://muenchen.mitvergnuegen.com/api/v1/tips/43930/: HTTP Error 404: Not Found
  [ERROR] https://muenchen.mitvergnuegen.com/api/v1/tips/43933/: HTTP Error 404: Not Found
  [990/5027] added=8066 updated=40
  [ERROR] https://muenchen.mitvergnuegen.com/api/v1/tips/43954/: HTTP Error 404: Not Found
  [ERROR] https://muenchen.mitvergnuegen.com/api/v1/tips/43990/: HTTP Error 404: Not Found
  [ERROR] https://muenchen.mitvergnuegen.com/api/v1/tips/43991/: HTTP Error 404: Not Found
  [ERROR] https://muenchen.mitvergnuegen.com/api/v1/tips/43995/: HTTP Error 404: Not Found
  [ERROR] https://muenchen.mitvergnuegen.com/api/v1/tips/43998/: HTTP Error 404: Not Found
  [ERROR] https://muenchen.mitvergnuegen.com/api/v1/tips/44001/: HTTP Error 404: Not Found
  [ERROR] https://muenchen.mitvergnuegen.com/api/v1/tips/44006/: HTTP Error 404: Not Found
  [ERROR] https://muenchen.mitvergnuegen.com/api/v1/tips/44013/: HTTP Error 404: Not Found
  [ERROR] https://muenchen.mitvergnuegen.com/api/v1/tips/44026/: HTTP Error 404: Not Found
  [ERROR] https://muenchen.mitvergnuegen.com/api/v1/tips/44032/: HTTP Error 404: Not Found
  [ERROR] https://muenchen.mitvergnuegen.com/api/v1/tips/44043/: HTTP Error 404: Not Found
  [ERROR] https://muenchen.mitvergnuegen.com/api/v1/tips/44050/: HTTP Error 404: Not Found
  [ERROR] https://muenchen.mitvergnuegen.com/api/v1/tips/44053/: HTTP Error 404: Not Found
  [ERROR] https://muenchen.mitvergnuegen.com/api/v1/tips/44058/: HTTP Error 404: Not Found
  [ERROR] https://muenchen.mitvergnuegen.com/api/v1/tips/44061/: HTTP Error 404: Not Found
  [ERROR] https://muenchen.mitvergnuegen.com/api/v1/tips/44066/: HTTP Error 404: Not Found
  [ERROR] https://muenchen.mitvergnuegen.com/api/v1/tips/44069/: HTTP Error 404: Not Found
  [ERROR] https://muenchen.mitvergnuegen.com/api/v1/tips/44073/: HTTP Error 404: Not Found
  [ERROR] https://muenchen.mitvergnuegen.com/api/v1/tips/44082/: HTTP Error 404: Not Found
  [ERROR] https://muenchen.mitvergnuegen.com/api/v1/tips/44115/: HTTP Error 404: Not Found
  [ERROR] https://muenchen.mitvergnuegen.com/api/v1/tips/44123/: HTTP Error 404: Not Found
  [ERROR] https://muenchen.mitvergnuegen.com/api/v1/tips/44138/: HTTP Error 404: Not Found
  [ERROR] https://muenchen.mitvergnuegen.com/api/v1/tips/44144/: HTTP Error 404: Not Found
  [ERROR] https://muenchen.mitvergnuegen.com/api/v1/tips/44148/: HTTP Error 404: Not Found
  [ERROR] https://muenchen.mitvergnuegen.com/api/v1/tips/44178/: HTTP Error 404: Not Found
  [ERROR] https://muenchen.mitvergnuegen.com/api/v1/tips/44182/: HTTP Error 404: Not Found
  [ERROR] https://muenchen.mitvergnuegen.com/api/v1/tips/44229/: HTTP Error 404: Not Found
  [ERROR] https://muenchen.mitvergnuegen.com/api/v1/tips/44236/: HTTP Error 404: Not Found
  [ERROR] https://muenchen.mitvergnuegen.com/api/v1/tips/44239/: HTTP Error 404: Not Found
  [ERROR] https://muenchen.mitvergnuegen.com/api/v1/tips/44241/: HTTP Error 404: Not Found
  [ERROR] https://muenchen.mitvergnuegen.com/api/v1/tips/44243/: HTTP Error 404: Not Found
  [ERROR] https://muenchen.mitvergnuegen.com/api/v1/tips/44245/: HTTP Error 404: Not Found
  [ERROR] https://muenchen.mitvergnuegen.com/api/v1/tips/44251/: HTTP Error 404: Not Found
  [ERROR] https://muenchen.mitvergnuegen.com/api/v1/tips/44255/: HTTP Error 404: Not Found
  [ERROR] https://muenchen.mitvergnuegen.com/api/v1/tips/44282/: HTTP Error 404: Not Found
  [ERROR] https://muenchen.mitvergnuegen.com/api/v1/tips/44284/: HTTP Error 404: Not Found
  [ERROR] https://muenchen.mitvergnuegen.com/api/v1/tips/44327/: HTTP Error 404: Not Found
  [1000/5027] added=8076 updated=40
  [ERROR] https://muenchen.mitvergnuegen.com/api/v1/tips/44371/: HTTP Error 404: Not Found
  [ERROR] https://muenchen.mitvergnuegen.com/api/v1/tips/44437/: HTTP Error 404: Not Found
  [ERROR] https://muenchen.mitvergnuegen.com/api/v1/tips/44497/: HTTP Error 404: Not Found
  [ERROR] https://muenchen.mitvergnuegen.com/api/v1/tips/44498/: HTTP Error 404: Not Found
  [ERROR] https://muenchen.mitvergnuegen.com/api/v1/tips/44502/: HTTP Error 404: Not Found
  [ERROR] https://muenchen.mitvergnuegen.com/api/v1/tips/44506/: HTTP Error 404: Not Found
  [ERROR] https://muenchen.mitvergnuegen.com/api/v1/tips/44534/: HTTP Error 404: Not Found
  [ERROR] https://muenchen.mitvergnuegen.com/api/v1/tips/44535/: HTTP Error 404: Not Found
  [ERROR] https://muenchen.mitvergnuegen.com/api/v1/tips/44551/: HTTP Error 404: Not Found
  [1010/5027] added=8085 updated=41
  [ERROR] https://muenchen.mitvergnuegen.com/api/v1/tips/44685/: HTTP Error 404: Not Found
  [ERROR] https://muenchen.mitvergnuegen.com/api/v1/tips/44718/: HTTP Error 404: Not Found
  [ERROR] https://muenchen.mitvergnuegen.com/api/v1/tips/44719/: HTTP Error 404: Not Found
  [ERROR] https://muenchen.mitvergnuegen.com/api/v1/tips/44723/: HTTP Error 404: Not Found
  [ERROR] https://muenchen.mitvergnuegen.com/api/v1/tips/44725/: HTTP Error 404: Not Found
  [ERROR] https://muenchen.mitvergnuegen.com/api/v1/tips/44729/: HTTP Error 404: Not Found
  [ERROR] https://muenchen.mitvergnuegen.com/api/v1/tips/44737/: HTTP Error 404: Not Found
  [ERROR] https://muenchen.mitvergnuegen.com/api/v1/tips/44833/: HTTP Error 404: Not Found
  [ERROR] https://muenchen.mitvergnuegen.com/api/v1/tips/44902/: HTTP Error 404: Not Found
  [ERROR] https://muenchen.mitvergnuegen.com/api/v1/tips/44909/: HTTP Error 404: Not Found
  [ERROR] https://muenchen.mitvergnuegen.com/api/v1/tips/44912/: HTTP Error 404: Not Found
  [ERROR] https://muenchen.mitvergnuegen.com/api/v1/tips/44917/: HTTP Error 404: Not Found
  [ERROR] https://muenchen.mitvergnuegen.com/api/v1/tips/45023/: HTTP Error 404: Not Found
  [ERROR] https://muenchen.mitvergnuegen.com/api/v1/tips/45182/: HTTP Error 404: Not Found
  [ERROR] https://muenchen.mitvergnuegen.com/api/v1/tips/45193/: HTTP Error 404: Not Found
  [ERROR] https://muenchen.mitvergnuegen.com/api/v1/tips/45196/: HTTP Error 404: Not Found
  [ERROR] https://muenchen.mitvergnuegen.com/api/v1/tips/45199/: HTTP Error 404: Not Found
  [ERROR] https://muenchen.mitvergnuegen.com/api/v1/tips/45202/: HTTP Error 404: Not Found
  [ERROR] https://muenchen.mitvergnuegen.com/api/v1/tips/45204/: HTTP Error 404: Not Found
  [ERROR] https://muenchen.mitvergnuegen.com/api/v1/tips/45206/: HTTP Error 404: Not Found
  [ERROR] https://muenchen.mitvergnuegen.com/api/v1/tips/45281/: HTTP Error 404: Not Found
  [ERROR] https://muenchen.mitvergnuegen.com/api/v1/tips/45285/: HTTP Error 404: Not Found
  [ERROR] https://muenchen.mitvergnuegen.com/api/v1/tips/45293/: HTTP Error 404: Not Found
  [ERROR] https://muenchen.mitvergnuegen.com/api/v1/tips/45300/: HTTP Error 404: Not Found
  [ERROR] https://muenchen.mitvergnuegen.com/api/v1/tips/45316/: HTTP Error 404: Not Found
  [ERROR] https://muenchen.mitvergnuegen.com/api/v1/tips/45575/: HTTP Error 404: Not Found
  [ERROR] https://muenchen.mitvergnuegen.com/api/v1/tips/45743/: HTTP Error 404: Not Found
  [ERROR] https://muenchen.mitvergnuegen.com/api/v1/tips/45748/: HTTP Error 404: Not Found
  [ERROR] https://muenchen.mitvergnuegen.com/api/v1/tips/45807/: HTTP Error 404: Not Found
  [ERROR] https://muenchen.mitvergnuegen.com/api/v1/tips/45814/: HTTP Error 404: Not Found
  [ERROR] https://muenchen.mitvergnuegen.com/api/v1/tips/45830/: HTTP Error 404: Not Found
  [1020/5027] added=8095 updated=41
  [ERROR] https://muenchen.mitvergnuegen.com/api/v1/tips/45961/: HTTP Error 404: Not Found
  [ERROR] https://muenchen.mitvergnuegen.com/api/v1/tips/45995/: HTTP Error 404: Not Found
  [ERROR] https://muenchen.mitvergnuegen.com/api/v1/tips/46005/: HTTP Error 404: Not Found
  [ERROR] https://muenchen.mitvergnuegen.com/api/v1/tips/46014/: HTTP Error 404: Not Found
  [ERROR] https://muenchen.mitvergnuegen.com/api/v1/tips/46024/: HTTP Error 404: Not Found
  [ERROR] https://muenchen.mitvergnuegen.com/api/v1/tips/46040/: HTTP Error 404: Not Found
  [ERROR] https://muenchen.mitvergnuegen.com/api/v1/tips/46045/: HTTP Error 404: Not Found
  [ERROR] https://muenchen.mitvergnuegen.com/api/v1/tips/46048/: HTTP Error 404: Not Found
  [ERROR] https://muenchen.mitvergnuegen.com/api/v1/tips/46058/: HTTP Error 404: Not Found
  [ERROR] https://muenchen.mitvergnuegen.com/api/v1/tips/46111/: HTTP Error 404: Not Found
  [ERROR] https://muenchen.mitvergnuegen.com/api/v1/tips/46203/: HTTP Error 404: Not Found
  [ERROR] https://muenchen.mitvergnuegen.com/api/v1/tips/46237/: HTTP Error 404: Not Found
  [ERROR] https://muenchen.mitvergnuegen.com/api/v1/tips/46287/: HTTP Error 404: Not Found
  [1030/5027] added=8104 updated=42
  [ERROR] https://muenchen.mitvergnuegen.com/api/v1/tips/46310/: HTTP Error 404: Not Found
  [ERROR] https://muenchen.mitvergnuegen.com/api/v1/tips/46319/: HTTP Error 404: Not Found
  [ERROR] https://muenchen.mitvergnuegen.com/api/v1/tips/46389/: HTTP Error 404: Not Found
  [ERROR] https://muenchen.mitvergnuegen.com/api/v1/tips/46671/: HTTP Error 404: Not Found
  [ERROR] https://muenchen.mitvergnuegen.com/api/v1/tips/46823/: HTTP Error 404: Not Found
  [ERROR] https://muenchen.mitvergnuegen.com/api/v1/tips/46827/: HTTP Error 404: Not Found
  [ERROR] https://muenchen.mitvergnuegen.com/api/v1/tips/47063/: HTTP Error 404: Not Found
  [ERROR] https://muenchen.mitvergnuegen.com/api/v1/tips/47104/: HTTP Error 404: Not Found
  [ERROR] https://muenchen.mitvergnuegen.com/api/v1/tips/47200/: HTTP Error 404: Not Found
  [ERROR] https://muenchen.mitvergnuegen.com/api/v1/tips/47204/: HTTP Error 404: Not Found
  [ERROR] https://muenchen.mitvergnuegen.com/api/v1/tips/47220/: HTTP Error 404: Not Found
  [ERROR] https://muenchen.mitvergnuegen.com/api/v1/tips/47221/: HTTP Error 404: Not Found
  [ERROR] https://muenchen.mitvergnuegen.com/api/v1/tips/47222/: HTTP Error 404: Not Found
  [ERROR] https://muenchen.mitvergnuegen.com/api/v1/tips/47224/: HTTP Error 404: Not Found
  [ERROR] https://muenchen.mitvergnuegen.com/api/v1/tips/47225/: HTTP Error 404: Not Found
  [ERROR] https://muenchen.mitvergnuegen.com/api/v1/tips/47240/: HTTP Error 404: Not Found
  [ERROR] https://muenchen.mitvergnuegen.com/api/v1/tips/47250/: HTTP Error 404: Not Found
  [ERROR] https://muenchen.mitvergnuegen.com/api/v1/tips/47252/: HTTP Error 404: Not Found
  [ERROR] https://muenchen.mitvergnuegen.com/api/v1/tips/47254/: HTTP Error 404: Not Found
  [ERROR] https://muenchen.mitvergnuegen.com/api/v1/tips/47256/: HTTP Error 404: Not Found
  [ERROR] https://muenchen.mitvergnuegen.com/api/v1/tips/47275/: HTTP Error 404: Not Found
  [ERROR] https://muenchen.mitvergnuegen.com/api/v1/tips/47278/: HTTP Error 404: Not Found
  [ERROR] https://muenchen.mitvergnuegen.com/api/v1/tips/47282/: HTTP Error 404: Not Found
  [ERROR] https://muenchen.mitvergnuegen.com/api/v1/tips/47285/: HTTP Error 404: Not Found
  [ERROR] https://muenchen.mitvergnuegen.com/api/v1/tips/47289/: HTTP Error 404: Not Found
  [ERROR] https://muenchen.mitvergnuegen.com/api/v1/tips/47292/: HTTP Error 404: Not Found
  [ERROR] https://muenchen.mitvergnuegen.com/api/v1/tips/47295/: HTTP Error 404: Not Found
  [ERROR] https://muenchen.mitvergnuegen.com/api/v1/tips/47299/: HTTP Error 404: Not Found
  [ERROR] https://muenchen.mitvergnuegen.com/api/v1/tips/47302/: HTTP Error 404: Not Found
  [ERROR] https://muenchen.mitvergnuegen.com/api/v1/tips/47306/: HTTP Error 404: Not Found
  [ERROR] https://muenchen.mitvergnuegen.com/api/v1/tips/47310/: HTTP Error 404: Not Found
  [ERROR] https://muenchen.mitvergnuegen.com/api/v1/tips/47426/: HTTP Error 404: Not Found
  [ERROR] https://muenchen.mitvergnuegen.com/api/v1/tips/47613/: HTTP Error 404: Not Found
  [ERROR] https://muenchen.mitvergnuegen.com/api/v1/tips/47616/: HTTP Error 404: Not Found
  [ERROR] https://muenchen.mitvergnuegen.com/api/v1/tips/47620/: HTTP Error 404: Not Found
  [ERROR] https://muenchen.mitvergnuegen.com/api/v1/tips/47623/: HTTP Error 404: Not Found
  [ERROR] https://muenchen.mitvergnuegen.com/api/v1/tips/47644/: HTTP Error 404: Not Found
  [1040/5027] added=8114 updated=42
  [ERROR] https://muenchen.mitvergnuegen.com/api/v1/tips/47730/: HTTP Error 404: Not Found
  [ERROR] https://muenchen.mitvergnuegen.com/api/v1/tips/47783/: HTTP Error 404: Not Found
  [ERROR] https://muenchen.mitvergnuegen.com/api/v1/tips/47805/: HTTP Error 404: Not Found
  [ERROR] https://muenchen.mitvergnuegen.com/api/v1/tips/47873/: HTTP Error 404: Not Found
  [ERROR] https://muenchen.mitvergnuegen.com/api/v1/tips/47931/: HTTP Error 404: Not Found
  [ERROR] https://muenchen.mitvergnuegen.com/api/v1/tips/47936/: HTTP Error 404: Not Found
  [ERROR] https://muenchen.mitvergnuegen.com/api/v1/tips/47940/: HTTP Error 404: Not Found
  [ERROR] https://muenchen.mitvergnuegen.com/api/v1/tips/47945/: HTTP Error 404: Not Found
  [ERROR] https://muenchen.mitvergnuegen.com/api/v1/tips/47954/: HTTP Error 404: Not Found
  [ERROR] https://muenchen.mitvergnuegen.com/api/v1/tips/47963/: HTTP Error 404: Not Found
  [ERROR] https://muenchen.mitvergnuegen.com/api/v1/tips/47966/: HTTP Error 404: Not Found
  [1050/5027] added=8124 updated=42
  [ERROR] https://muenchen.mitvergnuegen.com/api/v1/tips/47997/: HTTP Error 404: Not Found
  [ERROR] https://muenchen.mitvergnuegen.com/api/v1/tips/48008/: HTTP Error 404: Not Found
  [ERROR] https://muenchen.mitvergnuegen.com/api/v1/tips/48035/: HTTP Error 404: Not Found
  [ERROR] https://muenchen.mitvergnuegen.com/api/v1/tips/48099/: HTTP Error 404: Not Found
  [ERROR] https://muenchen.mitvergnuegen.com/api/v1/tips/48266/: HTTP Error 404: Not Found
  [ERROR] https://muenchen.mitvergnuegen.com/api/v1/tips/48273/: HTTP Error 404: Not Found
  [ERROR] https://muenchen.mitvergnuegen.com/api/v1/tips/48275/: HTTP Error 404: Not Found
  [ERROR] https://muenchen.mitvergnuegen.com/api/v1/tips/48304/: HTTP Error 404: Not Found
  [ERROR] https://muenchen.mitvergnuegen.com/api/v1/tips/48325/: HTTP Error 404: Not Found
  [ERROR] https://muenchen.mitvergnuegen.com/api/v1/tips/48480/: HTTP Error 404: Not Found
  [1060/5027] added=8134 updated=42
  [ERROR] https://muenchen.mitvergnuegen.com/api/v1/tips/48488/: HTTP Error 404: Not Found
  [ERROR] https://muenchen.mitvergnuegen.com/api/v1/tips/48511/: HTTP Error 404: Not Found
  [ERROR] https://muenchen.mitvergnuegen.com/api/v1/tips/48585/: HTTP Error 404: Not Found
  [ERROR] https://muenchen.mitvergnuegen.com/api/v1/tips/48725/: HTTP Error 404: Not Found
  [ERROR] https://muenchen.mitvergnuegen.com/api/v1/tips/48787/: HTTP Error 404: Not Found
  [ERROR] https://muenchen.mitvergnuegen.com/api/v1/tips/48797/: HTTP Error 404: Not Found
  [1070/5027] added=8144 updated=42
  [ERROR] https://muenchen.mitvergnuegen.com/api/v1/tips/48803/: HTTP Error 404: Not Found
  [ERROR] https://muenchen.mitvergnuegen.com/api/v1/tips/48807/: HTTP Error 404: Not Found
  [ERROR] https://muenchen.mitvergnuegen.com/api/v1/tips/48813/: HTTP Error 404: Not Found
  [ERROR] https://muenchen.mitvergnuegen.com/api/v1/tips/48831/: HTTP Error 404: Not Found
  [ERROR] https://muenchen.mitvergnuegen.com/api/v1/tips/48839/: HTTP Error 404: Not Found
  [ERROR] https://muenchen.mitvergnuegen.com/api/v1/tips/48848/: HTTP Error 404: Not Found
  [ERROR] https://muenchen.mitvergnuegen.com/api/v1/tips/48863/: HTTP Error 404: Not Found
  [ERROR] https://muenchen.mitvergnuegen.com/api/v1/tips/48872/: HTTP Error 404: Not Found
  [ERROR] https://muenchen.mitvergnuegen.com/api/v1/tips/48960/: HTTP Error 404: Not Found
  [ERROR] https://muenchen.mitvergnuegen.com/api/v1/tips/48995/: HTTP Error 404: Not Found
  [ERROR] https://muenchen.mitvergnuegen.com/api/v1/tips/49029/: HTTP Error 404: Not Found
  [ERROR] https://muenchen.mitvergnuegen.com/api/v1/tips/49033/: HTTP Error 404: Not Found
  [ERROR] https://muenchen.mitvergnuegen.com/api/v1/tips/49110/: HTTP Error 404: Not Found
  [ERROR] https://muenchen.mitvergnuegen.com/api/v1/tips/49120/: HTTP Error 404: Not Found
  [ERROR] https://muenchen.mitvergnuegen.com/api/v1/tips/49122/: HTTP Error 404: Not Found
  [ERROR] https://muenchen.mitvergnuegen.com/api/v1/tips/49125/: HTTP Error 404: Not Found
  [ERROR] https://muenchen.mitvergnuegen.com/api/v1/tips/49130/: HTTP Error 404: Not Found
  [ERROR] https://muenchen.mitvergnuegen.com/api/v1/tips/49131/: HTTP Error 404: Not Found
  [ERROR] https://muenchen.mitvergnuegen.com/api/v1/tips/49132/: HTTP Error 404: Not Found
  [ERROR] https://muenchen.mitvergnuegen.com/api/v1/tips/49136/: HTTP Error 404: Not Found
  [ERROR] https://muenchen.mitvergnuegen.com/api/v1/tips/49138/: HTTP Error 404: Not Found
  [ERROR] https://muenchen.mitvergnuegen.com/api/v1/tips/49140/: HTTP Error 404: Not Found
  [ERROR] https://muenchen.mitvergnuegen.com/api/v1/tips/49145/: HTTP Error 404: Not Found
  [ERROR] https://muenchen.mitvergnuegen.com/api/v1/tips/49146/: HTTP Error 404: Not Found
  [ERROR] https://muenchen.mitvergnuegen.com/api/v1/tips/49175/: HTTP Error 404: Not Found
  [ERROR] https://muenchen.mitvergnuegen.com/api/v1/tips/49188/: HTTP Error 404: Not Found
  [ERROR] https://muenchen.mitvergnuegen.com/api/v1/tips/49224/: HTTP Error 404: Not Found
  [ERROR] https://muenchen.mitvergnuegen.com/api/v1/tips/49250/: HTTP Error 404: Not Found
  [ERROR] https://muenchen.mitvergnuegen.com/api/v1/tips/49267/: HTTP Error 404: Not Found
  [ERROR] https://muenchen.mitvergnuegen.com/api/v1/tips/49269/: HTTP Error 404: Not Found
  [ERROR] https://muenchen.mitvergnuegen.com/api/v1/tips/49276/: HTTP Error 404: Not Found
  [ERROR] https://muenchen.mitvergnuegen.com/api/v1/tips/49285/: HTTP Error 404: Not Found
  [ERROR] https://muenchen.mitvergnuegen.com/api/v1/tips/49299/: HTTP Error 404: Not Found
  [ERROR] https://muenchen.mitvergnuegen.com/api/v1/tips/49300/: HTTP Error 404: Not Found
  [ERROR] https://muenchen.mitvergnuegen.com/api/v1/tips/49306/: HTTP Error 404: Not Found
  [ERROR] https://muenchen.mitvergnuegen.com/api/v1/tips/49316/: HTTP Error 404: Not Found
  [ERROR] https://muenchen.mitvergnuegen.com/api/v1/tips/49852/: HTTP Error 404: Not Found
  [ERROR] https://muenchen.mitvergnuegen.com/api/v1/tips/50005/: HTTP Error 404: Not Found
  [ERROR] https://muenchen.mitvergnuegen.com/api/v1/tips/50099/: HTTP Error 404: Not Found
  [ERROR] https://muenchen.mitvergnuegen.com/api/v1/tips/50105/: HTTP Error 404: Not Found
  [ERROR] https://muenchen.mitvergnuegen.com/api/v1/tips/50111/: HTTP Error 404: Not Found
  [ERROR] https://muenchen.mitvergnuegen.com/api/v1/tips/50117/: HTTP Error 404: Not Found
  [1080/5027] added=8154 updated=42
  [ERROR] https://muenchen.mitvergnuegen.com/api/v1/tips/50126/: HTTP Error 404: Not Found
  [ERROR] https://muenchen.mitvergnuegen.com/api/v1/tips/50229/: HTTP Error 404: Not Found
  [ERROR] https://muenchen.mitvergnuegen.com/api/v1/tips/50324/: HTTP Error 404: Not Found
  [ERROR] https://muenchen.mitvergnuegen.com/api/v1/tips/50332/: HTTP Error 404: Not Found
  [ERROR] https://muenchen.mitvergnuegen.com/api/v1/tips/50336/: HTTP Error 404: Not Found
  [ERROR] https://muenchen.mitvergnuegen.com/api/v1/tips/50369/: HTTP Error 404: Not Found
  [ERROR] https://muenchen.mitvergnuegen.com/api/v1/tips/50379/: HTTP Error 404: Not Found
  [ERROR] https://muenchen.mitvergnuegen.com/api/v1/tips/50381/: HTTP Error 404: Not Found
  [ERROR] https://muenchen.mitvergnuegen.com/api/v1/tips/50385/: HTTP Error 404: Not Found
  [ERROR] https://muenchen.mitvergnuegen.com/api/v1/tips/50395/: HTTP Error 404: Not Found
  [ERROR] https://muenchen.mitvergnuegen.com/api/v1/tips/50410/: HTTP Error 404: Not Found
  [ERROR] https://muenchen.mitvergnuegen.com/api/v1/tips/50414/: HTTP Error 404: Not Found
  [ERROR] https://muenchen.mitvergnuegen.com/api/v1/tips/50418/: HTTP Error 404: Not Found
  [ERROR] https://muenchen.mitvergnuegen.com/api/v1/tips/50423/: HTTP Error 404: Not Found
  [ERROR] https://muenchen.mitvergnuegen.com/api/v1/tips/50432/: HTTP Error 404: Not Found
  [ERROR] https://muenchen.mitvergnuegen.com/api/v1/tips/50434/: HTTP Error 404: Not Found
  [ERROR] https://muenchen.mitvergnuegen.com/api/v1/tips/50436/: HTTP Error 404: Not Found
  [ERROR] https://muenchen.mitvergnuegen.com/api/v1/tips/50438/: HTTP Error 404: Not Found
  [ERROR] https://muenchen.mitvergnuegen.com/api/v1/tips/50442/: HTTP Error 404: Not Found
  [ERROR] https://muenchen.mitvergnuegen.com/api/v1/tips/50445/: HTTP Error 404: Not Found
  [ERROR] https://muenchen.mitvergnuegen.com/api/v1/tips/50447/: HTTP Error 404: Not Found
  [ERROR] https://muenchen.mitvergnuegen.com/api/v1/tips/50449/: HTTP Error 404: Not Found
  [ERROR] https://muenchen.mitvergnuegen.com/api/v1/tips/50454/: HTTP Error 404: Not Found
  [ERROR] https://muenchen.mitvergnuegen.com/api/v1/tips/50457/: HTTP Error 404: Not Found
  [ERROR] https://muenchen.mitvergnuegen.com/api/v1/tips/50458/: HTTP Error 404: Not Found
  [ERROR] https://muenchen.mitvergnuegen.com/api/v1/tips/50466/: HTTP Error 404: Not Found
  [ERROR] https://muenchen.mitvergnuegen.com/api/v1/tips/50471/: HTTP Error 404: Not Found
  [ERROR] https://muenchen.mitvergnuegen.com/api/v1/tips/50474/: HTTP Error 404: Not Found
  [ERROR] https://muenchen.mitvergnuegen.com/api/v1/tips/50510/: HTTP Error 404: Not Found
  [ERROR] https://muenchen.mitvergnuegen.com/api/v1/tips/50608/: HTTP Error 404: Not Found
  [ERROR] https://muenchen.mitvergnuegen.com/api/v1/tips/50635/: HTTP Error 404: Not Found
  [ERROR] https://muenchen.mitvergnuegen.com/api/v1/tips/50644/: HTTP Error 404: Not Found
  [ERROR] https://muenchen.mitvergnuegen.com/api/v1/tips/50653/: HTTP Error 404: Not Found
  [ERROR] https://muenchen.mitvergnuegen.com/api/v1/tips/50656/: HTTP Error 404: Not Found
  [ERROR] https://muenchen.mitvergnuegen.com/api/v1/tips/50672/: HTTP Error 404: Not Found
  [ERROR] https://muenchen.mitvergnuegen.com/api/v1/tips/50693/: HTTP Error 404: Not Found
  [ERROR] https://muenchen.mitvergnuegen.com/api/v1/tips/50713/: HTTP Error 404: Not Found
  [ERROR] https://muenchen.mitvergnuegen.com/api/v1/tips/50716/: HTTP Error 404: Not Found
  [ERROR] https://muenchen.mitvergnuegen.com/api/v1/tips/50720/: HTTP Error 404: Not Found
  [ERROR] https://muenchen.mitvergnuegen.com/api/v1/tips/50721/: HTTP Error 404: Not Found
  [ERROR] https://muenchen.mitvergnuegen.com/api/v1/tips/50737/: HTTP Error 404: Not Found
  [ERROR] https://muenchen.mitvergnuegen.com/api/v1/tips/50895/: HTTP Error 404: Not Found
  [ERROR] https://muenchen.mitvergnuegen.com/api/v1/tips/50990/: HTTP Error 404: Not Found
  [1090/5027] added=8164 updated=42
  [ERROR] https://muenchen.mitvergnuegen.com/api/v1/tips/51102/: HTTP Error 404: Not Found
  [ERROR] https://muenchen.mitvergnuegen.com/api/v1/tips/51106/: HTTP Error 404: Not Found
  [ERROR] https://muenchen.mitvergnuegen.com/api/v1/tips/51112/: HTTP Error 404: Not Found
  [ERROR] https://muenchen.mitvergnuegen.com/api/v1/tips/51129/: HTTP Error 404: Not Found
  [ERROR] https://muenchen.mitvergnuegen.com/api/v1/tips/51132/: HTTP Error 404: Not Found
  [ERROR] https://muenchen.mitvergnuegen.com/api/v1/tips/51134/: HTTP Error 404: Not Found
  [ERROR] https://muenchen.mitvergnuegen.com/api/v1/tips/51138/: HTTP Error 404: Not Found
  [ERROR] https://muenchen.mitvergnuegen.com/api/v1/tips/51141/: HTTP Error 404: Not Found
  [ERROR] https://muenchen.mitvergnuegen.com/api/v1/tips/51146/: HTTP Error 404: Not Found
  [ERROR] https://muenchen.mitvergnuegen.com/api/v1/tips/51149/: HTTP Error 404: Not Found
  [ERROR] https://muenchen.mitvergnuegen.com/api/v1/tips/51155/: HTTP Error 404: Not Found
  [ERROR] https://muenchen.mitvergnuegen.com/api/v1/tips/51156/: HTTP Error 404: Not Found
  [ERROR] https://muenchen.mitvergnuegen.com/api/v1/tips/51171/: HTTP Error 404: Not Found
  [ERROR] https://muenchen.mitvergnuegen.com/api/v1/tips/51185/: HTTP Error 404: Not Found
  [ERROR] https://muenchen.mitvergnuegen.com/api/v1/tips/51229/: HTTP Error 404: Not Found
  [ERROR] https://muenchen.mitvergnuegen.com/api/v1/tips/51276/: HTTP Error 404: Not Found
  [ERROR] https://muenchen.mitvergnuegen.com/api/v1/tips/51345/: HTTP Error 404: Not Found
  [ERROR] https://muenchen.mitvergnuegen.com/api/v1/tips/51352/: HTTP Error 404: Not Found
  [ERROR] https://muenchen.mitvergnuegen.com/api/v1/tips/51612/: HTTP Error 404: Not Found
  [ERROR] https://muenchen.mitvergnuegen.com/api/v1/tips/51753/: HTTP Error 404: Not Found
  [1100/5027] added=8174 updated=42
  [ERROR] https://muenchen.mitvergnuegen.com/api/v1/tips/51907/: HTTP Error 404: Not Found
  [ERROR] https://muenchen.mitvergnuegen.com/api/v1/tips/51979/: HTTP Error 404: Not Found
  [1110/5027] added=8184 updated=42
  [ERROR] https://muenchen.mitvergnuegen.com/api/v1/tips/52031/: HTTP Error 404: Not Found
  [ERROR] https://muenchen.mitvergnuegen.com/api/v1/tips/52035/: HTTP Error 404: Not Found
  [ERROR] https://muenchen.mitvergnuegen.com/api/v1/tips/52037/: HTTP Error 404: Not Found
  [ERROR] https://muenchen.mitvergnuegen.com/api/v1/tips/52038/: HTTP Error 404: Not Found
  [ERROR] https://muenchen.mitvergnuegen.com/api/v1/tips/52039/: HTTP Error 404: Not Found
  [ERROR] https://muenchen.mitvergnuegen.com/api/v1/tips/52123/: HTTP Error 404: Not Found
  [ERROR] https://muenchen.mitvergnuegen.com/api/v1/tips/52156/: HTTP Error 404: Not Found
  [ERROR] https://muenchen.mitvergnuegen.com/api/v1/tips/52170/: HTTP Error 404: Not Found
  [ERROR] https://muenchen.mitvergnuegen.com/api/v1/tips/52327/: HTTP Error 404: Not Found
  [ERROR] https://muenchen.mitvergnuegen.com/api/v1/tips/52391/: HTTP Error 404: Not Found
  [ERROR] https://muenchen.mitvergnuegen.com/api/v1/tips/52399/: HTTP Error 404: Not Found
  [ERROR] https://muenchen.mitvergnuegen.com/api/v1/tips/52431/: HTTP Error 404: Not Found
  [ERROR] https://muenchen.mitvergnuegen.com/api/v1/tips/52605/: HTTP Error 404: Not Found
  [ERROR] https://muenchen.mitvergnuegen.com/api/v1/tips/52636/: HTTP Error 404: Not Found
  [ERROR] https://muenchen.mitvergnuegen.com/api/v1/tips/52658/: HTTP Error 404: Not Found
  [ERROR] https://muenchen.mitvergnuegen.com/api/v1/tips/52756/: HTTP Error 404: Not Found
  [1120/5027] added=8194 updated=42
  [ERROR] https://muenchen.mitvergnuegen.com/api/v1/tips/52785/: HTTP Error 404: Not Found
  [ERROR] https://muenchen.mitvergnuegen.com/api/v1/tips/52893/: HTTP Error 404: Not Found
  [ERROR] https://muenchen.mitvergnuegen.com/api/v1/tips/52903/: HTTP Error 404: Not Found
  [ERROR] https://muenchen.mitvergnuegen.com/api/v1/tips/52941/: HTTP Error 404: Not Found
  [ERROR] https://muenchen.mitvergnuegen.com/api/v1/tips/52988/: HTTP Error 404: Not Found
  [ERROR] https://muenchen.mitvergnuegen.com/api/v1/tips/52989/: HTTP Error 404: Not Found
  [ERROR] https://muenchen.mitvergnuegen.com/api/v1/tips/52991/: HTTP Error 404: Not Found
  [ERROR] https://muenchen.mitvergnuegen.com/api/v1/tips/52994/: HTTP Error 404: Not Found
  [ERROR] https://muenchen.mitvergnuegen.com/api/v1/tips/52999/: HTTP Error 404: Not Found
  [ERROR] https://muenchen.mitvergnuegen.com/api/v1/tips/53002/: HTTP Error 404: Not Found
  [ERROR] https://muenchen.mitvergnuegen.com/api/v1/tips/53004/: HTTP Error 404: Not Found
  [ERROR] https://muenchen.mitvergnuegen.com/api/v1/tips/53068/: HTTP Error 404: Not Found
  [ERROR] https://muenchen.mitvergnuegen.com/api/v1/tips/53100/: HTTP Error 404: Not Found
  [ERROR] https://muenchen.mitvergnuegen.com/api/v1/tips/53109/: HTTP Error 404: Not Found
  [ERROR] https://muenchen.mitvergnuegen.com/api/v1/tips/53117/: HTTP Error 404: Not Found
  [ERROR] https://muenchen.mitvergnuegen.com/api/v1/tips/53236/: HTTP Error 404: Not Found
  [ERROR] https://muenchen.mitvergnuegen.com/api/v1/tips/53252/: HTTP Error 404: Not Found
  [ERROR] https://muenchen.mitvergnuegen.com/api/v1/tips/53315/: HTTP Error 404: Not Found
  [ERROR] https://muenchen.mitvergnuegen.com/api/v1/tips/53317/: HTTP Error 404: Not Found
  [ERROR] https://muenchen.mitvergnuegen.com/api/v1/tips/53319/: HTTP Error 404: Not Found
  [ERROR] https://muenchen.mitvergnuegen.com/api/v1/tips/53322/: HTTP Error 404: Not Found
  [ERROR] https://muenchen.mitvergnuegen.com/api/v1/tips/53323/: HTTP Error 404: Not Found
  [ERROR] https://muenchen.mitvergnuegen.com/api/v1/tips/53325/: HTTP Error 404: Not Found
  [ERROR] https://muenchen.mitvergnuegen.com/api/v1/tips/53330/: HTTP Error 404: Not Found
  [ERROR] https://muenchen.mitvergnuegen.com/api/v1/tips/53332/: HTTP Error 404: Not Found
  [ERROR] https://muenchen.mitvergnuegen.com/api/v1/tips/53334/: HTTP Error 404: Not Found
  [ERROR] https://muenchen.mitvergnuegen.com/api/v1/tips/53378/: HTTP Error 404: Not Found
  [ERROR] https://muenchen.mitvergnuegen.com/api/v1/tips/53436/: HTTP Error 404: Not Found
  [ERROR] https://muenchen.mitvergnuegen.com/api/v1/tips/53437/: HTTP Error 404: Not Found
  [ERROR] https://muenchen.mitvergnuegen.com/api/v1/tips/53454/: HTTP Error 404: Not Found
  [ERROR] https://muenchen.mitvergnuegen.com/api/v1/tips/53457/: HTTP Error 404: Not Found
  [ERROR] https://muenchen.mitvergnuegen.com/api/v1/tips/53677/: HTTP Error 404: Not Found
  [ERROR] https://muenchen.mitvergnuegen.com/api/v1/tips/53743/: HTTP Error 404: Not Found
  [ERROR] https://muenchen.mitvergnuegen.com/api/v1/tips/53777/: HTTP Error 404: Not Found
  [ERROR] https://muenchen.mitvergnuegen.com/api/v1/tips/53990/: HTTP Error 404: Not Found
  [ERROR] https://muenchen.mitvergnuegen.com/api/v1/tips/53992/: HTTP Error 404: Not Found
  [1130/5027] added=8204 updated=42
  [ERROR] https://muenchen.mitvergnuegen.com/api/v1/tips/54020/: HTTP Error 404: Not Found
  [ERROR] https://muenchen.mitvergnuegen.com/api/v1/tips/54289/: HTTP Error 404: Not Found
  [ERROR] https://muenchen.mitvergnuegen.com/api/v1/tips/54302/: HTTP Error 404: Not Found
  [ERROR] https://muenchen.mitvergnuegen.com/api/v1/tips/54314/: HTTP Error 404: Not Found
  [ERROR] https://muenchen.mitvergnuegen.com/api/v1/tips/54324/: HTTP Error 404: Not Found
  [ERROR] https://muenchen.mitvergnuegen.com/api/v1/tips/54360/: HTTP Error 404: Not Found
  [ERROR] https://muenchen.mitvergnuegen.com/api/v1/tips/54380/: HTTP Error 404: Not Found
  [ERROR] https://muenchen.mitvergnuegen.com/api/v1/tips/54398/: HTTP Error 404: Not Found
  [ERROR] https://muenchen.mitvergnuegen.com/api/v1/tips/54426/: HTTP Error 404: Not Found
  [ERROR] https://muenchen.mitvergnuegen.com/api/v1/tips/54457/: HTTP Error 404: Not Found
  [ERROR] https://muenchen.mitvergnuegen.com/api/v1/tips/54460/: HTTP Error 404: Not Found
  [ERROR] https://muenchen.mitvergnuegen.com/api/v1/tips/54464/: HTTP Error 404: Not Found
  [ERROR] https://muenchen.mitvergnuegen.com/api/v1/tips/54481/: HTTP Error 404: Not Found
  [1140/5027] added=8214 updated=42
  [ERROR] https://muenchen.mitvergnuegen.com/api/v1/tips/54523/: HTTP Error 404: Not Found
  [ERROR] https://muenchen.mitvergnuegen.com/api/v1/tips/54528/: HTTP Error 404: Not Found
  [ERROR] https://muenchen.mitvergnuegen.com/api/v1/tips/54676/: HTTP Error 404: Not Found
  [ERROR] https://muenchen.mitvergnuegen.com/api/v1/tips/54887/: HTTP Error 404: Not Found
  [ERROR] https://muenchen.mitvergnuegen.com/api/v1/tips/54974/: HTTP Error 404: Not Found
  [ERROR] https://muenchen.mitvergnuegen.com/api/v1/tips/55051/: HTTP Error 404: Not Found
  [ERROR] https://muenchen.mitvergnuegen.com/api/v1/tips/55069/: HTTP Error 404: Not Found
  [ERROR] https://muenchen.mitvergnuegen.com/api/v1/tips/55074/: HTTP Error 404: Not Found
  [ERROR] https://muenchen.mitvergnuegen.com/api/v1/tips/55076/: HTTP Error 404: Not Found
  [ERROR] https://muenchen.mitvergnuegen.com/api/v1/tips/55142/: HTTP Error 404: Not Found
  [ERROR] https://muenchen.mitvergnuegen.com/api/v1/tips/55144/: HTTP Error 404: Not Found
  [ERROR] https://muenchen.mitvergnuegen.com/api/v1/tips/55148/: HTTP Error 404: Not Found
  [ERROR] https://muenchen.mitvergnuegen.com/api/v1/tips/55151/: HTTP Error 404: Not Found
  [ERROR] https://muenchen.mitvergnuegen.com/api/v1/tips/55153/: HTTP Error 404: Not Found
  [ERROR] https://muenchen.mitvergnuegen.com/api/v1/tips/55154/: HTTP Error 404: Not Found
  [ERROR] https://muenchen.mitvergnuegen.com/api/v1/tips/55155/: HTTP Error 404: Not Found
  [ERROR] https://muenchen.mitvergnuegen.com/api/v1/tips/55157/: HTTP Error 404: Not Found
  [ERROR] https://muenchen.mitvergnuegen.com/api/v1/tips/55159/: HTTP Error 404: Not Found
  [ERROR] https://muenchen.mitvergnuegen.com/api/v1/tips/55165/: HTTP Error 404: Not Found
  [ERROR] https://muenchen.mitvergnuegen.com/api/v1/tips/55173/: HTTP Error 404: Not Found
  [ERROR] https://muenchen.mitvergnuegen.com/api/v1/tips/55186/: HTTP Error 404: Not Found
  [ERROR] https://muenchen.mitvergnuegen.com/api/v1/tips/55187/: HTTP Error 404: Not Found
  [ERROR] https://muenchen.mitvergnuegen.com/api/v1/tips/55240/: HTTP Error 404: Not Found
  [ERROR] https://muenchen.mitvergnuegen.com/api/v1/tips/55243/: HTTP Error 404: Not Found
  [ERROR] https://muenchen.mitvergnuegen.com/api/v1/tips/55315/: HTTP Error 404: Not Found
  [ERROR] https://muenchen.mitvergnuegen.com/api/v1/tips/55316/: HTTP Error 404: Not Found
  [ERROR] https://muenchen.mitvergnuegen.com/api/v1/tips/55317/: HTTP Error 404: Not Found
  [ERROR] https://muenchen.mitvergnuegen.com/api/v1/tips/55318/: HTTP Error 404: Not Found
  [ERROR] https://muenchen.mitvergnuegen.com/api/v1/tips/55322/: HTTP Error 404: Not Found
  [ERROR] https://muenchen.mitvergnuegen.com/api/v1/tips/55324/: HTTP Error 404: Not Found
  [ERROR] https://muenchen.mitvergnuegen.com/api/v1/tips/55325/: HTTP Error 404: Not Found
  [ERROR] https://muenchen.mitvergnuegen.com/api/v1/tips/55329/: HTTP Error 404: Not Found
  [ERROR] https://muenchen.mitvergnuegen.com/api/v1/tips/55379/: HTTP Error 404: Not Found
  [ERROR] https://muenchen.mitvergnuegen.com/api/v1/tips/55495/: HTTP Error 404: Not Found
  [ERROR] https://muenchen.mitvergnuegen.com/api/v1/tips/55593/: HTTP Error 404: Not Found
  [1150/5027] added=8224 updated=42
  [ERROR] https://muenchen.mitvergnuegen.com/api/v1/tips/55701/: HTTP Error 404: Not Found
  [ERROR] https://muenchen.mitvergnuegen.com/api/v1/tips/55713/: HTTP Error 404: Not Found
  [ERROR] https://muenchen.mitvergnuegen.com/api/v1/tips/55749/: HTTP Error 404: Not Found
  [ERROR] https://muenchen.mitvergnuegen.com/api/v1/tips/55752/: HTTP Error 404: Not Found
  [ERROR] https://muenchen.mitvergnuegen.com/api/v1/tips/55874/: HTTP Error 404: Not Found
  [ERROR] https://muenchen.mitvergnuegen.com/api/v1/tips/55925/: HTTP Error 404: Not Found
  [1160/5027] added=8234 updated=42
  [ERROR] https://muenchen.mitvergnuegen.com/api/v1/tips/56176/: HTTP Error 404: Not Found
  [ERROR] https://muenchen.mitvergnuegen.com/api/v1/tips/56188/: HTTP Error 404: Not Found
  [ERROR] https://muenchen.mitvergnuegen.com/api/v1/tips/56190/: HTTP Error 404: Not Found
  [ERROR] https://muenchen.mitvergnuegen.com/api/v1/tips/56207/: HTTP Error 404: Not Found
  [ERROR] https://muenchen.mitvergnuegen.com/api/v1/tips/56229/: HTTP Error 404: Not Found
  [ERROR] https://muenchen.mitvergnuegen.com/api/v1/tips/56287/: HTTP Error 404: Not Found
  [ERROR] https://muenchen.mitvergnuegen.com/api/v1/tips/56316/: HTTP Error 404: Not Found
  [ERROR] https://muenchen.mitvergnuegen.com/api/v1/tips/56326/: HTTP Error 404: Not Found
  [ERROR] https://muenchen.mitvergnuegen.com/api/v1/tips/56329/: HTTP Error 404: Not Found
  [ERROR] https://muenchen.mitvergnuegen.com/api/v1/tips/56331/: HTTP Error 404: Not Found
  [ERROR] https://muenchen.mitvergnuegen.com/api/v1/tips/56333/: HTTP Error 404: Not Found
  [ERROR] https://muenchen.mitvergnuegen.com/api/v1/tips/56335/: HTTP Error 404: Not Found
  [ERROR] https://muenchen.mitvergnuegen.com/api/v1/tips/56338/: HTTP Error 404: Not Found
  [ERROR] https://muenchen.mitvergnuegen.com/api/v1/tips/56340/: HTTP Error 404: Not Found
  [ERROR] https://muenchen.mitvergnuegen.com/api/v1/tips/56346/: HTTP Error 404: Not Found
  [ERROR] https://muenchen.mitvergnuegen.com/api/v1/tips/56395/: HTTP Error 404: Not Found
  [ERROR] https://muenchen.mitvergnuegen.com/api/v1/tips/56509/: HTTP Error 404: Not Found
  [ERROR] https://muenchen.mitvergnuegen.com/api/v1/tips/56526/: HTTP Error 404: Not Found
  [ERROR] https://muenchen.mitvergnuegen.com/api/v1/tips/56614/: HTTP Error 404: Not Found
  [ERROR] https://muenchen.mitvergnuegen.com/api/v1/tips/56772/: HTTP Error 404: Not Found
  [ERROR] https://muenchen.mitvergnuegen.com/api/v1/tips/56783/: HTTP Error 404: Not Found
  [ERROR] https://muenchen.mitvergnuegen.com/api/v1/tips/56791/: HTTP Error 404: Not Found
  [ERROR] https://muenchen.mitvergnuegen.com/api/v1/tips/56816/: HTTP Error 404: Not Found
  [ERROR] https://muenchen.mitvergnuegen.com/api/v1/tips/56819/: HTTP Error 404: Not Found
  [ERROR] https://muenchen.mitvergnuegen.com/api/v1/tips/56830/: HTTP Error 404: Not Found
  [ERROR] https://muenchen.mitvergnuegen.com/api/v1/tips/56839/: HTTP Error 404: Not Found
  [ERROR] https://muenchen.mitvergnuegen.com/api/v1/tips/56843/: HTTP Error 404: Not Found
  [ERROR] https://muenchen.mitvergnuegen.com/api/v1/tips/56849/: HTTP Error 404: Not Found
  [ERROR] https://muenchen.mitvergnuegen.com/api/v1/tips/56853/: HTTP Error 404: Not Found
  [ERROR] https://muenchen.mitvergnuegen.com/api/v1/tips/56856/: HTTP Error 404: Not Found
  [ERROR] https://muenchen.mitvergnuegen.com/api/v1/tips/56859/: HTTP Error 404: Not Found
  [ERROR] https://muenchen.mitvergnuegen.com/api/v1/tips/56989/: HTTP Error 404: Not Found
  [ERROR] https://muenchen.mitvergnuegen.com/api/v1/tips/57016/: HTTP Error 404: Not Found
  [ERROR] https://muenchen.mitvergnuegen.com/api/v1/tips/57029/: HTTP Error 404: Not Found
  [1170/5027] added=8244 updated=42
  [ERROR] https://muenchen.mitvergnuegen.com/api/v1/tips/57228/: HTTP Error 404: Not Found
  [ERROR] https://muenchen.mitvergnuegen.com/api/v1/tips/57235/: HTTP Error 404: Not Found
  [ERROR] https://muenchen.mitvergnuegen.com/api/v1/tips/57242/: HTTP Error 404: Not Found
  [ERROR] https://muenchen.mitvergnuegen.com/api/v1/tips/57281/: HTTP Error 404: Not Found
  [ERROR] https://muenchen.mitvergnuegen.com/api/v1/tips/57283/: HTTP Error 404: Not Found
  [ERROR] https://muenchen.mitvergnuegen.com/api/v1/tips/57286/: HTTP Error 404: Not Found
  [ERROR] https://muenchen.mitvergnuegen.com/api/v1/tips/57295/: HTTP Error 404: Not Found
  [ERROR] https://muenchen.mitvergnuegen.com/api/v1/tips/57317/: HTTP Error 404: Not Found
  [ERROR] https://muenchen.mitvergnuegen.com/api/v1/tips/57330/: HTTP Error 404: Not Found
  [ERROR] https://muenchen.mitvergnuegen.com/api/v1/tips/57415/: HTTP Error 404: Not Found
  [1180/5027] added=8254 updated=42
  [ERROR] https://muenchen.mitvergnuegen.com/api/v1/tips/57482/: HTTP Error 404: Not Found
  [ERROR] https://muenchen.mitvergnuegen.com/api/v1/tips/57526/: HTTP Error 404: Not Found
  [ERROR] https://muenchen.mitvergnuegen.com/api/v1/tips/57574/: HTTP Error 404: Not Found
  [ERROR] https://muenchen.mitvergnuegen.com/api/v1/tips/57632/: HTTP Error 404: Not Found
  [ERROR] https://muenchen.mitvergnuegen.com/api/v1/tips/58009/: HTTP Error 404: Not Found
  [ERROR] https://muenchen.mitvergnuegen.com/api/v1/tips/58010/: HTTP Error 404: Not Found
  [ERROR] https://muenchen.mitvergnuegen.com/api/v1/tips/58015/: HTTP Error 404: Not Found
  [ERROR] https://muenchen.mitvergnuegen.com/api/v1/tips/58018/: HTTP Error 404: Not Found
  [ERROR] https://muenchen.mitvergnuegen.com/api/v1/tips/58029/: HTTP Error 404: Not Found
  [ERROR] https://muenchen.mitvergnuegen.com/api/v1/tips/58030/: HTTP Error 404: Not Found
  [ERROR] https://muenchen.mitvergnuegen.com/api/v1/tips/58033/: HTTP Error 404: Not Found
  [ERROR] https://muenchen.mitvergnuegen.com/api/v1/tips/58035/: HTTP Error 404: Not Found
  [ERROR] https://muenchen.mitvergnuegen.com/api/v1/tips/58048/: HTTP Error 404: Not Found
  [ERROR] https://muenchen.mitvergnuegen.com/api/v1/tips/58053/: HTTP Error 404: Not Found
  [ERROR] https://muenchen.mitvergnuegen.com/api/v1/tips/58064/: HTTP Error 404: Not Found
  [ERROR] https://muenchen.mitvergnuegen.com/api/v1/tips/58088/: HTTP Error 404: Not Found
  [ERROR] https://muenchen.mitvergnuegen.com/api/v1/tips/58321/: HTTP Error 404: Not Found
  [ERROR] https://muenchen.mitvergnuegen.com/api/v1/tips/58330/: HTTP Error 404: Not Found
  [ERROR] https://muenchen.mitvergnuegen.com/api/v1/tips/58336/: HTTP Error 404: Not Found
  [ERROR] https://muenchen.mitvergnuegen.com/api/v1/tips/58349/: HTTP Error 404: Not Found
  [ERROR] https://muenchen.mitvergnuegen.com/api/v1/tips/58353/: HTTP Error 404: Not Found
  [ERROR] https://muenchen.mitvergnuegen.com/api/v1/tips/58356/: HTTP Error 404: Not Found
  [ERROR] https://muenchen.mitvergnuegen.com/api/v1/tips/58371/: HTTP Error 404: Not Found
  [ERROR] https://muenchen.mitvergnuegen.com/api/v1/tips/58374/: HTTP Error 404: Not Found
  [ERROR] https://muenchen.mitvergnuegen.com/api/v1/tips/58397/: HTTP Error 404: Not Found
  [1190/5027] added=8264 updated=42
  [ERROR] https://muenchen.mitvergnuegen.com/api/v1/tips/58410/: HTTP Error 404: Not Found
  [ERROR] https://muenchen.mitvergnuegen.com/api/v1/tips/58448/: HTTP Error 404: Not Found
  [ERROR] https://muenchen.mitvergnuegen.com/api/v1/tips/58463/: HTTP Error 404: Not Found
  [ERROR] https://muenchen.mitvergnuegen.com/api/v1/tips/58566/: HTTP Error 404: Not Found
  [ERROR] https://muenchen.mitvergnuegen.com/api/v1/tips/58600/: HTTP Error 404: Not Found
  [ERROR] https://muenchen.mitvergnuegen.com/api/v1/tips/58623/: HTTP Error 404: Not Found
  [ERROR] https://muenchen.mitvergnuegen.com/api/v1/tips/58626/: HTTP Error 404: Not Found
  [ERROR] https://muenchen.mitvergnuegen.com/api/v1/tips/58628/: HTTP Error 404: Not Found
  [ERROR] https://muenchen.mitvergnuegen.com/api/v1/tips/58631/: HTTP Error 404: Not Found
  [ERROR] https://muenchen.mitvergnuegen.com/api/v1/tips/58633/: HTTP Error 404: Not Found
  [ERROR] https://muenchen.mitvergnuegen.com/api/v1/tips/58636/: HTTP Error 404: Not Found
  [ERROR] https://muenchen.mitvergnuegen.com/api/v1/tips/58640/: HTTP Error 404: Not Found
  [ERROR] https://muenchen.mitvergnuegen.com/api/v1/tips/58642/: HTTP Error 404: Not Found
  [ERROR] https://muenchen.mitvergnuegen.com/api/v1/tips/58645/: HTTP Error 404: Not Found
  [ERROR] https://muenchen.mitvergnuegen.com/api/v1/tips/58649/: HTTP Error 404: Not Found
  [ERROR] https://muenchen.mitvergnuegen.com/api/v1/tips/58653/: HTTP Error 404: Not Found
  [ERROR] https://muenchen.mitvergnuegen.com/api/v1/tips/58871/: HTTP Error 404: Not Found
  [1200/5027] added=8273 updated=43
  [ERROR] https://muenchen.mitvergnuegen.com/api/v1/tips/58971/: HTTP Error 404: Not Found
  [ERROR] https://muenchen.mitvergnuegen.com/api/v1/tips/59402/: HTTP Error 404: Not Found
  [ERROR] https://muenchen.mitvergnuegen.com/api/v1/tips/59597/: HTTP Error 404: Not Found
  [1210/5027] added=8282 updated=44
  [ERROR] https://muenchen.mitvergnuegen.com/api/v1/tips/59728/: HTTP Error 404: Not Found
  [ERROR] https://muenchen.mitvergnuegen.com/api/v1/tips/59732/: HTTP Error 404: Not Found
  [ERROR] https://muenchen.mitvergnuegen.com/api/v1/tips/59816/: HTTP Error 404: Not Found
  [ERROR] https://muenchen.mitvergnuegen.com/api/v1/tips/59817/: HTTP Error 404: Not Found
  [ERROR] https://muenchen.mitvergnuegen.com/api/v1/tips/59819/: HTTP Error 404: Not Found
  [ERROR] https://muenchen.mitvergnuegen.com/api/v1/tips/59822/: HTTP Error 404: Not Found
  [ERROR] https://muenchen.mitvergnuegen.com/api/v1/tips/59831/: HTTP Error 404: Not Found
  [ERROR] https://muenchen.mitvergnuegen.com/api/v1/tips/59835/: HTTP Error 404: Not Found
  [ERROR] https://muenchen.mitvergnuegen.com/api/v1/tips/59862/: HTTP Error 404: Not Found
  [ERROR] https://muenchen.mitvergnuegen.com/api/v1/tips/59866/: HTTP Error 404: Not Found
  [ERROR] https://muenchen.mitvergnuegen.com/api/v1/tips/59874/: HTTP Error 404: Not Found
  [ERROR] https://muenchen.mitvergnuegen.com/api/v1/tips/60038/: HTTP Error 404: Not Found
  [ERROR] https://muenchen.mitvergnuegen.com/api/v1/tips/60214/: HTTP Error 404: Not Found
  [1220/5027] added=8292 updated=44
  [ERROR] https://muenchen.mitvergnuegen.com/api/v1/tips/60394/: HTTP Error 404: Not Found
  [ERROR] https://muenchen.mitvergnuegen.com/api/v1/tips/60408/: HTTP Error 404: Not Found
  [ERROR] https://muenchen.mitvergnuegen.com/api/v1/tips/60498/: HTTP Error 404: Not Found
  [ERROR] https://muenchen.mitvergnuegen.com/api/v1/tips/60504/: HTTP Error 404: Not Found
  [ERROR] https://muenchen.mitvergnuegen.com/api/v1/tips/60511/: HTTP Error 404: Not Found
  [ERROR] https://muenchen.mitvergnuegen.com/api/v1/tips/60530/: HTTP Error 404: Not Found
  [ERROR] https://muenchen.mitvergnuegen.com/api/v1/tips/60535/: HTTP Error 404: Not Found
  [ERROR] https://muenchen.mitvergnuegen.com/api/v1/tips/60540/: HTTP Error 404: Not Found
  [ERROR] https://muenchen.mitvergnuegen.com/api/v1/tips/60542/: HTTP Error 404: Not Found
  [ERROR] https://muenchen.mitvergnuegen.com/api/v1/tips/60543/: HTTP Error 404: Not Found
  [ERROR] https://muenchen.mitvergnuegen.com/api/v1/tips/60549/: HTTP Error 404: Not Found
  [1230/5027] added=8302 updated=44
  [ERROR] https://muenchen.mitvergnuegen.com/api/v1/tips/60730/: HTTP Error 404: Not Found
  [ERROR] https://muenchen.mitvergnuegen.com/api/v1/tips/60733/: HTTP Error 404: Not Found
  [ERROR] https://muenchen.mitvergnuegen.com/api/v1/tips/60745/: HTTP Error 404: Not Found
  [ERROR] https://muenchen.mitvergnuegen.com/api/v1/tips/60786/: HTTP Error 404: Not Found
  [ERROR] https://muenchen.mitvergnuegen.com/api/v1/tips/60789/: HTTP Error 404: Not Found
  [ERROR] https://muenchen.mitvergnuegen.com/api/v1/tips/60795/: HTTP Error 404: Not Found
  [ERROR] https://muenchen.mitvergnuegen.com/api/v1/tips/60810/: HTTP Error 404: Not Found
  [ERROR] https://muenchen.mitvergnuegen.com/api/v1/tips/60838/: HTTP Error 404: Not Found
  [ERROR] https://muenchen.mitvergnuegen.com/api/v1/tips/60844/: HTTP Error 404: Not Found
  [ERROR] https://muenchen.mitvergnuegen.com/api/v1/tips/60846/: HTTP Error 404: Not Found
  [ERROR] https://muenchen.mitvergnuegen.com/api/v1/tips/60854/: HTTP Error 404: Not Found
  [ERROR] https://muenchen.mitvergnuegen.com/api/v1/tips/60904/: HTTP Error 404: Not Found
  [ERROR] https://muenchen.mitvergnuegen.com/api/v1/tips/60944/: HTTP Error 404: Not Found
  [ERROR] https://muenchen.mitvergnuegen.com/api/v1/tips/61034/: HTTP Error 404: Not Found
  [ERROR] https://muenchen.mitvergnuegen.com/api/v1/tips/61061/: HTTP Error 404: Not Found
  [ERROR] https://muenchen.mitvergnuegen.com/api/v1/tips/61091/: HTTP Error 404: Not Found
  [ERROR] https://muenchen.mitvergnuegen.com/api/v1/tips/61105/: HTTP Error 404: Not Found
  [1240/5027] added=8312 updated=44
  [ERROR] https://muenchen.mitvergnuegen.com/api/v1/tips/61111/: HTTP Error 404: Not Found
  [ERROR] https://muenchen.mitvergnuegen.com/api/v1/tips/61121/: HTTP Error 404: Not Found
  [ERROR] https://muenchen.mitvergnuegen.com/api/v1/tips/61134/: HTTP Error 404: Not Found
  [ERROR] https://muenchen.mitvergnuegen.com/api/v1/tips/61183/: HTTP Error 404: Not Found
  [ERROR] https://muenchen.mitvergnuegen.com/api/v1/tips/61252/: HTTP Error 404: Not Found
  [1250/5027] added=8322 updated=44
  [ERROR] https://muenchen.mitvergnuegen.com/api/v1/tips/61595/: HTTP Error 404: Not Found
  [ERROR] https://muenchen.mitvergnuegen.com/api/v1/tips/61601/: HTTP Error 404: Not Found
  [ERROR] https://muenchen.mitvergnuegen.com/api/v1/tips/61785/: HTTP Error 404: Not Found
  [ERROR] https://muenchen.mitvergnuegen.com/api/v1/tips/61789/: HTTP Error 404: Not Found
  [ERROR] https://muenchen.mitvergnuegen.com/api/v1/tips/61791/: HTTP Error 404: Not Found
  [ERROR] https://muenchen.mitvergnuegen.com/api/v1/tips/61860/: HTTP Error 404: Not Found
  [ERROR] https://muenchen.mitvergnuegen.com/api/v1/tips/62095/: HTTP Error 404: Not Found
  [ERROR] https://muenchen.mitvergnuegen.com/api/v1/tips/62134/: HTTP Error 404: Not Found
  [ERROR] https://muenchen.mitvergnuegen.com/api/v1/tips/62210/: HTTP Error 404: Not Found
  [ERROR] https://muenchen.mitvergnuegen.com/api/v1/tips/62382/: HTTP Error 404: Not Found
  [1260/5027] added=8331 updated=45
  [ERROR] https://muenchen.mitvergnuegen.com/api/v1/tips/62650/: HTTP Error 404: Not Found
  [ERROR] https://muenchen.mitvergnuegen.com/api/v1/tips/62652/: HTTP Error 404: Not Found
  [ERROR] https://muenchen.mitvergnuegen.com/api/v1/tips/62654/: HTTP Error 404: Not Found
  [ERROR] https://muenchen.mitvergnuegen.com/api/v1/tips/62660/: HTTP Error 404: Not Found
  [ERROR] https://muenchen.mitvergnuegen.com/api/v1/tips/62671/: HTTP Error 404: Not Found
  [ERROR] https://muenchen.mitvergnuegen.com/api/v1/tips/62698/: HTTP Error 404: Not Found
  [ERROR] https://muenchen.mitvergnuegen.com/api/v1/tips/62727/: HTTP Error 404: Not Found
  [ERROR] https://muenchen.mitvergnuegen.com/api/v1/tips/62729/: HTTP Error 404: Not Found
  [ERROR] https://muenchen.mitvergnuegen.com/api/v1/tips/62748/: HTTP Error 404: Not Found
  [ERROR] https://muenchen.mitvergnuegen.com/api/v1/tips/62764/: HTTP Error 404: Not Found
  [ERROR] https://muenchen.mitvergnuegen.com/api/v1/tips/62783/: HTTP Error 404: Not Found
  [ERROR] https://muenchen.mitvergnuegen.com/api/v1/tips/62796/: HTTP Error 404: Not Found
  [ERROR] https://muenchen.mitvergnuegen.com/api/v1/tips/62809/: HTTP Error 404: Not Found
  [ERROR] https://muenchen.mitvergnuegen.com/api/v1/tips/62817/: HTTP Error 404: Not Found
  [ERROR] https://muenchen.mitvergnuegen.com/api/v1/tips/62894/: HTTP Error 404: Not Found
  [ERROR] https://muenchen.mitvergnuegen.com/api/v1/tips/62897/: HTTP Error 404: Not Found
  [ERROR] https://muenchen.mitvergnuegen.com/api/v1/tips/62899/: HTTP Error 404: Not Found
  [ERROR] https://muenchen.mitvergnuegen.com/api/v1/tips/62901/: HTTP Error 404: Not Found
  [ERROR] https://muenchen.mitvergnuegen.com/api/v1/tips/62904/: HTTP Error 404: Not Found
  [ERROR] https://muenchen.mitvergnuegen.com/api/v1/tips/62906/: HTTP Error 404: Not Found
  [ERROR] https://muenchen.mitvergnuegen.com/api/v1/tips/62908/: HTTP Error 404: Not Found
  [ERROR] https://muenchen.mitvergnuegen.com/api/v1/tips/62911/: HTTP Error 404: Not Found
  [ERROR] https://muenchen.mitvergnuegen.com/api/v1/tips/62914/: HTTP Error 404: Not Found
  [ERROR] https://muenchen.mitvergnuegen.com/api/v1/tips/62918/: HTTP Error 404: Not Found
  [ERROR] https://muenchen.mitvergnuegen.com/api/v1/tips/62947/: HTTP Error 404: Not Found
  [ERROR] https://muenchen.mitvergnuegen.com/api/v1/tips/62991/: HTTP Error 404: Not Found
  [ERROR] https://muenchen.mitvergnuegen.com/api/v1/tips/63070/: HTTP Error 404: Not Found
  [ERROR] https://muenchen.mitvergnuegen.com/api/v1/tips/63129/: HTTP Error 404: Not Found
  [ERROR] https://muenchen.mitvergnuegen.com/api/v1/tips/63171/: HTTP Error 404: Not Found
  [ERROR] https://muenchen.mitvergnuegen.com/api/v1/tips/63227/: HTTP Error 404: Not Found
  [ERROR] https://muenchen.mitvergnuegen.com/api/v1/tips/63235/: HTTP Error 404: Not Found
  [ERROR] https://muenchen.mitvergnuegen.com/api/v1/tips/63298/: HTTP Error 404: Not Found
  [ERROR] https://muenchen.mitvergnuegen.com/api/v1/tips/63341/: HTTP Error 404: Not Found
  [ERROR] https://muenchen.mitvergnuegen.com/api/v1/tips/63354/: HTTP Error 404: Not Found
  [ERROR] https://muenchen.mitvergnuegen.com/api/v1/tips/63386/: HTTP Error 404: Not Found
  [ERROR] https://muenchen.mitvergnuegen.com/api/v1/tips/63636/: HTTP Error 404: Not Found
  [ERROR] https://muenchen.mitvergnuegen.com/api/v1/tips/63639/: HTTP Error 404: Not Found
  [ERROR] https://muenchen.mitvergnuegen.com/api/v1/tips/63718/: HTTP Error 404: Not Found
  [ERROR] https://muenchen.mitvergnuegen.com/api/v1/tips/63798/: HTTP Error 404: Not Found
  [ERROR] https://muenchen.mitvergnuegen.com/api/v1/tips/63812/: HTTP Error 404: Not Found
  [ERROR] https://muenchen.mitvergnuegen.com/api/v1/tips/63899/: HTTP Error 404: Not Found
  [ERROR] https://muenchen.mitvergnuegen.com/api/v1/tips/63918/: HTTP Error 404: Not Found
  [ERROR] https://muenchen.mitvergnuegen.com/api/v1/tips/63923/: HTTP Error 404: Not Found
  [ERROR] https://muenchen.mitvergnuegen.com/api/v1/tips/64004/: HTTP Error 404: Not Found
  [ERROR] https://muenchen.mitvergnuegen.com/api/v1/tips/64006/: HTTP Error 404: Not Found
  [ERROR] https://muenchen.mitvergnuegen.com/api/v1/tips/64031/: HTTP Error 404: Not Found
  [ERROR] https://muenchen.mitvergnuegen.com/api/v1/tips/64038/: HTTP Error 404: Not Found
  [1270/5027] added=8340 updated=46
  [ERROR] https://muenchen.mitvergnuegen.com/api/v1/tips/64065/: HTTP Error 404: Not Found
  [ERROR] https://muenchen.mitvergnuegen.com/api/v1/tips/64134/: HTTP Error 404: Not Found
  [ERROR] https://muenchen.mitvergnuegen.com/api/v1/tips/64137/: HTTP Error 404: Not Found
  [ERROR] https://muenchen.mitvergnuegen.com/api/v1/tips/64141/: HTTP Error 404: Not Found
  [ERROR] https://muenchen.mitvergnuegen.com/api/v1/tips/64144/: HTTP Error 404: Not Found
  [ERROR] https://muenchen.mitvergnuegen.com/api/v1/tips/64151/: HTTP Error 404: Not Found
  [ERROR] https://muenchen.mitvergnuegen.com/api/v1/tips/64219/: HTTP Error 404: Not Found
  [ERROR] https://muenchen.mitvergnuegen.com/api/v1/tips/64226/: HTTP Error 404: Not Found
  [ERROR] https://muenchen.mitvergnuegen.com/api/v1/tips/64299/: HTTP Error 404: Not Found
  [ERROR] https://muenchen.mitvergnuegen.com/api/v1/tips/64302/: HTTP Error 404: Not Found
  [ERROR] https://muenchen.mitvergnuegen.com/api/v1/tips/64305/: HTTP Error 404: Not Found
  [ERROR] https://muenchen.mitvergnuegen.com/api/v1/tips/64313/: HTTP Error 404: Not Found
  [ERROR] https://muenchen.mitvergnuegen.com/api/v1/tips/64333/: HTTP Error 404: Not Found
  [ERROR] https://muenchen.mitvergnuegen.com/api/v1/tips/64337/: HTTP Error 404: Not Found
  [ERROR] https://muenchen.mitvergnuegen.com/api/v1/tips/64339/: HTTP Error 404: Not Found
  [ERROR] https://muenchen.mitvergnuegen.com/api/v1/tips/64341/: HTTP Error 404: Not Found
  [ERROR] https://muenchen.mitvergnuegen.com/api/v1/tips/64344/: HTTP Error 404: Not Found
  [ERROR] https://muenchen.mitvergnuegen.com/api/v1/tips/64359/: HTTP Error 404: Not Found
  [ERROR] https://muenchen.mitvergnuegen.com/api/v1/tips/64362/: HTTP Error 404: Not Found
  [ERROR] https://muenchen.mitvergnuegen.com/api/v1/tips/64364/: HTTP Error 404: Not Found
  [ERROR] https://muenchen.mitvergnuegen.com/api/v1/tips/64523/: HTTP Error 404: Not Found
  [ERROR] https://muenchen.mitvergnuegen.com/api/v1/tips/64550/: HTTP Error 404: Not Found
  [ERROR] https://muenchen.mitvergnuegen.com/api/v1/tips/64653/: HTTP Error 404: Not Found
  [ERROR] https://muenchen.mitvergnuegen.com/api/v1/tips/64656/: HTTP Error 404: Not Found
  [ERROR] https://muenchen.mitvergnuegen.com/api/v1/tips/64670/: HTTP Error 404: Not Found
  [ERROR] https://muenchen.mitvergnuegen.com/api/v1/tips/64697/: HTTP Error 404: Not Found
  [ERROR] https://muenchen.mitvergnuegen.com/api/v1/tips/64707/: HTTP Error 404: Not Found
  [ERROR] https://muenchen.mitvergnuegen.com/api/v1/tips/64710/: HTTP Error 404: Not Found
  [ERROR] https://muenchen.mitvergnuegen.com/api/v1/tips/64734/: HTTP Error 404: Not Found
  [ERROR] https://muenchen.mitvergnuegen.com/api/v1/tips/64737/: HTTP Error 404: Not Found
  [ERROR] https://muenchen.mitvergnuegen.com/api/v1/tips/64739/: HTTP Error 404: Not Found
  [ERROR] https://muenchen.mitvergnuegen.com/api/v1/tips/64741/: HTTP Error 404: Not Found
  [ERROR] https://muenchen.mitvergnuegen.com/api/v1/tips/64745/: HTTP Error 404: Not Found
  [ERROR] https://muenchen.mitvergnuegen.com/api/v1/tips/64748/: HTTP Error 404: Not Found
  [ERROR] https://muenchen.mitvergnuegen.com/api/v1/tips/64751/: HTTP Error 404: Not Found
  [ERROR] https://muenchen.mitvergnuegen.com/api/v1/tips/64754/: HTTP Error 404: Not Found
  [ERROR] https://muenchen.mitvergnuegen.com/api/v1/tips/64756/: HTTP Error 404: Not Found
  [ERROR] https://muenchen.mitvergnuegen.com/api/v1/tips/64826/: HTTP Error 404: Not Found
  [ERROR] https://muenchen.mitvergnuegen.com/api/v1/tips/64885/: HTTP Error 404: Not Found
  [ERROR] https://muenchen.mitvergnuegen.com/api/v1/tips/64886/: HTTP Error 404: Not Found
  [ERROR] https://muenchen.mitvergnuegen.com/api/v1/tips/65262/: HTTP Error 404: Not Found
  [1280/5027] added=8350 updated=46
  [ERROR] https://muenchen.mitvergnuegen.com/api/v1/tips/65394/: HTTP Error 404: Not Found
  [ERROR] https://muenchen.mitvergnuegen.com/api/v1/tips/65404/: HTTP Error 404: Not Found
  [ERROR] https://muenchen.mitvergnuegen.com/api/v1/tips/65406/: HTTP Error 404: Not Found
  [ERROR] https://muenchen.mitvergnuegen.com/api/v1/tips/65407/: HTTP Error 404: Not Found
  [ERROR] https://muenchen.mitvergnuegen.com/api/v1/tips/65455/: HTTP Error 404: Not Found
  [ERROR] https://muenchen.mitvergnuegen.com/api/v1/tips/65498/: HTTP Error 404: Not Found
  [ERROR] https://muenchen.mitvergnuegen.com/api/v1/tips/65500/: HTTP Error 404: Not Found
  [ERROR] https://muenchen.mitvergnuegen.com/api/v1/tips/65508/: HTTP Error 404: Not Found
  [ERROR] https://muenchen.mitvergnuegen.com/api/v1/tips/65516/: HTTP Error 404: Not Found
  [ERROR] https://muenchen.mitvergnuegen.com/api/v1/tips/65521/: HTTP Error 404: Not Found
  [ERROR] https://muenchen.mitvergnuegen.com/api/v1/tips/65549/: HTTP Error 404: Not Found
  [ERROR] https://muenchen.mitvergnuegen.com/api/v1/tips/65551/: HTTP Error 404: Not Found
  [ERROR] https://muenchen.mitvergnuegen.com/api/v1/tips/65556/: HTTP Error 404: Not Found
  [ERROR] https://muenchen.mitvergnuegen.com/api/v1/tips/65611/: HTTP Error 404: Not Found
  [ERROR] https://muenchen.mitvergnuegen.com/api/v1/tips/65711/: HTTP Error 404: Not Found
  [ERROR] https://muenchen.mitvergnuegen.com/api/v1/tips/65722/: HTTP Error 404: Not Found
  [ERROR] https://muenchen.mitvergnuegen.com/api/v1/tips/65983/: HTTP Error 404: Not Found
  [ERROR] https://muenchen.mitvergnuegen.com/api/v1/tips/66196/: HTTP Error 404: Not Found
  [ERROR] https://muenchen.mitvergnuegen.com/api/v1/tips/66207/: HTTP Error 404: Not Found
  [ERROR] https://muenchen.mitvergnuegen.com/api/v1/tips/66325/: HTTP Error 404: Not Found
  [ERROR] https://muenchen.mitvergnuegen.com/api/v1/tips/66371/: HTTP Error 404: Not Found
  [ERROR] https://muenchen.mitvergnuegen.com/api/v1/tips/66377/: HTTP Error 404: Not Found
  [ERROR] https://muenchen.mitvergnuegen.com/api/v1/tips/66403/: HTTP Error 404: Not Found
  [ERROR] https://muenchen.mitvergnuegen.com/api/v1/tips/66406/: HTTP Error 404: Not Found
  [1290/5027] added=8358 updated=48
  [ERROR] https://muenchen.mitvergnuegen.com/api/v1/tips/66551/: HTTP Error 404: Not Found
  [ERROR] https://muenchen.mitvergnuegen.com/api/v1/tips/66556/: HTTP Error 404: Not Found
  [ERROR] https://muenchen.mitvergnuegen.com/api/v1/tips/66566/: HTTP Error 404: Not Found
  [ERROR] https://muenchen.mitvergnuegen.com/api/v1/tips/66594/: HTTP Error 404: Not Found
  [ERROR] https://muenchen.mitvergnuegen.com/api/v1/tips/66613/: HTTP Error 404: Not Found
  [ERROR] https://muenchen.mitvergnuegen.com/api/v1/tips/66643/: HTTP Error 404: Not Found
  [ERROR] https://muenchen.mitvergnuegen.com/api/v1/tips/66658/: HTTP Error 404: Not Found
  [ERROR] https://muenchen.mitvergnuegen.com/api/v1/tips/66659/: HTTP Error 404: Not Found
  [ERROR] https://muenchen.mitvergnuegen.com/api/v1/tips/66661/: HTTP Error 404: Not Found
  [ERROR] https://muenchen.mitvergnuegen.com/api/v1/tips/66991/: HTTP Error 404: Not Found
  [ERROR] https://muenchen.mitvergnuegen.com/api/v1/tips/66998/: HTTP Error 404: Not Found
  [ERROR] https://muenchen.mitvergnuegen.com/api/v1/tips/67043/: HTTP Error 404: Not Found
  [ERROR] https://muenchen.mitvergnuegen.com/api/v1/tips/67062/: HTTP Error 404: Not Found
  [ERROR] https://muenchen.mitvergnuegen.com/api/v1/tips/67077/: HTTP Error 404: Not Found
  [ERROR] https://muenchen.mitvergnuegen.com/api/v1/tips/67078/: HTTP Error 404: Not Found
  [ERROR] https://muenchen.mitvergnuegen.com/api/v1/tips/67188/: HTTP Error 404: Not Found
  [1300/5027] added=8368 updated=48
  [ERROR] https://muenchen.mitvergnuegen.com/api/v1/tips/67227/: HTTP Error 404: Not Found
  [ERROR] https://muenchen.mitvergnuegen.com/api/v1/tips/67230/: HTTP Error 404: Not Found
  [ERROR] https://muenchen.mitvergnuegen.com/api/v1/tips/67304/: HTTP Error 404: Not Found
  [1310/5027] added=8378 updated=48
  [ERROR] https://muenchen.mitvergnuegen.com/api/v1/tips/67448/: HTTP Error 404: Not Found
  [ERROR] https://muenchen.mitvergnuegen.com/api/v1/tips/67685/: HTTP Error 404: Not Found
  [ERROR] https://muenchen.mitvergnuegen.com/api/v1/tips/68034/: HTTP Error 404: Not Found
  [1320/5027] added=8387 updated=49
  [ERROR] https://muenchen.mitvergnuegen.com/api/v1/tips/68392/: HTTP Error 404: Not Found
  [ERROR] https://muenchen.mitvergnuegen.com/api/v1/tips/68466/: HTTP Error 404: Not Found
  [ERROR] https://muenchen.mitvergnuegen.com/api/v1/tips/68513/: HTTP Error 404: Not Found
  [ERROR] https://muenchen.mitvergnuegen.com/api/v1/tips/68562/: HTTP Error 404: Not Found
  [1330/5027] added=8396 updated=50
  [ERROR] https://muenchen.mitvergnuegen.com/api/v1/tips/68587/: HTTP Error 404: Not Found
  [ERROR] https://muenchen.mitvergnuegen.com/api/v1/tips/68643/: HTTP Error 404: Not Found
  [1340/5027] added=8405 updated=51
  [ERROR] https://muenchen.mitvergnuegen.com/api/v1/tips/68720/: HTTP Error 404: Not Found
  [ERROR] https://muenchen.mitvergnuegen.com/api/v1/tips/68809/: HTTP Error 404: Not Found
  [ERROR] https://muenchen.mitvergnuegen.com/api/v1/tips/68896/: HTTP Error 404: Not Found
  [ERROR] https://muenchen.mitvergnuegen.com/api/v1/tips/68902/: HTTP Error 404: Not Found
  [ERROR] https://muenchen.mitvergnuegen.com/api/v1/tips/68906/: HTTP Error 404: Not Found
  [ERROR] https://muenchen.mitvergnuegen.com/api/v1/tips/68907/: HTTP Error 404: Not Found
  [ERROR] https://muenchen.mitvergnuegen.com/api/v1/tips/68908/: HTTP Error 404: Not Found
  [ERROR] https://muenchen.mitvergnuegen.com/api/v1/tips/68924/: HTTP Error 404: Not Found
  [ERROR] https://muenchen.mitvergnuegen.com/api/v1/tips/68927/: HTTP Error 404: Not Found
  [ERROR] https://muenchen.mitvergnuegen.com/api/v1/tips/68945/: HTTP Error 404: Not Found
  [ERROR] https://muenchen.mitvergnuegen.com/api/v1/tips/69176/: HTTP Error 404: Not Found
  [1350/5027] added=8415 updated=51
  [ERROR] https://muenchen.mitvergnuegen.com/api/v1/tips/69385/: HTTP Error 404: Not Found
  [ERROR] https://muenchen.mitvergnuegen.com/api/v1/tips/69400/: HTTP Error 404: Not Found
  [ERROR] https://muenchen.mitvergnuegen.com/api/v1/tips/69401/: HTTP Error 404: Not Found
  [ERROR] https://muenchen.mitvergnuegen.com/api/v1/tips/69417/: HTTP Error 404: Not Found
  [ERROR] https://muenchen.mitvergnuegen.com/api/v1/tips/69441/: HTTP Error 404: Not Found
  [ERROR] https://muenchen.mitvergnuegen.com/api/v1/tips/69446/: HTTP Error 404: Not Found
  [ERROR] https://muenchen.mitvergnuegen.com/api/v1/tips/69450/: HTTP Error 404: Not Found
  [ERROR] https://muenchen.mitvergnuegen.com/api/v1/tips/69453/: HTTP Error 404: Not Found
  [ERROR] https://muenchen.mitvergnuegen.com/api/v1/tips/69455/: HTTP Error 404: Not Found
  [ERROR] https://muenchen.mitvergnuegen.com/api/v1/tips/69721/: HTTP Error 404: Not Found
  [ERROR] https://muenchen.mitvergnuegen.com/api/v1/tips/69903/: HTTP Error 404: Not Found
  [ERROR] https://muenchen.mitvergnuegen.com/api/v1/tips/69915/: HTTP Error 404: Not Found
  [ERROR] https://muenchen.mitvergnuegen.com/api/v1/tips/69920/: HTTP Error 404: Not Found
  [ERROR] https://muenchen.mitvergnuegen.com/api/v1/tips/69988/: HTTP Error 404: Not Found
  [ERROR] https://muenchen.mitvergnuegen.com/api/v1/tips/70007/: HTTP Error 404: Not Found
  [ERROR] https://muenchen.mitvergnuegen.com/api/v1/tips/70027/: HTTP Error 404: Not Found
  [ERROR] https://muenchen.mitvergnuegen.com/api/v1/tips/70084/: HTTP Error 404: Not Found
  [ERROR] https://muenchen.mitvergnuegen.com/api/v1/tips/70088/: HTTP Error 404: Not Found
  [ERROR] https://muenchen.mitvergnuegen.com/api/v1/tips/70090/: HTTP Error 404: Not Found
  [ERROR] https://muenchen.mitvergnuegen.com/api/v1/tips/70092/: HTTP Error 404: Not Found
  [ERROR] https://muenchen.mitvergnuegen.com/api/v1/tips/70095/: HTTP Error 404: Not Found
  [ERROR] https://muenchen.mitvergnuegen.com/api/v1/tips/70099/: HTTP Error 404: Not Found
  [ERROR] https://muenchen.mitvergnuegen.com/api/v1/tips/70116/: HTTP Error 404: Not Found
  [ERROR] https://muenchen.mitvergnuegen.com/api/v1/tips/70123/: HTTP Error 404: Not Found
  [ERROR] https://muenchen.mitvergnuegen.com/api/v1/tips/70128/: HTTP Error 404: Not Found
  [ERROR] https://muenchen.mitvergnuegen.com/api/v1/tips/70143/: HTTP Error 404: Not Found
  [ERROR] https://muenchen.mitvergnuegen.com/api/v1/tips/70162/: HTTP Error 404: Not Found
  [1360/5027] added=8425 updated=51
  [ERROR] https://muenchen.mitvergnuegen.com/api/v1/tips/70248/: HTTP Error 404: Not Found
  [ERROR] https://muenchen.mitvergnuegen.com/api/v1/tips/70251/: HTTP Error 404: Not Found
  [ERROR] https://muenchen.mitvergnuegen.com/api/v1/tips/70253/: HTTP Error 404: Not Found
  [ERROR] https://muenchen.mitvergnuegen.com/api/v1/tips/70267/: HTTP Error 404: Not Found
  [ERROR] https://muenchen.mitvergnuegen.com/api/v1/tips/70270/: HTTP Error 404: Not Found
  [ERROR] https://muenchen.mitvergnuegen.com/api/v1/tips/70277/: HTTP Error 404: Not Found
  [ERROR] https://muenchen.mitvergnuegen.com/api/v1/tips/70279/: HTTP Error 404: Not Found
  [ERROR] https://muenchen.mitvergnuegen.com/api/v1/tips/70288/: HTTP Error 404: Not Found
  [ERROR] https://muenchen.mitvergnuegen.com/api/v1/tips/70300/: HTTP Error 404: Not Found
  [ERROR] https://muenchen.mitvergnuegen.com/api/v1/tips/70302/: HTTP Error 404: Not Found
  [ERROR] https://muenchen.mitvergnuegen.com/api/v1/tips/70310/: HTTP Error 404: Not Found
  [ERROR] https://muenchen.mitvergnuegen.com/api/v1/tips/70317/: HTTP Error 404: Not Found
  [ERROR] https://muenchen.mitvergnuegen.com/api/v1/tips/70339/: HTTP Error 404: Not Found
  [ERROR] https://muenchen.mitvergnuegen.com/api/v1/tips/70361/: HTTP Error 404: Not Found
  [ERROR] https://muenchen.mitvergnuegen.com/api/v1/tips/70362/: HTTP Error 404: Not Found
  [ERROR] https://muenchen.mitvergnuegen.com/api/v1/tips/70366/: HTTP Error 404: Not Found
  [ERROR] https://muenchen.mitvergnuegen.com/api/v1/tips/70391/: HTTP Error 404: Not Found
  [ERROR] https://muenchen.mitvergnuegen.com/api/v1/tips/70437/: HTTP Error 404: Not Found
  [ERROR] https://muenchen.mitvergnuegen.com/api/v1/tips/70483/: HTTP Error 404: Not Found
  [ERROR] https://muenchen.mitvergnuegen.com/api/v1/tips/70524/: HTTP Error 404: Not Found
  [ERROR] https://muenchen.mitvergnuegen.com/api/v1/tips/70532/: HTTP Error 404: Not Found
  [ERROR] https://muenchen.mitvergnuegen.com/api/v1/tips/70542/: HTTP Error 404: Not Found
  [ERROR] https://muenchen.mitvergnuegen.com/api/v1/tips/70580/: HTTP Error 404: Not Found
  [ERROR] https://muenchen.mitvergnuegen.com/api/v1/tips/70604/: HTTP Error 404: Not Found
  [ERROR] https://muenchen.mitvergnuegen.com/api/v1/tips/70737/: HTTP Error 404: Not Found
  [ERROR] https://muenchen.mitvergnuegen.com/api/v1/tips/70746/: HTTP Error 404: Not Found
  [ERROR] https://muenchen.mitvergnuegen.com/api/v1/tips/71140/: HTTP Error 404: Not Found
  [ERROR] https://muenchen.mitvergnuegen.com/api/v1/tips/71147/: HTTP Error 404: Not Found
  [ERROR] https://muenchen.mitvergnuegen.com/api/v1/tips/71170/: HTTP Error 404: Not Found
  [ERROR] https://muenchen.mitvergnuegen.com/api/v1/tips/71188/: HTTP Error 404: Not Found
  [ERROR] https://muenchen.mitvergnuegen.com/api/v1/tips/71300/: HTTP Error 404: Not Found
  [ERROR] https://muenchen.mitvergnuegen.com/api/v1/tips/71445/: HTTP Error 404: Not Found
  [ERROR] https://muenchen.mitvergnuegen.com/api/v1/tips/71449/: HTTP Error 404: Not Found
  [ERROR] https://muenchen.mitvergnuegen.com/api/v1/tips/71549/: HTTP Error 404: Not Found
  [ERROR] https://muenchen.mitvergnuegen.com/api/v1/tips/71550/: HTTP Error 404: Not Found
  [ERROR] https://muenchen.mitvergnuegen.com/api/v1/tips/71552/: HTTP Error 404: Not Found
  [ERROR] https://muenchen.mitvergnuegen.com/api/v1/tips/71556/: HTTP Error 404: Not Found
  [ERROR] https://muenchen.mitvergnuegen.com/api/v1/tips/71560/: HTTP Error 404: Not Found
  [ERROR] https://muenchen.mitvergnuegen.com/api/v1/tips/71565/: HTTP Error 404: Not Found
  [ERROR] https://muenchen.mitvergnuegen.com/api/v1/tips/71780/: HTTP Error 404: Not Found
  [ERROR] https://muenchen.mitvergnuegen.com/api/v1/tips/71874/: HTTP Error 404: Not Found
  [ERROR] https://muenchen.mitvergnuegen.com/api/v1/tips/71881/: HTTP Error 404: Not Found
  [ERROR] https://muenchen.mitvergnuegen.com/api/v1/tips/71886/: HTTP Error 404: Not Found
  [ERROR] https://muenchen.mitvergnuegen.com/api/v1/tips/71897/: HTTP Error 404: Not Found
  [ERROR] https://muenchen.mitvergnuegen.com/api/v1/tips/71906/: HTTP Error 404: Not Found
  [ERROR] https://muenchen.mitvergnuegen.com/api/v1/tips/72113/: HTTP Error 404: Not Found
  [ERROR] https://muenchen.mitvergnuegen.com/api/v1/tips/72137/: HTTP Error 404: Not Found
  [ERROR] https://muenchen.mitvergnuegen.com/api/v1/tips/72168/: HTTP Error 404: Not Found
  [ERROR] https://muenchen.mitvergnuegen.com/api/v1/tips/72256/: HTTP Error 404: Not Found
  [ERROR] https://muenchen.mitvergnuegen.com/api/v1/tips/72374/: HTTP Error 404: Not Found
  [ERROR] https://muenchen.mitvergnuegen.com/api/v1/tips/72397/: HTTP Error 404: Not Found
  [ERROR] https://muenchen.mitvergnuegen.com/api/v1/tips/72401/: HTTP Error 404: Not Found
  [ERROR] https://muenchen.mitvergnuegen.com/api/v1/tips/72403/: HTTP Error 404: Not Found
  [ERROR] https://muenchen.mitvergnuegen.com/api/v1/tips/72447/: HTTP Error 404: Not Found
  [ERROR] https://muenchen.mitvergnuegen.com/api/v1/tips/72456/: HTTP Error 404: Not Found
  [ERROR] https://muenchen.mitvergnuegen.com/api/v1/tips/72462/: HTTP Error 404: Not Found
  [ERROR] https://muenchen.mitvergnuegen.com/api/v1/tips/72464/: HTTP Error 404: Not Found
  [ERROR] https://muenchen.mitvergnuegen.com/api/v1/tips/72573/: HTTP Error 404: Not Found
  [ERROR] https://muenchen.mitvergnuegen.com/api/v1/tips/72575/: HTTP Error 404: Not Found
  [ERROR] https://muenchen.mitvergnuegen.com/api/v1/tips/72579/: HTTP Error 404: Not Found
  [1370/5027] added=8435 updated=51
  [ERROR] https://muenchen.mitvergnuegen.com/api/v1/tips/72717/: HTTP Error 404: Not Found
  [ERROR] https://muenchen.mitvergnuegen.com/api/v1/tips/72921/: HTTP Error 404: Not Found
  [ERROR] https://muenchen.mitvergnuegen.com/api/v1/tips/72947/: HTTP Error 404: Not Found
  [ERROR] https://muenchen.mitvergnuegen.com/api/v1/tips/72990/: HTTP Error 404: Not Found
  [ERROR] https://muenchen.mitvergnuegen.com/api/v1/tips/73054/: HTTP Error 404: Not Found
  [ERROR] https://muenchen.mitvergnuegen.com/api/v1/tips/73084/: HTTP Error 404: Not Found
  [ERROR] https://muenchen.mitvergnuegen.com/api/v1/tips/73304/: HTTP Error 404: Not Found
  [ERROR] https://muenchen.mitvergnuegen.com/api/v1/tips/73363/: HTTP Error 404: Not Found
  [ERROR] https://muenchen.mitvergnuegen.com/api/v1/tips/73365/: HTTP Error 404: Not Found
  [ERROR] https://muenchen.mitvergnuegen.com/api/v1/tips/73374/: HTTP Error 404: Not Found
  [ERROR] https://muenchen.mitvergnuegen.com/api/v1/tips/73380/: HTTP Error 404: Not Found
  [ERROR] https://muenchen.mitvergnuegen.com/api/v1/tips/73382/: HTTP Error 404: Not Found
  [ERROR] https://muenchen.mitvergnuegen.com/api/v1/tips/73385/: HTTP Error 404: Not Found
  [1380/5027] added=8445 updated=51
  [ERROR] https://muenchen.mitvergnuegen.com/api/v1/tips/73482/: HTTP Error 404: Not Found
  [ERROR] https://muenchen.mitvergnuegen.com/api/v1/tips/73485/: HTTP Error 404: Not Found
  [ERROR] https://muenchen.mitvergnuegen.com/api/v1/tips/73490/: HTTP Error 404: Not Found
  [ERROR] https://muenchen.mitvergnuegen.com/api/v1/tips/73499/: HTTP Error 404: Not Found
  [ERROR] https://muenchen.mitvergnuegen.com/api/v1/tips/73520/: HTTP Error 404: Not Found
  [ERROR] https://muenchen.mitvergnuegen.com/api/v1/tips/73593/: HTTP Error 404: Not Found
  [ERROR] https://muenchen.mitvergnuegen.com/api/v1/tips/73606/: HTTP Error 404: Not Found
  [ERROR] https://muenchen.mitvergnuegen.com/api/v1/tips/73672/: HTTP Error 404: Not Found
  [ERROR] https://muenchen.mitvergnuegen.com/api/v1/tips/73773/: HTTP Error 404: Not Found
  [ERROR] https://muenchen.mitvergnuegen.com/api/v1/tips/73862/: HTTP Error 404: Not Found
  [ERROR] https://muenchen.mitvergnuegen.com/api/v1/tips/73899/: HTTP Error 404: Not Found
  [ERROR] https://muenchen.mitvergnuegen.com/api/v1/tips/73950/: HTTP Error 404: Not Found
  [ERROR] https://muenchen.mitvergnuegen.com/api/v1/tips/74185/: HTTP Error 404: Not Found
  [1390/5027] added=8455 updated=51
  [ERROR] https://muenchen.mitvergnuegen.com/api/v1/tips/74320/: HTTP Error 404: Not Found
  [ERROR] https://muenchen.mitvergnuegen.com/api/v1/tips/74387/: HTTP Error 404: Not Found
  [ERROR] https://muenchen.mitvergnuegen.com/api/v1/tips/74393/: HTTP Error 404: Not Found
  [ERROR] https://muenchen.mitvergnuegen.com/api/v1/tips/74395/: HTTP Error 404: Not Found
  [ERROR] https://muenchen.mitvergnuegen.com/api/v1/tips/74397/: HTTP Error 404: Not Found
  [ERROR] https://muenchen.mitvergnuegen.com/api/v1/tips/74400/: HTTP Error 404: Not Found
  [ERROR] https://muenchen.mitvergnuegen.com/api/v1/tips/74403/: HTTP Error 404: Not Found
  [ERROR] https://muenchen.mitvergnuegen.com/api/v1/tips/74409/: HTTP Error 404: Not Found
  [ERROR] https://muenchen.mitvergnuegen.com/api/v1/tips/74414/: HTTP Error 404: Not Found
  [ERROR] https://muenchen.mitvergnuegen.com/api/v1/tips/74425/: HTTP Error 404: Not Found
  [ERROR] https://muenchen.mitvergnuegen.com/api/v1/tips/74430/: HTTP Error 404: Not Found
  [ERROR] https://muenchen.mitvergnuegen.com/api/v1/tips/74441/: HTTP Error 404: Not Found
  [ERROR] https://muenchen.mitvergnuegen.com/api/v1/tips/74487/: HTTP Error 404: Not Found
  [ERROR] https://muenchen.mitvergnuegen.com/api/v1/tips/74508/: HTTP Error 404: Not Found
  [ERROR] https://muenchen.mitvergnuegen.com/api/v1/tips/74512/: HTTP Error 404: Not Found
  [ERROR] https://muenchen.mitvergnuegen.com/api/v1/tips/74517/: HTTP Error 404: Not Found
  [ERROR] https://muenchen.mitvergnuegen.com/api/v1/tips/74521/: HTTP Error 404: Not Found
  [ERROR] https://muenchen.mitvergnuegen.com/api/v1/tips/74529/: HTTP Error 404: Not Found
  [ERROR] https://muenchen.mitvergnuegen.com/api/v1/tips/74533/: HTTP Error 404: Not Found
  [ERROR] https://muenchen.mitvergnuegen.com/api/v1/tips/74538/: HTTP Error 404: Not Found
  [ERROR] https://muenchen.mitvergnuegen.com/api/v1/tips/74541/: HTTP Error 404: Not Found
  [ERROR] https://muenchen.mitvergnuegen.com/api/v1/tips/74600/: HTTP Error 404: Not Found
  [ERROR] https://muenchen.mitvergnuegen.com/api/v1/tips/74605/: HTTP Error 404: Not Found
  [ERROR] https://muenchen.mitvergnuegen.com/api/v1/tips/74800/: HTTP Error 404: Not Found
  [ERROR] https://muenchen.mitvergnuegen.com/api/v1/tips/74833/: HTTP Error 404: Not Found
  [ERROR] https://muenchen.mitvergnuegen.com/api/v1/tips/74852/: HTTP Error 404: Not Found
  [ERROR] https://muenchen.mitvergnuegen.com/api/v1/tips/74920/: HTTP Error 404: Not Found
  [ERROR] https://muenchen.mitvergnuegen.com/api/v1/tips/75035/: HTTP Error 404: Not Found
  [ERROR] https://muenchen.mitvergnuegen.com/api/v1/tips/75058/: HTTP Error 404: Not Found
  [ERROR] https://muenchen.mitvergnuegen.com/api/v1/tips/75062/: HTTP Error 404: Not Found
  [ERROR] https://muenchen.mitvergnuegen.com/api/v1/tips/75065/: HTTP Error 404: Not Found
  [1400/5027] added=8464 updated=52
  [ERROR] https://muenchen.mitvergnuegen.com/api/v1/tips/75072/: HTTP Error 404: Not Found
  [ERROR] https://muenchen.mitvergnuegen.com/api/v1/tips/75076/: HTTP Error 404: Not Found
  [ERROR] https://muenchen.mitvergnuegen.com/api/v1/tips/75320/: HTTP Error 404: Not Found
  [ERROR] https://muenchen.mitvergnuegen.com/api/v1/tips/75420/: HTTP Error 404: Not Found
  [ERROR] https://muenchen.mitvergnuegen.com/api/v1/tips/75468/: HTTP Error 404: Not Found
  [ERROR] https://muenchen.mitvergnuegen.com/api/v1/tips/75484/: HTTP Error 404: Not Found
  [ERROR] https://muenchen.mitvergnuegen.com/api/v1/tips/75541/: HTTP Error 404: Not Found
  [ERROR] https://muenchen.mitvergnuegen.com/api/v1/tips/75613/: HTTP Error 404: Not Found
  [1410/5027] added=8474 updated=52
  [ERROR] https://muenchen.mitvergnuegen.com/api/v1/tips/75740/: HTTP Error 404: Not Found
  [ERROR] https://muenchen.mitvergnuegen.com/api/v1/tips/75909/: HTTP Error 404: Not Found
  [ERROR] https://muenchen.mitvergnuegen.com/api/v1/tips/76021/: HTTP Error 404: Not Found
  [ERROR] https://muenchen.mitvergnuegen.com/api/v1/tips/76400/: HTTP Error 404: Not Found
  [ERROR] https://muenchen.mitvergnuegen.com/api/v1/tips/76497/: HTTP Error 404: Not Found
  [ERROR] https://muenchen.mitvergnuegen.com/api/v1/tips/76501/: HTTP Error 404: Not Found
  [ERROR] https://muenchen.mitvergnuegen.com/api/v1/tips/76506/: HTTP Error 404: Not Found
  [1420/5027] added=8484 updated=52
  [ERROR] https://muenchen.mitvergnuegen.com/api/v1/tips/76566/: HTTP Error 404: Not Found
  [ERROR] https://muenchen.mitvergnuegen.com/api/v1/tips/76713/: HTTP Error 404: Not Found
  [ERROR] https://muenchen.mitvergnuegen.com/api/v1/tips/76765/: HTTP Error 404: Not Found
  [ERROR] https://muenchen.mitvergnuegen.com/api/v1/tips/77155/: HTTP Error 404: Not Found
  [ERROR] https://muenchen.mitvergnuegen.com/api/v1/tips/77175/: HTTP Error 404: Not Found
  [1430/5027] added=8494 updated=52
  [ERROR] https://muenchen.mitvergnuegen.com/api/v1/tips/77620/: HTTP Error 404: Not Found
  [ERROR] https://muenchen.mitvergnuegen.com/api/v1/tips/77623/: HTTP Error 404: Not Found
  [ERROR] https://muenchen.mitvergnuegen.com/api/v1/tips/77852/: HTTP Error 404: Not Found
  [ERROR] https://muenchen.mitvergnuegen.com/api/v1/tips/77853/: HTTP Error 404: Not Found
  [1440/5027] added=8504 updated=52
  [ERROR] https://muenchen.mitvergnuegen.com/api/v1/tips/77857/: HTTP Error 404: Not Found
  [ERROR] https://muenchen.mitvergnuegen.com/api/v1/tips/77884/: HTTP Error 404: Not Found
  [ERROR] https://muenchen.mitvergnuegen.com/api/v1/tips/77912/: HTTP Error 404: Not Found
  [ERROR] https://muenchen.mitvergnuegen.com/api/v1/tips/77963/: HTTP Error 404: Not Found
  [ERROR] https://muenchen.mitvergnuegen.com/api/v1/tips/78364/: HTTP Error 404: Not Found
  [ERROR] https://muenchen.mitvergnuegen.com/api/v1/tips/78471/: HTTP Error 404: Not Found
  [ERROR] https://muenchen.mitvergnuegen.com/api/v1/tips/78491/: HTTP Error 404: Not Found
  [ERROR] https://muenchen.mitvergnuegen.com/api/v1/tips/78507/: HTTP Error 404: Not Found
  [ERROR] https://muenchen.mitvergnuegen.com/api/v1/tips/78509/: HTTP Error 404: Not Found
  [ERROR] https://muenchen.mitvergnuegen.com/api/v1/tips/78516/: HTTP Error 404: Not Found
  [ERROR] https://muenchen.mitvergnuegen.com/api/v1/tips/78518/: HTTP Error 404: Not Found
  [ERROR] https://muenchen.mitvergnuegen.com/api/v1/tips/78526/: HTTP Error 404: Not Found
  [ERROR] https://muenchen.mitvergnuegen.com/api/v1/tips/78729/: HTTP Error 404: Not Found
  [ERROR] https://muenchen.mitvergnuegen.com/api/v1/tips/78745/: HTTP Error 404: Not Found
  [ERROR] https://muenchen.mitvergnuegen.com/api/v1/tips/78747/: HTTP Error 404: Not Found
  [ERROR] https://muenchen.mitvergnuegen.com/api/v1/tips/78755/: HTTP Error 404: Not Found
  [ERROR] https://muenchen.mitvergnuegen.com/api/v1/tips/78762/: HTTP Error 404: Not Found
  [ERROR] https://muenchen.mitvergnuegen.com/api/v1/tips/78764/: HTTP Error 404: Not Found
  [ERROR] https://muenchen.mitvergnuegen.com/api/v1/tips/78778/: HTTP Error 404: Not Found
  [ERROR] https://muenchen.mitvergnuegen.com/api/v1/tips/78796/: HTTP Error 404: Not Found
  [ERROR] https://muenchen.mitvergnuegen.com/api/v1/tips/78810/: HTTP Error 404: Not Found
  [ERROR] https://muenchen.mitvergnuegen.com/api/v1/tips/78823/: HTTP Error 404: Not Found
  [1450/5027] added=8514 updated=52
  [ERROR] https://muenchen.mitvergnuegen.com/api/v1/tips/78855/: HTTP Error 404: Not Found
  [ERROR] https://muenchen.mitvergnuegen.com/api/v1/tips/78958/: HTTP Error 404: Not Found
  [ERROR] https://muenchen.mitvergnuegen.com/api/v1/tips/78960/: HTTP Error 404: Not Found
  [ERROR] https://muenchen.mitvergnuegen.com/api/v1/tips/78964/: HTTP Error 404: Not Found
  [ERROR] https://muenchen.mitvergnuegen.com/api/v1/tips/78978/: HTTP Error 404: Not Found
  [ERROR] https://muenchen.mitvergnuegen.com/api/v1/tips/78999/: HTTP Error 404: Not Found
  [ERROR] https://muenchen.mitvergnuegen.com/api/v1/tips/79005/: HTTP Error 404: Not Found
  [ERROR] https://muenchen.mitvergnuegen.com/api/v1/tips/79010/: HTTP Error 404: Not Found
  [ERROR] https://muenchen.mitvergnuegen.com/api/v1/tips/79015/: HTTP Error 404: Not Found
  [ERROR] https://muenchen.mitvergnuegen.com/api/v1/tips/79019/: HTTP Error 404: Not Found
  [ERROR] https://muenchen.mitvergnuegen.com/api/v1/tips/79036/: HTTP Error 404: Not Found
  [1460/5027] added=8524 updated=52
  [ERROR] https://muenchen.mitvergnuegen.com/api/v1/tips/79153/: HTTP Error 404: Not Found
  [ERROR] https://muenchen.mitvergnuegen.com/api/v1/tips/79269/: HTTP Error 404: Not Found
  [ERROR] https://muenchen.mitvergnuegen.com/api/v1/tips/79434/: HTTP Error 404: Not Found
  [1470/5027] added=8534 updated=52
  [ERROR] https://muenchen.mitvergnuegen.com/api/v1/tips/79723/: HTTP Error 404: Not Found
  [ERROR] https://muenchen.mitvergnuegen.com/api/v1/tips/79767/: HTTP Error 404: Not Found
  [ERROR] https://muenchen.mitvergnuegen.com/api/v1/tips/79770/: HTTP Error 404: Not Found
  [ERROR] https://muenchen.mitvergnuegen.com/api/v1/tips/79840/: HTTP Error 404: Not Found
  [ERROR] https://muenchen.mitvergnuegen.com/api/v1/tips/79848/: HTTP Error 404: Not Found
  [ERROR] https://muenchen.mitvergnuegen.com/api/v1/tips/80235/: HTTP Error 404: Not Found
  [ERROR] https://muenchen.mitvergnuegen.com/api/v1/tips/80259/: HTTP Error 404: Not Found
  [ERROR] https://muenchen.mitvergnuegen.com/api/v1/tips/80263/: HTTP Error 404: Not Found
  [ERROR] https://muenchen.mitvergnuegen.com/api/v1/tips/80267/: HTTP Error 404: Not Found
  [ERROR] https://muenchen.mitvergnuegen.com/api/v1/tips/80273/: HTTP Error 404: Not Found
  [ERROR] https://muenchen.mitvergnuegen.com/api/v1/tips/80281/: HTTP Error 404: Not Found
  [ERROR] https://muenchen.mitvergnuegen.com/api/v1/tips/80285/: HTTP Error 404: Not Found
  [ERROR] https://muenchen.mitvergnuegen.com/api/v1/tips/80293/: HTTP Error 404: Not Found
  [ERROR] https://muenchen.mitvergnuegen.com/api/v1/tips/80295/: HTTP Error 404: Not Found
  [ERROR] https://muenchen.mitvergnuegen.com/api/v1/tips/80304/: HTTP Error 404: Not Found
  [ERROR] https://muenchen.mitvergnuegen.com/api/v1/tips/80309/: HTTP Error 404: Not Found
  [ERROR] https://muenchen.mitvergnuegen.com/api/v1/tips/80316/: HTTP Error 404: Not Found
  [ERROR] https://muenchen.mitvergnuegen.com/api/v1/tips/80326/: HTTP Error 404: Not Found
  [ERROR] https://muenchen.mitvergnuegen.com/api/v1/tips/80361/: HTTP Error 404: Not Found
  [ERROR] https://muenchen.mitvergnuegen.com/api/v1/tips/80393/: HTTP Error 404: Not Found
  [ERROR] https://muenchen.mitvergnuegen.com/api/v1/tips/80623/: HTTP Error 404: Not Found
  [ERROR] https://muenchen.mitvergnuegen.com/api/v1/tips/80848/: HTTP Error 404: Not Found
  [ERROR] https://muenchen.mitvergnuegen.com/api/v1/tips/81068/: HTTP Error 404: Not Found
  [ERROR] https://muenchen.mitvergnuegen.com/api/v1/tips/81079/: HTTP Error 404: Not Found
  [ERROR] https://muenchen.mitvergnuegen.com/api/v1/tips/81101/: HTTP Error 404: Not Found
  [ERROR] https://muenchen.mitvergnuegen.com/api/v1/tips/81119/: HTTP Error 404: Not Found
  [ERROR] https://muenchen.mitvergnuegen.com/api/v1/tips/81241/: HTTP Error 404: Not Found
  [1480/5027] added=8543 updated=53
  [ERROR] https://muenchen.mitvergnuegen.com/api/v1/tips/81256/: HTTP Error 404: Not Found
  [ERROR] https://muenchen.mitvergnuegen.com/api/v1/tips/81302/: HTTP Error 404: Not Found
  [ERROR] https://muenchen.mitvergnuegen.com/api/v1/tips/81440/: HTTP Error 404: Not Found
  [ERROR] https://muenchen.mitvergnuegen.com/api/v1/tips/81448/: HTTP Error 404: Not Found
  [ERROR] https://muenchen.mitvergnuegen.com/api/v1/tips/81487/: HTTP Error 404: Not Found
  [ERROR] https://muenchen.mitvergnuegen.com/api/v1/tips/81572/: HTTP Error 404: Not Found
  [ERROR] https://muenchen.mitvergnuegen.com/api/v1/tips/81585/: HTTP Error 404: Not Found
  [ERROR] https://muenchen.mitvergnuegen.com/api/v1/tips/81588/: HTTP Error 404: Not Found
  [ERROR] https://muenchen.mitvergnuegen.com/api/v1/tips/81595/: HTTP Error 404: Not Found
  [ERROR] https://muenchen.mitvergnuegen.com/api/v1/tips/81604/: HTTP Error 404: Not Found
  [ERROR] https://muenchen.mitvergnuegen.com/api/v1/tips/81611/: HTTP Error 404: Not Found
  [ERROR] https://muenchen.mitvergnuegen.com/api/v1/tips/81684/: HTTP Error 404: Not Found
  [ERROR] https://muenchen.mitvergnuegen.com/api/v1/tips/81846/: HTTP Error 404: Not Found
  [ERROR] https://muenchen.mitvergnuegen.com/api/v1/tips/81913/: HTTP Error 404: Not Found
  [1490/5027] added=8553 updated=53
  [ERROR] https://muenchen.mitvergnuegen.com/api/v1/tips/81949/: HTTP Error 404: Not Found
  [ERROR] https://muenchen.mitvergnuegen.com/api/v1/tips/81951/: HTTP Error 404: Not Found
  [ERROR] https://muenchen.mitvergnuegen.com/api/v1/tips/81952/: HTTP Error 404: Not Found
  [ERROR] https://muenchen.mitvergnuegen.com/api/v1/tips/81956/: HTTP Error 404: Not Found
  [ERROR] https://muenchen.mitvergnuegen.com/api/v1/tips/81964/: HTTP Error 404: Not Found
  [1500/5027] added=8563 updated=53
  [ERROR] https://muenchen.mitvergnuegen.com/api/v1/tips/82244/: HTTP Error 404: Not Found
  [ERROR] https://muenchen.mitvergnuegen.com/api/v1/tips/82248/: HTTP Error 404: Not Found
  [ERROR] https://muenchen.mitvergnuegen.com/api/v1/tips/82251/: HTTP Error 404: Not Found
  [ERROR] https://muenchen.mitvergnuegen.com/api/v1/tips/82252/: HTTP Error 404: Not Found
  [ERROR] https://muenchen.mitvergnuegen.com/api/v1/tips/82366/: HTTP Error 404: Not Found
  [ERROR] https://muenchen.mitvergnuegen.com/api/v1/tips/82632/: HTTP Error 404: Not Found
  [ERROR] https://muenchen.mitvergnuegen.com/api/v1/tips/82657/: HTTP Error 404: Not Found
  [ERROR] https://muenchen.mitvergnuegen.com/api/v1/tips/82661/: HTTP Error 404: Not Found
  [ERROR] https://muenchen.mitvergnuegen.com/api/v1/tips/82670/: HTTP Error 404: Not Found
  [ERROR] https://muenchen.mitvergnuegen.com/api/v1/tips/82838/: HTTP Error 404: Not Found
  [ERROR] https://muenchen.mitvergnuegen.com/api/v1/tips/82849/: HTTP Error 404: Not Found
  [ERROR] https://muenchen.mitvergnuegen.com/api/v1/tips/82854/: HTTP Error 404: Not Found
  [ERROR] https://muenchen.mitvergnuegen.com/api/v1/tips/82872/: HTTP Error 404: Not Found
  [ERROR] https://muenchen.mitvergnuegen.com/api/v1/tips/82886/: HTTP Error 404: Not Found
  [ERROR] https://muenchen.mitvergnuegen.com/api/v1/tips/82898/: HTTP Error 404: Not Found
  [ERROR] https://muenchen.mitvergnuegen.com/api/v1/tips/82905/: HTTP Error 404: Not Found
  [ERROR] https://muenchen.mitvergnuegen.com/api/v1/tips/83053/: HTTP Error 404: Not Found
  [ERROR] https://muenchen.mitvergnuegen.com/api/v1/tips/83141/: HTTP Error 404: Not Found
  [ERROR] https://muenchen.mitvergnuegen.com/api/v1/tips/83274/: HTTP Error 404: Not Found
  [ERROR] https://muenchen.mitvergnuegen.com/api/v1/tips/83373/: HTTP Error 404: Not Found
  [ERROR] https://muenchen.mitvergnuegen.com/api/v1/tips/83455/: HTTP Error 404: Not Found
  [ERROR] https://muenchen.mitvergnuegen.com/api/v1/tips/83459/: HTTP Error 404: Not Found
  [ERROR] https://muenchen.mitvergnuegen.com/api/v1/tips/83478/: HTTP Error 404: Not Found
  [ERROR] https://muenchen.mitvergnuegen.com/api/v1/tips/83519/: HTTP Error 404: Not Found
  [ERROR] https://muenchen.mitvergnuegen.com/api/v1/tips/83683/: HTTP Error 404: Not Found
  [ERROR] https://muenchen.mitvergnuegen.com/api/v1/tips/83740/: HTTP Error 404: Not Found
  [ERROR] https://muenchen.mitvergnuegen.com/api/v1/tips/83741/: HTTP Error 404: Not Found
  [1510/5027] added=8573 updated=53
  [ERROR] https://muenchen.mitvergnuegen.com/api/v1/tips/83747/: HTTP Error 404: Not Found
  [ERROR] https://muenchen.mitvergnuegen.com/api/v1/tips/83749/: HTTP Error 404: Not Found
  [ERROR] https://muenchen.mitvergnuegen.com/api/v1/tips/83804/: HTTP Error 404: Not Found
  [ERROR] https://muenchen.mitvergnuegen.com/api/v1/tips/84136/: HTTP Error 404: Not Found
  [ERROR] https://muenchen.mitvergnuegen.com/api/v1/tips/84295/: HTTP Error 404: Not Found
  [ERROR] https://muenchen.mitvergnuegen.com/api/v1/tips/84326/: HTTP Error 404: Not Found
  [ERROR] https://muenchen.mitvergnuegen.com/api/v1/tips/84350/: HTTP Error 404: Not Found
  [ERROR] https://muenchen.mitvergnuegen.com/api/v1/tips/84538/: HTTP Error 404: Not Found
  [1520/5027] added=8583 updated=53
  [ERROR] https://muenchen.mitvergnuegen.com/api/v1/tips/84661/: HTTP Error 404: Not Found
  [ERROR] https://muenchen.mitvergnuegen.com/api/v1/tips/84697/: HTTP Error 404: Not Found
  [ERROR] https://muenchen.mitvergnuegen.com/api/v1/tips/84844/: HTTP Error 404: Not Found
  [ERROR] https://muenchen.mitvergnuegen.com/api/v1/tips/85042/: HTTP Error 404: Not Found
  [ERROR] https://muenchen.mitvergnuegen.com/api/v1/tips/85047/: HTTP Error 404: Not Found
  [ERROR] https://muenchen.mitvergnuegen.com/api/v1/tips/85049/: HTTP Error 404: Not Found
  [ERROR] https://muenchen.mitvergnuegen.com/api/v1/tips/85075/: HTTP Error 404: Not Found
  [ERROR] https://muenchen.mitvergnuegen.com/api/v1/tips/85228/: HTTP Error 404: Not Found
  [1530/5027] added=8592 updated=54
  [ERROR] https://muenchen.mitvergnuegen.com/api/v1/tips/85278/: HTTP Error 404: Not Found
  [ERROR] https://muenchen.mitvergnuegen.com/api/v1/tips/85559/: HTTP Error 404: Not Found
  [ERROR] https://muenchen.mitvergnuegen.com/api/v1/tips/85561/: HTTP Error 404: Not Found
  [ERROR] https://muenchen.mitvergnuegen.com/api/v1/tips/85563/: HTTP Error 404: Not Found
  [ERROR] https://muenchen.mitvergnuegen.com/api/v1/tips/85566/: HTTP Error 404: Not Found
  [ERROR] https://muenchen.mitvergnuegen.com/api/v1/tips/85594/: HTTP Error 404: Not Found
  [ERROR] https://muenchen.mitvergnuegen.com/api/v1/tips/85606/: HTTP Error 404: Not Found
  [ERROR] https://muenchen.mitvergnuegen.com/api/v1/tips/85645/: HTTP Error 404: Not Found
  [ERROR] https://muenchen.mitvergnuegen.com/api/v1/tips/85724/: HTTP Error 404: Not Found
  [ERROR] https://muenchen.mitvergnuegen.com/api/v1/tips/85863/: HTTP Error 404: Not Found
  [ERROR] https://muenchen.mitvergnuegen.com/api/v1/tips/85865/: HTTP Error 404: Not Found
  [ERROR] https://muenchen.mitvergnuegen.com/api/v1/tips/85869/: HTTP Error 404: Not Found
  [1540/5027] added=8602 updated=54
  [ERROR] https://muenchen.mitvergnuegen.com/api/v1/tips/86456/: HTTP Error 404: Not Found
  [ERROR] https://muenchen.mitvergnuegen.com/api/v1/tips/86478/: HTTP Error 404: Not Found
  [ERROR] https://muenchen.mitvergnuegen.com/api/v1/tips/87144/: HTTP Error 404: Not Found
  [ERROR] https://muenchen.mitvergnuegen.com/api/v1/tips/87150/: HTTP Error 404: Not Found
  [ERROR] https://muenchen.mitvergnuegen.com/api/v1/tips/87154/: HTTP Error 404: Not Found
  [ERROR] https://muenchen.mitvergnuegen.com/api/v1/tips/87164/: HTTP Error 404: Not Found
  [ERROR] https://muenchen.mitvergnuegen.com/api/v1/tips/87191/: HTTP Error 404: Not Found
  [ERROR] https://muenchen.mitvergnuegen.com/api/v1/tips/87253/: HTTP Error 404: Not Found
  [ERROR] https://muenchen.mitvergnuegen.com/api/v1/tips/87404/: HTTP Error 404: Not Found
  [ERROR] https://muenchen.mitvergnuegen.com/api/v1/tips/87417/: HTTP Error 404: Not Found
  [ERROR] https://muenchen.mitvergnuegen.com/api/v1/tips/87420/: HTTP Error 404: Not Found
  [ERROR] https://muenchen.mitvergnuegen.com/api/v1/tips/87736/: HTTP Error 404: Not Found
  [ERROR] https://muenchen.mitvergnuegen.com/api/v1/tips/87764/: HTTP Error 404: Not Found
  [ERROR] https://muenchen.mitvergnuegen.com/api/v1/tips/87771/: HTTP Error 404: Not Found
  [ERROR] https://muenchen.mitvergnuegen.com/api/v1/tips/87774/: HTTP Error 404: Not Found
  [ERROR] https://muenchen.mitvergnuegen.com/api/v1/tips/87786/: HTTP Error 404: Not Found
  [ERROR] https://muenchen.mitvergnuegen.com/api/v1/tips/87798/: HTTP Error 404: Not Found
  [ERROR] https://muenchen.mitvergnuegen.com/api/v1/tips/87876/: HTTP Error 404: Not Found
  [ERROR] https://muenchen.mitvergnuegen.com/api/v1/tips/87884/: HTTP Error 404: Not Found
  [ERROR] https://muenchen.mitvergnuegen.com/api/v1/tips/88017/: HTTP Error 404: Not Found
  [1550/5027] added=8612 updated=54
  [ERROR] https://muenchen.mitvergnuegen.com/api/v1/tips/88106/: HTTP Error 404: Not Found
  [ERROR] https://muenchen.mitvergnuegen.com/api/v1/tips/88311/: HTTP Error 404: Not Found
  [ERROR] https://muenchen.mitvergnuegen.com/api/v1/tips/88342/: HTTP Error 404: Not Found
  [ERROR] https://muenchen.mitvergnuegen.com/api/v1/tips/88344/: HTTP Error 404: Not Found
  [ERROR] https://muenchen.mitvergnuegen.com/api/v1/tips/88353/: HTTP Error 404: Not Found
  [ERROR] https://muenchen.mitvergnuegen.com/api/v1/tips/88358/: HTTP Error 404: Not Found
  [ERROR] https://muenchen.mitvergnuegen.com/api/v1/tips/88369/: HTTP Error 404: Not Found
  [ERROR] https://muenchen.mitvergnuegen.com/api/v1/tips/88372/: HTTP Error 404: Not Found
FAILED: The read operation timed out
Traceback (most recent call last):
  File "/Users/fkrause/workspace/nomnom/scripts/sync_mitvergnuegen.py", line 262, in main
    ingest_mitvergnuegen(
  File "/Users/fkrause/workspace/nomnom/scripts/sync_mitvergnuegen.py", line 232, in ingest_mitvergnuegen
    data = fetch_tip_detail(domain, tip_id)
  File "/Users/fkrause/workspace/nomnom/scripts/sync_mitvergnuegen.py", line 105, in fetch_tip_detail
    data = fetch_json(url, timeout=10)
  File "/Users/fkrause/workspace/nomnom/scripts/sync_mitvergnuegen.py", line 66, in fetch_json
    with urllib.request.urlopen(req, timeout=timeout) as resp:
  File "/Library/Developer/CommandLineTools/Library/Frameworks/Python3.framework/Versions/3.9/lib/python3.9/urllib/request.py", line 214, in urlopen
    return opener.open(url, data, timeout)
  File "/Library/Developer/CommandLineTools/Library/Frameworks/Python3.framework/Versions/3.9/lib/python3.9/urllib/request.py", line 517, in open
    response = self._open(req, data)
  File "/Library/Developer/CommandLineTools/Library/Frameworks/Python3.framework/Versions/3.9/lib/python3.9/urllib/request.py", line 534, in _open
    result = self._call_chain(self.handle_open, protocol, protocol +
  File "/Library/Developer/CommandLineTools/Library/Frameworks/Python3.framework/Versions/3.9/lib/python3.9/urllib/request.py", line 494, in _call_chain
    result = func(*args)
  File "/Library/Developer/CommandLineTools/Library/Frameworks/Python3.framework/Versions/3.9/lib/python3.9/urllib/request.py", line 1389, in https_open
    return self.do_open(http.client.HTTPSConnection, req,
  File "/Library/Developer/CommandLineTools/Library/Frameworks/Python3.framework/Versions/3.9/lib/python3.9/urllib/request.py", line 1350, in do_open
    r = h.getresponse()
  File "/Library/Developer/CommandLineTools/Library/Frameworks/Python3.framework/Versions/3.9/lib/python3.9/http/client.py", line 1349, in getresponse
    response.begin()
  File "/Library/Developer/CommandLineTools/Library/Frameworks/Python3.framework/Versions/3.9/lib/python3.9/http/client.py", line 316, in begin
    version, status, reason = self._read_status()
  File "/Library/Developer/CommandLineTools/Library/Frameworks/Python3.framework/Versions/3.9/lib/python3.9/http/client.py", line 277, in _read_status
    line = str(self.fp.readline(_MAXLINE + 1), "iso-8859-1")
  File "/Library/Developer/CommandLineTools/Library/Frameworks/Python3.framework/Versions/3.9/lib/python3.9/socket.py", line 704, in readinto
    return self._sock.recv_into(b)
  File "/Library/Developer/CommandLineTools/Library/Frameworks/Python3.framework/Versions/3.9/lib/python3.9/ssl.py", line 1241, in recv_into
    return self.read(nbytes, buffer)
  File "/Library/Developer/CommandLineTools/Library/Frameworks/Python3.framework/Versions/3.9/lib/python3.9/ssl.py", line 1099, in read
    return self._sslobj.read(len, buffer)
socket.timeout: The read operation timed out
