
=== KOELN: koeln.mitvergnuegen.com ===
  Category IDs: [7479, 7480, 2]
  Page 1: +100 posts (total 100)
  Page 2: +100 posts (total 200)
  Page 3: +100 posts (total 300)
  Page 4: +100 posts (total 400)
  Page 5: +100 posts (total 500)
  Page 6: +100 posts (total 600)
  Page 7: +100 posts (total 700)
  Page 8: +100 posts (total 800)
  Page 9: +100 posts (total 900)
  Page 10: +100 posts (total 1000)
  Page 11: +34 posts (total 1034)
  [ERROR] https://koeln.mitvergnuegen.com/wp-json/wp/v2/posts?categories=7479,7480,2&per_page=100&page=12: HTTP Error 400: Bad Request
  Total posts to process: 1034
  [5/1034] 11 tips from post (total unique: 42)
  [10/1034] 11 tips from post (total unique: 124)
  [15/1034] 0 tips from post (total unique: 150)
  [20/1034] 11 tips from post (total unique: 197)
  [25/1034] 10 tips from post (total unique: 249)
  [30/1034] 11 tips from post (total unique: 301)
  [35/1034] 11 tips from post (total unique: 338)
  [40/1034] 11 tips from post (total unique: 387)
  [45/1034] 11 tips from post (total unique: 410)
  [50/1034] 6 tips from post (total unique: 436)
  [55/1034] 11 tips from post (total unique: 483)
  [60/1034] 21 tips from post (total unique: 533)
  [65/1034] 11 tips from post (total unique: 589)
  [70/1034] 21 tips from post (total unique: 633)
  [75/1034] 11 tips from post (total unique: 678)
  [80/1034] 21 tips from post (total unique: 703)
  [85/1034] 11 tips from post (total unique: 742)
  [90/1034] 11 tips from post (total unique: 767)
  [95/1034] 11 tips from post (total unique: 810)
  [100/1034] 11 tips from post (total unique: 842)
  [105/1034] 11 tips from post (total unique: 864)
  [110/1034] 11 tips from post (total unique: 900)
  [115/1034] 11 tips from post (total unique: 929)
  [120/1034] 11 tips from post (total unique: 951)
  [125/1034] 11 tips from post (total unique: 978)
  [130/1034] 8 tips from post (total unique: 988)
  [135/1034] 11 tips from post (total unique: 1012)
  [140/1034] 11 tips from post (total unique: 1051)
  [145/1034] 11 tips from post (total unique: 1075)
  [150/1034] 11 tips from post (total unique: 1093)
  [155/1034] 11 tips from post (total unique: 1110)
  [160/1034] 12 tips from post (total unique: 1139)
  [165/1034] 21 tips from post (total unique: 1173)
  [170/1034] 21 tips from post (total unique: 1194)
  [175/1034] 11 tips from post (total unique: 1216)
  [180/1034] 11 tips from post (total unique: 1246)
  [185/1034] 11 tips from post (total unique: 1261)
  [190/1034] 1 tips from post (total unique: 1296)
  [195/1034] 11 tips from post (total unique: 1311)
  [200/1034] 11 tips from post (total unique: 1323)
  [205/1034] 21 tips from post (total unique: 1342)
  [210/1034] 11 tips from post (total unique: 1367)
  [215/1034] 11 tips from post (total unique: 1388)
  [220/1034] 11 tips from post (total unique: 1414)
  [225/1034] 11 tips from post (total unique: 1435)
  [230/1034] 11 tips from post (total unique: 1468)
  [235/1034] 11 tips from post (total unique: 1484)
  [240/1034] 8 tips from post (total unique: 1507)
  [245/1034] 11 tips from post (total unique: 1516)
  [250/1034] 11 tips from post (total unique: 1522)
  [255/1034] 11 tips from post (total unique: 1537)
  [260/1034] 10 tips from post (total unique: 1553)
  [265/1034] 21 tips from post (total unique: 1571)
  [270/1034] 21 tips from post (total unique: 1592)
  [275/1034] 11 tips from post (total unique: 1617)
  [280/1034] 11 tips from post (total unique: 1637)
  [285/1034] 21 tips from post (total unique: 1653)
  [290/1034] 11 tips from post (total unique: 1666)
  [295/1034] 11 tips from post (total unique: 1672)
  [300/1034] 21 tips from post (total unique: 1688)
  [305/1034] 21 tips from post (total unique: 1700)
  [310/1034] 11 tips from post (total unique: 1712)
  [315/1034] 11 tips from post (total unique: 1725)
  [320/1034] 21 tips from post (total unique: 1747)
  [325/1034] 21 tips from post (total unique: 1758)
  [330/1034] 11 tips from post (total unique: 1778)
  [335/1034] 11 tips from post (total unique: 1794)
  [340/1034] 11 tips from post (total unique: 1806)
  [345/1034] 11 tips from post (total unique: 1820)
  [350/1034] 11 tips from post (total unique: 1839)
  [355/1034] 11 tips from post (total unique: 1852)
  [360/1034] 21 tips from post (total unique: 1861)
  [365/1034] 11 tips from post (total unique: 1875)
  [370/1034] 1 tips from post (total unique: 1886)
  [375/1034] 11 tips from post (total unique: 1905)
  [380/1034] 11 tips from post (total unique: 1923)
  [385/1034] 11 tips from post (total unique: 1933)
  [390/1034] 21 tips from post (total unique: 1947)
  [395/1034] 11 tips from post (total unique: 1962)
  [400/1034] 21 tips from post (total unique: 1979)
  [405/1034] 11 tips from post (total unique: 1996)
  [410/1034] 11 tips from post (total unique: 2003)
  [415/1034] 11 tips from post (total unique: 2024)
  [420/1034] 11 tips from post (total unique: 2034)
  [425/1034] 11 tips from post (total unique: 2047)
  [430/1034] 10 tips from post (total unique: 2070)
  [435/1034] 11 tips from post (total unique: 2077)
  [440/1034] 11 tips from post (total unique: 2089)
  [445/1034] 11 tips from post (total unique: 2111)
  [450/1034] 11 tips from post (total unique: 2120)
  [455/1034] 0 tips from post (total unique: 2124)
  [460/1034] 11 tips from post (total unique: 2150)
  [465/1034] 11 tips from post (total unique: 2156)
  [470/1034] 0 tips from post (total unique: 2166)
  [475/1034] 11 tips from post (total unique: 2186)
  [480/1034] 11 tips from post (total unique: 2210)
  [485/1034] 11 tips from post (total unique: 2234)
  [490/1034] 21 tips from post (total unique: 2250)
  [495/1034] 11 tips from post (total unique: 2267)
  [500/1034] 11 tips from post (total unique: 2274)
  [505/1034] 1 tips from post (total unique: 2287)
  [510/1034] 11 tips from post (total unique: 2302)
  [515/1034] 11 tips from post (total unique: 2311)
  [520/1034] 11 tips from post (total unique: 2321)
  [525/1034] 11 tips from post (total unique: 2328)
  [530/1034] 11 tips from post (total unique: 2333)
  [535/1034] 21 tips from post (total unique: 2348)
  [540/1034] 11 tips from post (total unique: 2353)
  [545/1034] 0 tips from post (total unique: 2371)
  [550/1034] 1 tips from post (total unique: 2378)
  [555/1034] 11 tips from post (total unique: 2404)
  [560/1034] 11 tips from post (total unique: 2418)
  [565/1034] 11 tips from post (total unique: 2432)
  [570/1034] 11 tips from post (total unique: 2447)
  [575/1034] 1 tips from post (total unique: 2453)
  [580/1034] 11 tips from post (total unique: 2461)
  [585/1034] 11 tips from post (total unique: 2478)
  [590/1034] 11 tips from post (total unique: 2494)
  [595/1034] 11 tips from post (total unique: 2498)
  [600/1034] 1 tips from post (total unique: 2505)
  [605/1034] 11 tips from post (total unique: 2510)
  [610/1034] 11 tips from post (total unique: 2516)
  [615/1034] 11 tips from post (total unique: 2524)
  [620/1034] 1 tips from post (total unique: 2527)
  [625/1034] 0 tips from post (total unique: 2547)
  [630/1034] 11 tips from post (total unique: 2553)
  [635/1034] 0 tips from post (total unique: 2556)
  [640/1034] 0 tips from post (total unique: 2560)
  [645/1034] 0 tips from post (total unique: 2567)
  [650/1034] 1 tips from post (total unique: 2568)
  [655/1034] 0 tips from post (total unique: 2580)
  [660/1034] 0 tips from post (total unique: 2586)
  [665/1034] 11 tips from post (total unique: 2588)
  [670/1034] 0 tips from post (total unique: 2588)
  [675/1034] 1 tips from post (total unique: 2591)
  [680/1034] 0 tips from post (total unique: 2592)
  [685/1034] 0 tips from post (total unique: 2594)
  [690/1034] 11 tips from post (total unique: 2617)
  [695/1034] 11 tips from post (total unique: 2631)
  [700/1034] 11 tips from post (total unique: 2645)
  [705/1034] 0 tips from post (total unique: 2654)
  [710/1034] 11 tips from post (total unique: 2661)
  [715/1034] 10 tips from post (total unique: 2683)
  [720/1034] 11 tips from post (total unique: 2687)
  [725/1034] 1 tips from post (total unique: 2697)
  [730/1034] 0 tips from post (total unique: 2711)
  [735/1034] 11 tips from post (total unique: 2728)
  [740/1034] 11 tips from post (total unique: 2729)
  [745/1034] 11 tips from post (total unique: 2733)
  [750/1034] 1 tips from post (total unique: 2734)
  [755/1034] 1 tips from post (total unique: 2746)
  [760/1034] 0 tips from post (total unique: 2750)
  [765/1034] 0 tips from post (total unique: 2754)
  [770/1034] 11 tips from post (total unique: 2758)
  [775/1034] 11 tips from post (total unique: 2764)
  [780/1034] 0 tips from post (total unique: 2770)
  [785/1034] 0 tips from post (total unique: 2771)
  [790/1034] 0 tips from post (total unique: 2782)
  [795/1034] 0 tips from post (total unique: 2802)
  [800/1034] 11 tips from post (total unique: 2823)
  [805/1034] 0 tips from post (total unique: 2833)
  [810/1034] 0 tips from post (total unique: 2834)
  [815/1034] 0 tips from post (total unique: 2840)
  [820/1034] 0 tips from post (total unique: 2844)
  [825/1034] 0 tips from post (total unique: 2858)
  [830/1034] 0 tips from post (total unique: 2862)
  [835/1034] 11 tips from post (total unique: 2867)
  [840/1034] 0 tips from post (total unique: 2867)
  [845/1034] 0 tips from post (total unique: 2868)
  [850/1034] 0 tips from post (total unique: 2868)
  [855/1034] 0 tips from post (total unique: 2874)
  [860/1034] 0 tips from post (total unique: 2878)
  [865/1034] 1 tips from post (total unique: 2880)
  [870/1034] 0 tips from post (total unique: 2900)
  [875/1034] 0 tips from post (total unique: 2926)
  [880/1034] 0 tips from post (total unique: 2927)
  [885/1034] 11 tips from post (total unique: 2932)
  [890/1034] 0 tips from post (total unique: 2933)
  [895/1034] 11 tips from post (total unique: 2942)
  [900/1034] 1 tips from post (total unique: 2947)
  [905/1034] 0 tips from post (total unique: 2948)
  [910/1034] 1 tips from post (total unique: 2951)
  [915/1034] 0 tips from post (total unique: 2955)
  [920/1034] 0 tips from post (total unique: 2956)
  [925/1034] 0 tips from post (total unique: 2957)
  [930/1034] 11 tips from post (total unique: 2957)
  [935/1034] 0 tips from post (total unique: 2966)
  [940/1034] 1 tips from post (total unique: 2992)
  [945/1034] 1 tips from post (total unique: 3011)
  [950/1034] 0 tips from post (total unique: 3012)
  [955/1034] 0 tips from post (total unique: 3013)
  [960/1034] 11 tips from post (total unique: 3019)
  [965/1034] 0 tips from post (total unique: 3022)
  [970/1034] 0 tips from post (total unique: 3023)
  [975/1034] 0 tips from post (total unique: 3032)
  [980/1034] 21 tips from post (total unique: 3041)
  [985/1034] 0 tips from post (total unique: 3041)
  [990/1034] 0 tips from post (total unique: 3041)
  [995/1034] 0 tips from post (total unique: 3052)
  [1000/1034] 11 tips from post (total unique: 3085)
  [1005/1034] 11 tips from post (total unique: 3089)
  [1010/1034] 0 tips from post (total unique: 3097)
  [1015/1034] 0 tips from post (total unique: 3098)
  [1020/1034] 11 tips from post (total unique: 3102)
  [1025/1034] 0 tips from post (total unique: 3102)
  [1030/1034] 11 tips from post (total unique: 3113)
  Total unique tips: 3124
  [10/3124] added=8 updated=2
  [ERROR] https://koeln.mitvergnuegen.com/api/v1/tips/178/: HTTP Error 404: Not Found
  [20/3124] added=18 updated=2
  [ERROR] https://koeln.mitvergnuegen.com/api/v1/tips/199/: HTTP Error 404: Not Found
  [30/3124] added=28 updated=2
  [40/3124] added=38 updated=2
  [50/3124] added=48 updated=2
  [60/3124] added=58 updated=2
  [70/3124] added=68 updated=2
  [80/3124] added=77 updated=3
  [ERROR] https://koeln.mitvergnuegen.com/api/v1/tips/517/: HTTP Error 404: Not Found
  [ERROR] https://koeln.mitvergnuegen.com/api/v1/tips/525/: HTTP Error 404: Not Found
  [90/3124] added=87 updated=3
  [100/3124] added=95 updated=5
  [ERROR] https://koeln.mitvergnuegen.com/api/v1/tips/1290/: HTTP Error 404: Not Found
  [110/3124] added=105 updated=5
  [120/3124] added=114 updated=6
  [130/3124] added=124 updated=6
  [140/3124] added=133 updated=7
  [150/3124] added=143 updated=7
  [160/3124] added=153 updated=7
  [170/3124] added=163 updated=7
  [180/3124] added=171 updated=9
  [190/3124] added=181 updated=9
  [200/3124] added=191 updated=9
  [210/3124] added=201 updated=9
  [ERROR] https://koeln.mitvergnuegen.com/api/v1/tips/2741/: HTTP Error 404: Not Found
  [220/3124] added=211 updated=9
  [230/3124] added=221 updated=9
  [240/3124] added=231 updated=9
  [250/3124] added=241 updated=9
  [260/3124] added=251 updated=9
  [270/3124] added=261 updated=9
  [280/3124] added=270 updated=10
  [290/3124] added=279 updated=11
  [300/3124] added=287 updated=13
  [310/3124] added=297 updated=13
  [320/3124] added=307 updated=13
  [ERROR] https://koeln.mitvergnuegen.com/api/v1/tips/4804/: HTTP Error 404: Not Found
  [330/3124] added=317 updated=13
  [ERROR] https://koeln.mitvergnuegen.com/api/v1/tips/5069/: <urlopen error [Errno 8] nodename nor servname provided, or not known>
  [ERROR] https://koeln.mitvergnuegen.com/api/v1/tips/5072/: <urlopen error [Errno 8] nodename nor servname provided, or not known>
  [ERROR] https://koeln.mitvergnuegen.com/api/v1/tips/5075/: <urlopen error [Errno 8] nodename nor servname provided, or not known>
  [ERROR] https://koeln.mitvergnuegen.com/api/v1/tips/5089/: <urlopen error [Errno 8] nodename nor servname provided, or not known>
  [ERROR] https://koeln.mitvergnuegen.com/api/v1/tips/5141/: <urlopen error [Errno 8] nodename nor servname provided, or not known>
  [ERROR] https://koeln.mitvergnuegen.com/api/v1/tips/5155/: <urlopen error [Errno 8] nodename nor servname provided, or not known>
  [ERROR] https://koeln.mitvergnuegen.com/api/v1/tips/5171/: <urlopen error [Errno 8] nodename nor servname provided, or not known>
  [ERROR] https://koeln.mitvergnuegen.com/api/v1/tips/5180/: <urlopen error [Errno 8] nodename nor servname provided, or not known>
  [ERROR] https://koeln.mitvergnuegen.com/api/v1/tips/5184/: <urlopen error [Errno 8] nodename nor servname provided, or not known>
  [ERROR] https://koeln.mitvergnuegen.com/api/v1/tips/5188/: <urlopen error [Errno 8] nodename nor servname provided, or not known>
  [ERROR] https://koeln.mitvergnuegen.com/api/v1/tips/5195/: <urlopen error [Errno 8] nodename nor servname provided, or not known>
  [ERROR] https://koeln.mitvergnuegen.com/api/v1/tips/5211/: <urlopen error [Errno 8] nodename nor servname provided, or not known>
  [ERROR] https://koeln.mitvergnuegen.com/api/v1/tips/5214/: <urlopen error [Errno 8] nodename nor servname provided, or not known>
  [ERROR] https://koeln.mitvergnuegen.com/api/v1/tips/5217/: <urlopen error [Errno 8] nodename nor servname provided, or not known>
  [ERROR] https://koeln.mitvergnuegen.com/api/v1/tips/5221/: <urlopen error [Errno 8] nodename nor servname provided, or not known>
  [ERROR] https://koeln.mitvergnuegen.com/api/v1/tips/5224/: <urlopen error [Errno 8] nodename nor servname provided, or not known>
  [ERROR] https://koeln.mitvergnuegen.com/api/v1/tips/5232/: <urlopen error [Errno 8] nodename nor servname provided, or not known>
  [ERROR] https://koeln.mitvergnuegen.com/api/v1/tips/5236/: <urlopen error [Errno 8] nodename nor servname provided, or not known>
  [ERROR] https://koeln.mitvergnuegen.com/api/v1/tips/5309/: <urlopen error [Errno 8] nodename nor servname provided, or not known>
  [ERROR] https://koeln.mitvergnuegen.com/api/v1/tips/5311/: <urlopen error [Errno 8] nodename nor servname provided, or not known>
  [ERROR] https://koeln.mitvergnuegen.com/api/v1/tips/5313/: <urlopen error [Errno 8] nodename nor servname provided, or not known>
  [ERROR] https://koeln.mitvergnuegen.com/api/v1/tips/5317/: <urlopen error [Errno 8] nodename nor servname provided, or not known>
  [ERROR] https://koeln.mitvergnuegen.com/api/v1/tips/5319/: <urlopen error [Errno 8] nodename nor servname provided, or not known>
  [ERROR] https://koeln.mitvergnuegen.com/api/v1/tips/5324/: <urlopen error [Errno 8] nodename nor servname provided, or not known>
  [ERROR] https://koeln.mitvergnuegen.com/api/v1/tips/5328/: <urlopen error [Errno 8] nodename nor servname provided, or not known>
  [ERROR] https://koeln.mitvergnuegen.com/api/v1/tips/5334/: <urlopen error [Errno 8] nodename nor servname provided, or not known>
  [ERROR] https://koeln.mitvergnuegen.com/api/v1/tips/5391/: <urlopen error [Errno 8] nodename nor servname provided, or not known>
  [ERROR] https://koeln.mitvergnuegen.com/api/v1/tips/5411/: <urlopen error [Errno 8] nodename nor servname provided, or not known>
  [ERROR] https://koeln.mitvergnuegen.com/api/v1/tips/5415/: <urlopen error [Errno 8] nodename nor servname provided, or not known>
  [ERROR] https://koeln.mitvergnuegen.com/api/v1/tips/5417/: <urlopen error [Errno 8] nodename nor servname provided, or not known>
  [ERROR] https://koeln.mitvergnuegen.com/api/v1/tips/5438/: <urlopen error [Errno 8] nodename nor servname provided, or not known>
  [ERROR] https://koeln.mitvergnuegen.com/api/v1/tips/5442/: <urlopen error [Errno 8] nodename nor servname provided, or not known>
  [ERROR] https://koeln.mitvergnuegen.com/api/v1/tips/5445/: <urlopen error [Errno 8] nodename nor servname provided, or not known>
  [ERROR] https://koeln.mitvergnuegen.com/api/v1/tips/5448/: <urlopen error [Errno 8] nodename nor servname provided, or not known>
  [ERROR] https://koeln.mitvergnuegen.com/api/v1/tips/5452/: <urlopen error [Errno 8] nodename nor servname provided, or not known>
  [ERROR] https://koeln.mitvergnuegen.com/api/v1/tips/5455/: <urlopen error [Errno 8] nodename nor servname provided, or not known>
  [ERROR] https://koeln.mitvergnuegen.com/api/v1/tips/5460/: <urlopen error [Errno 8] nodename nor servname provided, or not known>
  [ERROR] https://koeln.mitvergnuegen.com/api/v1/tips/5462/: <urlopen error [Errno 8] nodename nor servname provided, or not known>
  [ERROR] https://koeln.mitvergnuegen.com/api/v1/tips/5465/: <urlopen error [Errno 8] nodename nor servname provided, or not known>
  [ERROR] https://koeln.mitvergnuegen.com/api/v1/tips/5468/: <urlopen error [Errno 8] nodename nor servname provided, or not known>
  [ERROR] https://koeln.mitvergnuegen.com/api/v1/tips/5471/: <urlopen error [Errno 8] nodename nor servname provided, or not known>
  [ERROR] https://koeln.mitvergnuegen.com/api/v1/tips/5477/: <urlopen error [Errno 8] nodename nor servname provided, or not known>
  [ERROR] https://koeln.mitvergnuegen.com/api/v1/tips/5480/: <urlopen error [Errno 8] nodename nor servname provided, or not known>
  [ERROR] https://koeln.mitvergnuegen.com/api/v1/tips/5483/: <urlopen error [Errno 8] nodename nor servname provided, or not known>
  [ERROR] https://koeln.mitvergnuegen.com/api/v1/tips/5484/: <urlopen error [Errno 8] nodename nor servname provided, or not known>
  [ERROR] https://koeln.mitvergnuegen.com/api/v1/tips/5488/: <urlopen error [Errno 8] nodename nor servname provided, or not known>
  [ERROR] https://koeln.mitvergnuegen.com/api/v1/tips/5491/: <urlopen error [Errno 8] nodename nor servname provided, or not known>
  [ERROR] https://koeln.mitvergnuegen.com/api/v1/tips/5495/: <urlopen error [Errno 8] nodename nor servname provided, or not known>
  [ERROR] https://koeln.mitvergnuegen.com/api/v1/tips/5499/: <urlopen error [Errno 8] nodename nor servname provided, or not known>
  [ERROR] https://koeln.mitvergnuegen.com/api/v1/tips/5502/: <urlopen error [Errno 8] nodename nor servname provided, or not known>
  [ERROR] https://koeln.mitvergnuegen.com/api/v1/tips/5505/: <urlopen error [Errno 8] nodename nor servname provided, or not known>
  [ERROR] https://koeln.mitvergnuegen.com/api/v1/tips/5543/: <urlopen error [Errno 8] nodename nor servname provided, or not known>
  [ERROR] https://koeln.mitvergnuegen.com/api/v1/tips/5547/: <urlopen error [Errno 8] nodename nor servname provided, or not known>
  [ERROR] https://koeln.mitvergnuegen.com/api/v1/tips/5554/: <urlopen error [Errno 8] nodename nor servname provided, or not known>
  [ERROR] https://koeln.mitvergnuegen.com/api/v1/tips/5579/: <urlopen error [Errno 8] nodename nor servname provided, or not known>
  [ERROR] https://koeln.mitvergnuegen.com/api/v1/tips/5583/: <urlopen error [Errno 8] nodename nor servname provided, or not known>
  [ERROR] https://koeln.mitvergnuegen.com/api/v1/tips/5615/: <urlopen error [Errno 8] nodename nor servname provided, or not known>
  [ERROR] https://koeln.mitvergnuegen.com/api/v1/tips/5618/: <urlopen error [Errno 8] nodename nor servname provided, or not known>
  [ERROR] https://koeln.mitvergnuegen.com/api/v1/tips/5620/: <urlopen error [Errno 8] nodename nor servname provided, or not known>
  [ERROR] https://koeln.mitvergnuegen.com/api/v1/tips/5622/: <urlopen error [Errno 8] nodename nor servname provided, or not known>
  [ERROR] https://koeln.mitvergnuegen.com/api/v1/tips/5625/: <urlopen error [Errno 8] nodename nor servname provided, or not known>
  [ERROR] https://koeln.mitvergnuegen.com/api/v1/tips/5637/: <urlopen error [Errno 8] nodename nor servname provided, or not known>
  [ERROR] https://koeln.mitvergnuegen.com/api/v1/tips/5639/: <urlopen error [Errno 8] nodename nor servname provided, or not known>
  [ERROR] https://koeln.mitvergnuegen.com/api/v1/tips/5971/: <urlopen error [Errno 8] nodename nor servname provided, or not known>
  [ERROR] https://koeln.mitvergnuegen.com/api/v1/tips/5983/: <urlopen error [Errno 8] nodename nor servname provided, or not known>
  [ERROR] https://koeln.mitvergnuegen.com/api/v1/tips/5985/: <urlopen error [Errno 8] nodename nor servname provided, or not known>
  [ERROR] https://koeln.mitvergnuegen.com/api/v1/tips/6010/: <urlopen error [Errno 8] nodename nor servname provided, or not known>
  [ERROR] https://koeln.mitvergnuegen.com/api/v1/tips/6019/: <urlopen error [Errno 8] nodename nor servname provided, or not known>
  [ERROR] https://koeln.mitvergnuegen.com/api/v1/tips/6023/: <urlopen error [Errno 8] nodename nor servname provided, or not known>
  [ERROR] https://koeln.mitvergnuegen.com/api/v1/tips/6029/: <urlopen error [Errno 8] nodename nor servname provided, or not known>
  [ERROR] https://koeln.mitvergnuegen.com/api/v1/tips/6039/: <urlopen error [Errno 8] nodename nor servname provided, or not known>
  [ERROR] https://koeln.mitvergnuegen.com/api/v1/tips/6067/: <urlopen error [Errno 8] nodename nor servname provided, or not known>
  [ERROR] https://koeln.mitvergnuegen.com/api/v1/tips/6071/: <urlopen error [Errno 8] nodename nor servname provided, or not known>
  [ERROR] https://koeln.mitvergnuegen.com/api/v1/tips/6081/: <urlopen error [Errno 8] nodename nor servname provided, or not known>
  [ERROR] https://koeln.mitvergnuegen.com/api/v1/tips/6086/: <urlopen error [Errno 8] nodename nor servname provided, or not known>
  [ERROR] https://koeln.mitvergnuegen.com/api/v1/tips/6090/: <urlopen error [Errno 8] nodename nor servname provided, or not known>
  [ERROR] https://koeln.mitvergnuegen.com/api/v1/tips/6097/: <urlopen error [Errno 8] nodename nor servname provided, or not known>
  [ERROR] https://koeln.mitvergnuegen.com/api/v1/tips/6101/: <urlopen error [Errno 8] nodename nor servname provided, or not known>
  [ERROR] https://koeln.mitvergnuegen.com/api/v1/tips/6105/: <urlopen error [Errno 8] nodename nor servname provided, or not known>
  [ERROR] https://koeln.mitvergnuegen.com/api/v1/tips/6109/: <urlopen error [Errno 8] nodename nor servname provided, or not known>
  [ERROR] https://koeln.mitvergnuegen.com/api/v1/tips/6116/: <urlopen error [Errno 8] nodename nor servname provided, or not known>
  [ERROR] https://koeln.mitvergnuegen.com/api/v1/tips/6118/: <urlopen error [Errno 8] nodename nor servname provided, or not known>
  [ERROR] https://koeln.mitvergnuegen.com/api/v1/tips/6121/: <urlopen error [Errno 8] nodename nor servname provided, or not known>
  [ERROR] https://koeln.mitvergnuegen.com/api/v1/tips/6124/: <urlopen error [Errno 8] nodename nor servname provided, or not known>
  [ERROR] https://koeln.mitvergnuegen.com/api/v1/tips/6129/: <urlopen error [Errno 8] nodename nor servname provided, or not known>
  [ERROR] https://koeln.mitvergnuegen.com/api/v1/tips/6130/: <urlopen error [Errno 8] nodename nor servname provided, or not known>
  [ERROR] https://koeln.mitvergnuegen.com/api/v1/tips/6134/: <urlopen error [Errno 8] nodename nor servname provided, or not known>
  [ERROR] https://koeln.mitvergnuegen.com/api/v1/tips/6137/: <urlopen error [Errno 8] nodename nor servname provided, or not known>
  [ERROR] https://koeln.mitvergnuegen.com/api/v1/tips/6141/: <urlopen error [Errno 8] nodename nor servname provided, or not known>
  [ERROR] https://koeln.mitvergnuegen.com/api/v1/tips/6144/: <urlopen error [Errno 8] nodename nor servname provided, or not known>
  [ERROR] https://koeln.mitvergnuegen.com/api/v1/tips/6155/: <urlopen error [Errno 8] nodename nor servname provided, or not known>
  [ERROR] https://koeln.mitvergnuegen.com/api/v1/tips/6159/: <urlopen error [Errno 8] nodename nor servname provided, or not known>
  [ERROR] https://koeln.mitvergnuegen.com/api/v1/tips/6242/: <urlopen error [Errno 8] nodename nor servname provided, or not known>
  [ERROR] https://koeln.mitvergnuegen.com/api/v1/tips/6246/: <urlopen error [Errno 8] nodename nor servname provided, or not known>
  [ERROR] https://koeln.mitvergnuegen.com/api/v1/tips/6249/: <urlopen error [Errno 8] nodename nor servname provided, or not known>
  [ERROR] https://koeln.mitvergnuegen.com/api/v1/tips/6258/: <urlopen error [Errno 8] nodename nor servname provided, or not known>
  [ERROR] https://koeln.mitvergnuegen.com/api/v1/tips/6315/: <urlopen error [Errno 8] nodename nor servname provided, or not known>
  [ERROR] https://koeln.mitvergnuegen.com/api/v1/tips/6325/: <urlopen error [Errno 8] nodename nor servname provided, or not known>
  [ERROR] https://koeln.mitvergnuegen.com/api/v1/tips/6331/: <urlopen error [Errno 8] nodename nor servname provided, or not known>
  [ERROR] https://koeln.mitvergnuegen.com/api/v1/tips/6340/: <urlopen error [Errno 8] nodename nor servname provided, or not known>
  [ERROR] https://koeln.mitvergnuegen.com/api/v1/tips/6346/: <urlopen error [Errno 8] nodename nor servname provided, or not known>
  [ERROR] https://koeln.mitvergnuegen.com/api/v1/tips/6350/: <urlopen error [Errno 8] nodename nor servname provided, or not known>
  [ERROR] https://koeln.mitvergnuegen.com/api/v1/tips/6379/: <urlopen error [Errno 8] nodename nor servname provided, or not known>
  [ERROR] https://koeln.mitvergnuegen.com/api/v1/tips/6388/: <urlopen error [Errno 8] nodename nor servname provided, or not known>
  [ERROR] https://koeln.mitvergnuegen.com/api/v1/tips/6536/: <urlopen error [Errno 8] nodename nor servname provided, or not known>
  [ERROR] https://koeln.mitvergnuegen.com/api/v1/tips/6539/: <urlopen error [Errno 8] nodename nor servname provided, or not known>
  [ERROR] https://koeln.mitvergnuegen.com/api/v1/tips/6587/: <urlopen error [Errno 8] nodename nor servname provided, or not known>
  [ERROR] https://koeln.mitvergnuegen.com/api/v1/tips/6663/: <urlopen error [Errno 8] nodename nor servname provided, or not known>
  [ERROR] https://koeln.mitvergnuegen.com/api/v1/tips/6715/: <urlopen error [Errno 8] nodename nor servname provided, or not known>
  [ERROR] https://koeln.mitvergnuegen.com/api/v1/tips/6718/: <urlopen error [Errno 8] nodename nor servname provided, or not known>
  [ERROR] https://koeln.mitvergnuegen.com/api/v1/tips/6723/: <urlopen error [Errno 8] nodename nor servname provided, or not known>
  [ERROR] https://koeln.mitvergnuegen.com/api/v1/tips/6733/: <urlopen error [Errno 8] nodename nor servname provided, or not known>
  [ERROR] https://koeln.mitvergnuegen.com/api/v1/tips/6741/: <urlopen error [Errno 8] nodename nor servname provided, or not known>
  [ERROR] https://koeln.mitvergnuegen.com/api/v1/tips/6745/: <urlopen error [Errno 8] nodename nor servname provided, or not known>
  [ERROR] https://koeln.mitvergnuegen.com/api/v1/tips/6749/: <urlopen error [Errno 8] nodename nor servname provided, or not known>
  [ERROR] https://koeln.mitvergnuegen.com/api/v1/tips/6752/: <urlopen error [Errno 8] nodename nor servname provided, or not known>
  [ERROR] https://koeln.mitvergnuegen.com/api/v1/tips/6763/: <urlopen error [Errno 8] nodename nor servname provided, or not known>
  [ERROR] https://koeln.mitvergnuegen.com/api/v1/tips/6767/: <urlopen error [Errno 8] nodename nor servname provided, or not known>
  [ERROR] https://koeln.mitvergnuegen.com/api/v1/tips/6771/: <urlopen error [Errno 8] nodename nor servname provided, or not known>
  [ERROR] https://koeln.mitvergnuegen.com/api/v1/tips/6782/: <urlopen error [Errno 8] nodename nor servname provided, or not known>
  [ERROR] https://koeln.mitvergnuegen.com/api/v1/tips/6874/: <urlopen error [Errno 8] nodename nor servname provided, or not known>
  [ERROR] https://koeln.mitvergnuegen.com/api/v1/tips/6882/: <urlopen error [Errno 8] nodename nor servname provided, or not known>
  [ERROR] https://koeln.mitvergnuegen.com/api/v1/tips/6887/: <urlopen error [Errno 8] nodename nor servname provided, or not known>
  [ERROR] https://koeln.mitvergnuegen.com/api/v1/tips/6922/: <urlopen error [Errno 8] nodename nor servname provided, or not known>
  [ERROR] https://koeln.mitvergnuegen.com/api/v1/tips/6938/: <urlopen error [Errno 8] nodename nor servname provided, or not known>
  [ERROR] https://koeln.mitvergnuegen.com/api/v1/tips/6942/: <urlopen error [Errno 8] nodename nor servname provided, or not known>
  [ERROR] https://koeln.mitvergnuegen.com/api/v1/tips/6950/: <urlopen error [Errno 8] nodename nor servname provided, or not known>
  [ERROR] https://koeln.mitvergnuegen.com/api/v1/tips/7073/: <urlopen error [Errno 8] nodename nor servname provided, or not known>
  [ERROR] https://koeln.mitvergnuegen.com/api/v1/tips/7115/: <urlopen error [Errno 8] nodename nor servname provided, or not known>
  [ERROR] https://koeln.mitvergnuegen.com/api/v1/tips/7122/: <urlopen error [Errno 8] nodename nor servname provided, or not known>
  [ERROR] https://koeln.mitvergnuegen.com/api/v1/tips/7164/: <urlopen error [Errno 8] nodename nor servname provided, or not known>
  [ERROR] https://koeln.mitvergnuegen.com/api/v1/tips/7208/: <urlopen error [Errno 8] nodename nor servname provided, or not known>
  [ERROR] https://koeln.mitvergnuegen.com/api/v1/tips/7267/: <urlopen error [Errno 8] nodename nor servname provided, or not known>
  [ERROR] https://koeln.mitvergnuegen.com/api/v1/tips/7290/: <urlopen error [Errno 8] nodename nor servname provided, or not known>
  [ERROR] https://koeln.mitvergnuegen.com/api/v1/tips/7296/: <urlopen error [Errno 8] nodename nor servname provided, or not known>
  [ERROR] https://koeln.mitvergnuegen.com/api/v1/tips/7301/: <urlopen error [Errno 8] nodename nor servname provided, or not known>
  [ERROR] https://koeln.mitvergnuegen.com/api/v1/tips/7306/: <urlopen error [Errno 8] nodename nor servname provided, or not known>
  [ERROR] https://koeln.mitvergnuegen.com/api/v1/tips/7311/: <urlopen error [Errno 8] nodename nor servname provided, or not known>
  [ERROR] https://koeln.mitvergnuegen.com/api/v1/tips/7404/: <urlopen error [Errno 8] nodename nor servname provided, or not known>
  [ERROR] https://koeln.mitvergnuegen.com/api/v1/tips/7486/: <urlopen error [Errno 8] nodename nor servname provided, or not known>
  [ERROR] https://koeln.mitvergnuegen.com/api/v1/tips/7526/: <urlopen error [Errno 8] nodename nor servname provided, or not known>
  [ERROR] https://koeln.mitvergnuegen.com/api/v1/tips/7551/: <urlopen error [Errno 8] nodename nor servname provided, or not known>
  [ERROR] https://koeln.mitvergnuegen.com/api/v1/tips/7555/: <urlopen error [Errno 8] nodename nor servname provided, or not known>
  [ERROR] https://koeln.mitvergnuegen.com/api/v1/tips/7560/: <urlopen error [Errno 8] nodename nor servname provided, or not known>
  [ERROR] https://koeln.mitvergnuegen.com/api/v1/tips/7565/: <urlopen error [Errno 8] nodename nor servname provided, or not known>
  [ERROR] https://koeln.mitvergnuegen.com/api/v1/tips/7789/: <urlopen error [Errno 8] nodename nor servname provided, or not known>
  [ERROR] https://koeln.mitvergnuegen.com/api/v1/tips/7792/: <urlopen error [Errno 8] nodename nor servname provided, or not known>
  [ERROR] https://koeln.mitvergnuegen.com/api/v1/tips/7796/: <urlopen error [Errno 8] nodename nor servname provided, or not known>
  [ERROR] https://koeln.mitvergnuegen.com/api/v1/tips/7798/: <urlopen error [Errno 8] nodename nor servname provided, or not known>
  [ERROR] https://koeln.mitvergnuegen.com/api/v1/tips/7801/: <urlopen error [Errno 8] nodename nor servname provided, or not known>
  [ERROR] https://koeln.mitvergnuegen.com/api/v1/tips/7804/: <urlopen error [Errno 8] nodename nor servname provided, or not known>
  [ERROR] https://koeln.mitvergnuegen.com/api/v1/tips/7809/: <urlopen error [Errno 8] nodename nor servname provided, or not known>
  [ERROR] https://koeln.mitvergnuegen.com/api/v1/tips/7811/: <urlopen error [Errno 8] nodename nor servname provided, or not known>
  [ERROR] https://koeln.mitvergnuegen.com/api/v1/tips/7988/: <urlopen error [Errno 8] nodename nor servname provided, or not known>
  [ERROR] https://koeln.mitvergnuegen.com/api/v1/tips/7993/: <urlopen error [Errno 8] nodename nor servname provided, or not known>
  [ERROR] https://koeln.mitvergnuegen.com/api/v1/tips/8093/: <urlopen error [Errno 8] nodename nor servname provided, or not known>
  [ERROR] https://koeln.mitvergnuegen.com/api/v1/tips/8120/: <urlopen error [Errno 8] nodename nor servname provided, or not known>
  [ERROR] https://koeln.mitvergnuegen.com/api/v1/tips/8122/: <urlopen error [Errno 8] nodename nor servname provided, or not known>
  [ERROR] https://koeln.mitvergnuegen.com/api/v1/tips/8124/: <urlopen error [Errno 8] nodename nor servname provided, or not known>
  [ERROR] https://koeln.mitvergnuegen.com/api/v1/tips/8342/: <urlopen error [Errno 8] nodename nor servname provided, or not known>
  [ERROR] https://koeln.mitvergnuegen.com/api/v1/tips/8344/: <urlopen error [Errno 8] nodename nor servname provided, or not known>
  [ERROR] https://koeln.mitvergnuegen.com/api/v1/tips/8347/: <urlopen error [Errno 8] nodename nor servname provided, or not known>
  [ERROR] https://koeln.mitvergnuegen.com/api/v1/tips/8349/: <urlopen error [Errno 8] nodename nor servname provided, or not known>
  [ERROR] https://koeln.mitvergnuegen.com/api/v1/tips/8353/: <urlopen error [Errno 8] nodename nor servname provided, or not known>
  [ERROR] https://koeln.mitvergnuegen.com/api/v1/tips/8404/: <urlopen error [Errno 8] nodename nor servname provided, or not known>
  [ERROR] https://koeln.mitvergnuegen.com/api/v1/tips/8450/: <urlopen error [Errno 8] nodename nor servname provided, or not known>
  [ERROR] https://koeln.mitvergnuegen.com/api/v1/tips/8454/: <urlopen error [Errno 8] nodename nor servname provided, or not known>
  [ERROR] https://koeln.mitvergnuegen.com/api/v1/tips/8567/: <urlopen error [Errno 8] nodename nor servname provided, or not known>
  [ERROR] https://koeln.mitvergnuegen.com/api/v1/tips/8587/: <urlopen error [Errno 8] nodename nor servname provided, or not known>
  [ERROR] https://koeln.mitvergnuegen.com/api/v1/tips/8592/: <urlopen error [Errno 8] nodename nor servname provided, or not known>
  [ERROR] https://koeln.mitvergnuegen.com/api/v1/tips/8597/: <urlopen error [Errno 8] nodename nor servname provided, or not known>
  [ERROR] https://koeln.mitvergnuegen.com/api/v1/tips/8604/: <urlopen error [Errno 8] nodename nor servname provided, or not known>
  [ERROR] https://koeln.mitvergnuegen.com/api/v1/tips/8611/: <urlopen error [Errno 8] nodename nor servname provided, or not known>
  [ERROR] https://koeln.mitvergnuegen.com/api/v1/tips/8626/: <urlopen error [Errno 8] nodename nor servname provided, or not known>
  [ERROR] https://koeln.mitvergnuegen.com/api/v1/tips/8702/: <urlopen error [Errno 8] nodename nor servname provided, or not known>
  [ERROR] https://koeln.mitvergnuegen.com/api/v1/tips/8706/: <urlopen error [Errno 8] nodename nor servname provided, or not known>
  [ERROR] https://koeln.mitvergnuegen.com/api/v1/tips/8707/: <urlopen error [Errno 8] nodename nor servname provided, or not known>
  [ERROR] https://koeln.mitvergnuegen.com/api/v1/tips/8708/: <urlopen error [Errno 8] nodename nor servname provided, or not known>
  [ERROR] https://koeln.mitvergnuegen.com/api/v1/tips/8716/: <urlopen error [Errno 8] nodename nor servname provided, or not known>
  [ERROR] https://koeln.mitvergnuegen.com/api/v1/tips/8718/: <urlopen error [Errno 8] nodename nor servname provided, or not known>
  [ERROR] https://koeln.mitvergnuegen.com/api/v1/tips/8720/: <urlopen error [Errno 8] nodename nor servname provided, or not known>
  [ERROR] https://koeln.mitvergnuegen.com/api/v1/tips/8721/: <urlopen error [Errno 8] nodename nor servname provided, or not known>
  [ERROR] https://koeln.mitvergnuegen.com/api/v1/tips/8723/: <urlopen error [Errno 8] nodename nor servname provided, or not known>
  [ERROR] https://koeln.mitvergnuegen.com/api/v1/tips/8727/: <urlopen error [Errno 8] nodename nor servname provided, or not known>
  [ERROR] https://koeln.mitvergnuegen.com/api/v1/tips/8744/: <urlopen error [Errno 8] nodename nor servname provided, or not known>
  [ERROR] https://koeln.mitvergnuegen.com/api/v1/tips/8748/: <urlopen error [Errno 8] nodename nor servname provided, or not known>
  [ERROR] https://koeln.mitvergnuegen.com/api/v1/tips/8752/: <urlopen error [Errno 8] nodename nor servname provided, or not known>
  [ERROR] https://koeln.mitvergnuegen.com/api/v1/tips/8768/: <urlopen error [Errno 8] nodename nor servname provided, or not known>
  [ERROR] https://koeln.mitvergnuegen.com/api/v1/tips/8779/: <urlopen error [Errno 8] nodename nor servname provided, or not known>
  [ERROR] https://koeln.mitvergnuegen.com/api/v1/tips/8808/: <urlopen error [Errno 8] nodename nor servname provided, or not known>
  [ERROR] https://koeln.mitvergnuegen.com/api/v1/tips/8830/: <urlopen error [Errno 8] nodename nor servname provided, or not known>
  [ERROR] https://koeln.mitvergnuegen.com/api/v1/tips/8838/: <urlopen error [Errno 8] nodename nor servname provided, or not known>
  [ERROR] https://koeln.mitvergnuegen.com/api/v1/tips/8954/: <urlopen error [Errno 8] nodename nor servname provided, or not known>
  [ERROR] https://koeln.mitvergnuegen.com/api/v1/tips/8961/: <urlopen error [Errno 8] nodename nor servname provided, or not known>
  [ERROR] https://koeln.mitvergnuegen.com/api/v1/tips/8974/: <urlopen error [Errno 8] nodename nor servname provided, or not known>
  [ERROR] https://koeln.mitvergnuegen.com/api/v1/tips/9091/: <urlopen error [Errno 8] nodename nor servname provided, or not known>
  [ERROR] https://koeln.mitvergnuegen.com/api/v1/tips/9142/: <urlopen error [Errno 8] nodename nor servname provided, or not known>
  [ERROR] https://koeln.mitvergnuegen.com/api/v1/tips/9143/: <urlopen error [Errno 8] nodename nor servname provided, or not known>
  [ERROR] https://koeln.mitvergnuegen.com/api/v1/tips/9149/: <urlopen error [Errno 8] nodename nor servname provided, or not known>
  [ERROR] https://koeln.mitvergnuegen.com/api/v1/tips/9157/: <urlopen error [Errno 8] nodename nor servname provided, or not known>
  [ERROR] https://koeln.mitvergnuegen.com/api/v1/tips/9159/: <urlopen error [Errno 8] nodename nor servname provided, or not known>
  [ERROR] https://koeln.mitvergnuegen.com/api/v1/tips/9162/: <urlopen error [Errno 8] nodename nor servname provided, or not known>
  [ERROR] https://koeln.mitvergnuegen.com/api/v1/tips/9173/: <urlopen error [Errno 8] nodename nor servname provided, or not known>
  [ERROR] https://koeln.mitvergnuegen.com/api/v1/tips/9183/: <urlopen error [Errno 8] nodename nor servname provided, or not known>
  [ERROR] https://koeln.mitvergnuegen.com/api/v1/tips/9184/: <urlopen error [Errno 8] nodename nor servname provided, or not known>
  [ERROR] https://koeln.mitvergnuegen.com/api/v1/tips/9191/: <urlopen error [Errno 8] nodename nor servname provided, or not known>
  [ERROR] https://koeln.mitvergnuegen.com/api/v1/tips/9198/: <urlopen error [Errno 8] nodename nor servname provided, or not known>
  [ERROR] https://koeln.mitvergnuegen.com/api/v1/tips/9239/: <urlopen error [Errno 8] nodename nor servname provided, or not known>
  [ERROR] https://koeln.mitvergnuegen.com/api/v1/tips/9276/: <urlopen error [Errno 8] nodename nor servname provided, or not known>
  [ERROR] https://koeln.mitvergnuegen.com/api/v1/tips/9426/: <urlopen error [Errno 8] nodename nor servname provided, or not known>
  [ERROR] https://koeln.mitvergnuegen.com/api/v1/tips/9431/: <urlopen error [Errno 8] nodename nor servname provided, or not known>
  [ERROR] https://koeln.mitvergnuegen.com/api/v1/tips/9434/: <urlopen error [Errno 8] nodename nor servname provided, or not known>
  [ERROR] https://koeln.mitvergnuegen.com/api/v1/tips/9441/: <urlopen error [Errno 8] nodename nor servname provided, or not known>
  [ERROR] https://koeln.mitvergnuegen.com/api/v1/tips/9517/: <urlopen error [Errno 8] nodename nor servname provided, or not known>
  [ERROR] https://koeln.mitvergnuegen.com/api/v1/tips/9521/: <urlopen error [Errno 8] nodename nor servname provided, or not known>
  [ERROR] https://koeln.mitvergnuegen.com/api/v1/tips/9526/: <urlopen error [Errno 8] nodename nor servname provided, or not known>
  [ERROR] https://koeln.mitvergnuegen.com/api/v1/tips/9531/: <urlopen error [Errno 8] nodename nor servname provided, or not known>
  [ERROR] https://koeln.mitvergnuegen.com/api/v1/tips/9546/: <urlopen error [Errno 8] nodename nor servname provided, or not known>
  [ERROR] https://koeln.mitvergnuegen.com/api/v1/tips/9559/: <urlopen error [Errno 8] nodename nor servname provided, or not known>
  [ERROR] https://koeln.mitvergnuegen.com/api/v1/tips/9578/: <urlopen error [Errno 8] nodename nor servname provided, or not known>
  [ERROR] https://koeln.mitvergnuegen.com/api/v1/tips/9724/: <urlopen error [Errno 8] nodename nor servname provided, or not known>
  [ERROR] https://koeln.mitvergnuegen.com/api/v1/tips/9751/: <urlopen error [Errno 8] nodename nor servname provided, or not known>
  [ERROR] https://koeln.mitvergnuegen.com/api/v1/tips/9755/: <urlopen error [Errno 8] nodename nor servname provided, or not known>
  [ERROR] https://koeln.mitvergnuegen.com/api/v1/tips/9783/: <urlopen error [Errno 8] nodename nor servname provided, or not known>
  [ERROR] https://koeln.mitvergnuegen.com/api/v1/tips/9786/: <urlopen error [Errno 8] nodename nor servname provided, or not known>
  [ERROR] https://koeln.mitvergnuegen.com/api/v1/tips/9789/: <urlopen error [Errno 8] nodename nor servname provided, or not known>
  [ERROR] https://koeln.mitvergnuegen.com/api/v1/tips/9793/: <urlopen error [Errno 8] nodename nor servname provided, or not known>
  [ERROR] https://koeln.mitvergnuegen.com/api/v1/tips/9805/: <urlopen error [Errno 8] nodename nor servname provided, or not known>
  [ERROR] https://koeln.mitvergnuegen.com/api/v1/tips/9817/: <urlopen error [Errno 8] nodename nor servname provided, or not known>
  [ERROR] https://koeln.mitvergnuegen.com/api/v1/tips/9860/: <urlopen error [Errno 8] nodename nor servname provided, or not known>
  [ERROR] https://koeln.mitvergnuegen.com/api/v1/tips/9876/: <urlopen error [Errno 8] nodename nor servname provided, or not known>
  [ERROR] https://koeln.mitvergnuegen.com/api/v1/tips/9910/: <urlopen error [Errno 8] nodename nor servname provided, or not known>
  [ERROR] https://koeln.mitvergnuegen.com/api/v1/tips/10012/: <urlopen error [Errno 8] nodename nor servname provided, or not known>
  [ERROR] https://koeln.mitvergnuegen.com/api/v1/tips/10041/: <urlopen error [Errno 8] nodename nor servname provided, or not known>
  [ERROR] https://koeln.mitvergnuegen.com/api/v1/tips/10045/: <urlopen error [Errno 8] nodename nor servname provided, or not known>
  [ERROR] https://koeln.mitvergnuegen.com/api/v1/tips/10047/: <urlopen error [Errno 8] nodename nor servname provided, or not known>
  [ERROR] https://koeln.mitvergnuegen.com/api/v1/tips/10061/: <urlopen error [Errno 8] nodename nor servname provided, or not known>
  [ERROR] https://koeln.mitvergnuegen.com/api/v1/tips/10120/: <urlopen error [Errno 8] nodename nor servname provided, or not known>
  [ERROR] https://koeln.mitvergnuegen.com/api/v1/tips/10123/: <urlopen error [Errno 8] nodename nor servname provided, or not known>
  [ERROR] https://koeln.mitvergnuegen.com/api/v1/tips/10130/: <urlopen error [Errno 8] nodename nor servname provided, or not known>
  [ERROR] https://koeln.mitvergnuegen.com/api/v1/tips/10138/: <urlopen error [Errno 8] nodename nor servname provided, or not known>
  [ERROR] https://koeln.mitvergnuegen.com/api/v1/tips/10162/: <urlopen error [Errno 8] nodename nor servname provided, or not known>
  [ERROR] https://koeln.mitvergnuegen.com/api/v1/tips/10166/: <urlopen error [Errno 8] nodename nor servname provided, or not known>
  [ERROR] https://koeln.mitvergnuegen.com/api/v1/tips/10171/: <urlopen error [Errno 8] nodename nor servname provided, or not known>
  [ERROR] https://koeln.mitvergnuegen.com/api/v1/tips/10183/: <urlopen error [Errno 8] nodename nor servname provided, or not known>
  [ERROR] https://koeln.mitvergnuegen.com/api/v1/tips/10187/: <urlopen error [Errno 8] nodename nor servname provided, or not known>
  [ERROR] https://koeln.mitvergnuegen.com/api/v1/tips/10200/: <urlopen error [Errno 8] nodename nor servname provided, or not known>
  [ERROR] https://koeln.mitvergnuegen.com/api/v1/tips/10209/: <urlopen error [Errno 8] nodename nor servname provided, or not known>
  [ERROR] https://koeln.mitvergnuegen.com/api/v1/tips/10211/: <urlopen error [Errno 8] nodename nor servname provided, or not known>
  [ERROR] https://koeln.mitvergnuegen.com/api/v1/tips/10236/: <urlopen error [Errno 8] nodename nor servname provided, or not known>
  [ERROR] https://koeln.mitvergnuegen.com/api/v1/tips/10250/: <urlopen error [Errno 8] nodename nor servname provided, or not known>
  [ERROR] https://koeln.mitvergnuegen.com/api/v1/tips/10256/: <urlopen error [Errno 8] nodename nor servname provided, or not known>
  [ERROR] https://koeln.mitvergnuegen.com/api/v1/tips/10260/: <urlopen error [Errno 8] nodename nor servname provided, or not known>
  [ERROR] https://koeln.mitvergnuegen.com/api/v1/tips/10371/: <urlopen error [Errno 8] nodename nor servname provided, or not known>
  [ERROR] https://koeln.mitvergnuegen.com/api/v1/tips/10374/: <urlopen error [Errno 8] nodename nor servname provided, or not known>
  [ERROR] https://koeln.mitvergnuegen.com/api/v1/tips/10388/: <urlopen error [Errno 8] nodename nor servname provided, or not known>
  [ERROR] https://koeln.mitvergnuegen.com/api/v1/tips/10418/: <urlopen error [Errno 8] nodename nor servname provided, or not known>
  [ERROR] https://koeln.mitvergnuegen.com/api/v1/tips/10457/: <urlopen error [Errno 8] nodename nor servname provided, or not known>
  [ERROR] https://koeln.mitvergnuegen.com/api/v1/tips/10822/: <urlopen error [Errno 8] nodename nor servname provided, or not known>
  [ERROR] https://koeln.mitvergnuegen.com/api/v1/tips/10836/: <urlopen error [Errno 8] nodename nor servname provided, or not known>
  [ERROR] https://koeln.mitvergnuegen.com/api/v1/tips/10848/: <urlopen error [Errno 8] nodename nor servname provided, or not known>
  [ERROR] https://koeln.mitvergnuegen.com/api/v1/tips/10852/: <urlopen error [Errno 8] nodename nor servname provided, or not known>
  [ERROR] https://koeln.mitvergnuegen.com/api/v1/tips/10854/: <urlopen error [Errno 8] nodename nor servname provided, or not known>
  [ERROR] https://koeln.mitvergnuegen.com/api/v1/tips/10857/: <urlopen error [Errno 8] nodename nor servname provided, or not known>
  [ERROR] https://koeln.mitvergnuegen.com/api/v1/tips/10859/: <urlopen error [Errno 8] nodename nor servname provided, or not known>
  [ERROR] https://koeln.mitvergnuegen.com/api/v1/tips/10863/: <urlopen error [Errno 8] nodename nor servname provided, or not known>
  [ERROR] https://koeln.mitvergnuegen.com/api/v1/tips/10877/: <urlopen error [Errno 8] nodename nor servname provided, or not known>
  [ERROR] https://koeln.mitvergnuegen.com/api/v1/tips/10881/: <urlopen error [Errno 8] nodename nor servname provided, or not known>
  [ERROR] https://koeln.mitvergnuegen.com/api/v1/tips/10976/: <urlopen error [Errno 8] nodename nor servname provided, or not known>
  [ERROR] https://koeln.mitvergnuegen.com/api/v1/tips/11036/: <urlopen error [Errno 8] nodename nor servname provided, or not known>
  [ERROR] https://koeln.mitvergnuegen.com/api/v1/tips/11078/: <urlopen error [Errno 8] nodename nor servname provided, or not known>
  [ERROR] https://koeln.mitvergnuegen.com/api/v1/tips/11113/: <urlopen error [Errno 8] nodename nor servname provided, or not known>
  [ERROR] https://koeln.mitvergnuegen.com/api/v1/tips/11116/: <urlopen error [Errno 8] nodename nor servname provided, or not known>
  [ERROR] https://koeln.mitvergnuegen.com/api/v1/tips/11119/: <urlopen error [Errno 8] nodename nor servname provided, or not known>
  [ERROR] https://koeln.mitvergnuegen.com/api/v1/tips/11122/: <urlopen error [Errno 8] nodename nor servname provided, or not known>
  [ERROR] https://koeln.mitvergnuegen.com/api/v1/tips/11125/: <urlopen error [Errno 8] nodename nor servname provided, or not known>
  [ERROR] https://koeln.mitvergnuegen.com/api/v1/tips/11131/: <urlopen error [Errno 8] nodename nor servname provided, or not known>
  [ERROR] https://koeln.mitvergnuegen.com/api/v1/tips/11135/: <urlopen error [Errno 8] nodename nor servname provided, or not known>
  [ERROR] https://koeln.mitvergnuegen.com/api/v1/tips/11139/: <urlopen error [Errno 8] nodename nor servname provided, or not known>
  [ERROR] https://koeln.mitvergnuegen.com/api/v1/tips/11141/: <urlopen error [Errno 8] nodename nor servname provided, or not known>
  [ERROR] https://koeln.mitvergnuegen.com/api/v1/tips/11145/: <urlopen error [Errno 8] nodename nor servname provided, or not known>
  [ERROR] https://koeln.mitvergnuegen.com/api/v1/tips/11189/: <urlopen error [Errno 8] nodename nor servname provided, or not known>
  [ERROR] https://koeln.mitvergnuegen.com/api/v1/tips/11480/: <urlopen error [Errno 8] nodename nor servname provided, or not known>
  [ERROR] https://koeln.mitvergnuegen.com/api/v1/tips/11486/: <urlopen error [Errno 8] nodename nor servname provided, or not known>
  [ERROR] https://koeln.mitvergnuegen.com/api/v1/tips/11544/: <urlopen error [Errno 8] nodename nor servname provided, or not known>
  [ERROR] https://koeln.mitvergnuegen.com/api/v1/tips/11550/: <urlopen error [Errno 8] nodename nor servname provided, or not known>
  [ERROR] https://koeln.mitvergnuegen.com/api/v1/tips/11554/: <urlopen error [Errno 8] nodename nor servname provided, or not known>
  [ERROR] https://koeln.mitvergnuegen.com/api/v1/tips/11561/: <urlopen error [Errno 8] nodename nor servname provided, or not known>
  [ERROR] https://koeln.mitvergnuegen.com/api/v1/tips/11572/: <urlopen error [Errno 8] nodename nor servname provided, or not known>
  [ERROR] https://koeln.mitvergnuegen.com/api/v1/tips/11617/: <urlopen error [Errno 8] nodename nor servname provided, or not known>
  [ERROR] https://koeln.mitvergnuegen.com/api/v1/tips/11664/: <urlopen error [Errno 8] nodename nor servname provided, or not known>
  [ERROR] https://koeln.mitvergnuegen.com/api/v1/tips/11677/: <urlopen error [Errno 8] nodename nor servname provided, or not known>
  [ERROR] https://koeln.mitvergnuegen.com/api/v1/tips/11743/: <urlopen error [Errno 8] nodename nor servname provided, or not known>
  [ERROR] https://koeln.mitvergnuegen.com/api/v1/tips/11747/: <urlopen error [Errno 8] nodename nor servname provided, or not known>
  [ERROR] https://koeln.mitvergnuegen.com/api/v1/tips/11791/: <urlopen error [Errno 8] nodename nor servname provided, or not known>
  [ERROR] https://koeln.mitvergnuegen.com/api/v1/tips/11795/: <urlopen error [Errno 8] nodename nor servname provided, or not known>
  [ERROR] https://koeln.mitvergnuegen.com/api/v1/tips/11871/: <urlopen error [Errno 8] nodename nor servname provided, or not known>
  [ERROR] https://koeln.mitvergnuegen.com/api/v1/tips/11983/: <urlopen error [Errno 8] nodename nor servname provided, or not known>
  [ERROR] https://koeln.mitvergnuegen.com/api/v1/tips/11988/: <urlopen error [Errno 8] nodename nor servname provided, or not known>
  [ERROR] https://koeln.mitvergnuegen.com/api/v1/tips/12079/: <urlopen error [Errno 8] nodename nor servname provided, or not known>
  [ERROR] https://koeln.mitvergnuegen.com/api/v1/tips/12088/: <urlopen error [Errno 8] nodename nor servname provided, or not known>
  [ERROR] https://koeln.mitvergnuegen.com/api/v1/tips/12093/: <urlopen error [Errno 8] nodename nor servname provided, or not known>
  [ERROR] https://koeln.mitvergnuegen.com/api/v1/tips/12100/: <urlopen error [Errno 8] nodename nor servname provided, or not known>
  [ERROR] https://koeln.mitvergnuegen.com/api/v1/tips/12108/: <urlopen error [Errno 8] nodename nor servname provided, or not known>
  [ERROR] https://koeln.mitvergnuegen.com/api/v1/tips/12126/: <urlopen error [Errno 8] nodename nor servname provided, or not known>
  [ERROR] https://koeln.mitvergnuegen.com/api/v1/tips/12273/: <urlopen error [Errno 8] nodename nor servname provided, or not known>
  [ERROR] https://koeln.mitvergnuegen.com/api/v1/tips/12459/: <urlopen error [Errno 8] nodename nor servname provided, or not known>
  [ERROR] https://koeln.mitvergnuegen.com/api/v1/tips/12570/: <urlopen error [Errno 8] nodename nor servname provided, or not known>
  [ERROR] https://koeln.mitvergnuegen.com/api/v1/tips/12622/: <urlopen error [Errno 8] nodename nor servname provided, or not known>
  [ERROR] https://koeln.mitvergnuegen.com/api/v1/tips/12698/: <urlopen error [Errno 8] nodename nor servname provided, or not known>
  [ERROR] https://koeln.mitvergnuegen.com/api/v1/tips/12709/: <urlopen error [Errno 8] nodename nor servname provided, or not known>
  [ERROR] https://koeln.mitvergnuegen.com/api/v1/tips/12860/: <urlopen error [Errno 8] nodename nor servname provided, or not known>
  [ERROR] https://koeln.mitvergnuegen.com/api/v1/tips/12877/: <urlopen error [Errno 8] nodename nor servname provided, or not known>
  [ERROR] https://koeln.mitvergnuegen.com/api/v1/tips/13100/: <urlopen error [Errno 8] nodename nor servname provided, or not known>
  [ERROR] https://koeln.mitvergnuegen.com/api/v1/tips/13106/: <urlopen error [Errno 8] nodename nor servname provided, or not known>
  [ERROR] https://koeln.mitvergnuegen.com/api/v1/tips/13266/: <urlopen error [Errno 8] nodename nor servname provided, or not known>
  [ERROR] https://koeln.mitvergnuegen.com/api/v1/tips/13268/: <urlopen error [Errno 8] nodename nor servname provided, or not known>
  [ERROR] https://koeln.mitvergnuegen.com/api/v1/tips/13330/: <urlopen error [Errno 8] nodename nor servname provided, or not known>
  [ERROR] https://koeln.mitvergnuegen.com/api/v1/tips/13341/: <urlopen error [Errno 8] nodename nor servname provided, or not known>
  [ERROR] https://koeln.mitvergnuegen.com/api/v1/tips/13345/: <urlopen error [Errno 8] nodename nor servname provided, or not known>
  [ERROR] https://koeln.mitvergnuegen.com/api/v1/tips/13373/: <urlopen error [Errno 8] nodename nor servname provided, or not known>
  [ERROR] https://koeln.mitvergnuegen.com/api/v1/tips/13376/: <urlopen error [Errno 8] nodename nor servname provided, or not known>
  [ERROR] https://koeln.mitvergnuegen.com/api/v1/tips/13379/: <urlopen error [Errno 8] nodename nor servname provided, or not known>
  [ERROR] https://koeln.mitvergnuegen.com/api/v1/tips/13390/: <urlopen error [Errno 8] nodename nor servname provided, or not known>
  [ERROR] https://koeln.mitvergnuegen.com/api/v1/tips/13395/: <urlopen error [Errno 8] nodename nor servname provided, or not known>
  [ERROR] https://koeln.mitvergnuegen.com/api/v1/tips/13442/: <urlopen error [Errno 8] nodename nor servname provided, or not known>
  [ERROR] https://koeln.mitvergnuegen.com/api/v1/tips/13467/: <urlopen error [Errno 8] nodename nor servname provided, or not known>
  [ERROR] https://koeln.mitvergnuegen.com/api/v1/tips/13476/: <urlopen error [Errno 8] nodename nor servname provided, or not known>
  [ERROR] https://koeln.mitvergnuegen.com/api/v1/tips/13481/: <urlopen error [Errno 8] nodename nor servname provided, or not known>
  [ERROR] https://koeln.mitvergnuegen.com/api/v1/tips/13520/: <urlopen error [Errno 8] nodename nor servname provided, or not known>
  [ERROR] https://koeln.mitvergnuegen.com/api/v1/tips/13524/: <urlopen error [Errno 8] nodename nor servname provided, or not known>
  [ERROR] https://koeln.mitvergnuegen.com/api/v1/tips/13615/: <urlopen error [Errno 8] nodename nor servname provided, or not known>
  [ERROR] https://koeln.mitvergnuegen.com/api/v1/tips/13618/: <urlopen error [Errno 8] nodename nor servname provided, or not known>
  [ERROR] https://koeln.mitvergnuegen.com/api/v1/tips/13656/: <urlopen error [Errno 8] nodename nor servname provided, or not known>
  [ERROR] https://koeln.mitvergnuegen.com/api/v1/tips/13668/: <urlopen error [Errno 8] nodename nor servname provided, or not known>
  [ERROR] https://koeln.mitvergnuegen.com/api/v1/tips/13672/: <urlopen error [Errno 8] nodename nor servname provided, or not known>
  [ERROR] https://koeln.mitvergnuegen.com/api/v1/tips/13684/: <urlopen error [Errno 8] nodename nor servname provided, or not known>
  [ERROR] https://koeln.mitvergnuegen.com/api/v1/tips/13688/: <urlopen error [Errno 8] nodename nor servname provided, or not known>
  [ERROR] https://koeln.mitvergnuegen.com/api/v1/tips/13707/: <urlopen error [Errno 8] nodename nor servname provided, or not known>
  [ERROR] https://koeln.mitvergnuegen.com/api/v1/tips/13712/: <urlopen error [Errno 8] nodename nor servname provided, or not known>
  [ERROR] https://koeln.mitvergnuegen.com/api/v1/tips/13714/: <urlopen error [Errno 8] nodename nor servname provided, or not known>
  [ERROR] https://koeln.mitvergnuegen.com/api/v1/tips/13727/: <urlopen error [Errno 8] nodename nor servname provided, or not known>
  [ERROR] https://koeln.mitvergnuegen.com/api/v1/tips/13730/: <urlopen error [Errno 8] nodename nor servname provided, or not known>
  [ERROR] https://koeln.mitvergnuegen.com/api/v1/tips/13869/: <urlopen error [Errno 8] nodename nor servname provided, or not known>
  [ERROR] https://koeln.mitvergnuegen.com/api/v1/tips/13870/: <urlopen error [Errno 8] nodename nor servname provided, or not known>
  [ERROR] https://koeln.mitvergnuegen.com/api/v1/tips/13875/: <urlopen error [Errno 8] nodename nor servname provided, or not known>
  [ERROR] https://koeln.mitvergnuegen.com/api/v1/tips/13882/: <urlopen error [Errno 8] nodename nor servname provided, or not known>
  [ERROR] https://koeln.mitvergnuegen.com/api/v1/tips/13889/: <urlopen error [Errno 8] nodename nor servname provided, or not known>
  [ERROR] https://koeln.mitvergnuegen.com/api/v1/tips/13916/: <urlopen error [Errno 8] nodename nor servname provided, or not known>
  [ERROR] https://koeln.mitvergnuegen.com/api/v1/tips/13917/: <urlopen error [Errno 8] nodename nor servname provided, or not known>
  [ERROR] https://koeln.mitvergnuegen.com/api/v1/tips/13922/: <urlopen error [Errno 8] nodename nor servname provided, or not known>
  [ERROR] https://koeln.mitvergnuegen.com/api/v1/tips/13956/: <urlopen error [Errno 8] nodename nor servname provided, or not known>
  [ERROR] https://koeln.mitvergnuegen.com/api/v1/tips/13959/: <urlopen error [Errno 8] nodename nor servname provided, or not known>
  [ERROR] https://koeln.mitvergnuegen.com/api/v1/tips/13962/: <urlopen error [Errno 8] nodename nor servname provided, or not known>
  [ERROR] https://koeln.mitvergnuegen.com/api/v1/tips/13972/: <urlopen error [Errno 8] nodename nor servname provided, or not known>
  [ERROR] https://koeln.mitvergnuegen.com/api/v1/tips/13983/: <urlopen error [Errno 8] nodename nor servname provided, or not known>
  [ERROR] https://koeln.mitvergnuegen.com/api/v1/tips/14003/: <urlopen error [Errno 8] nodename nor servname provided, or not known>
  [ERROR] https://koeln.mitvergnuegen.com/api/v1/tips/14009/: <urlopen error [Errno 8] nodename nor servname provided, or not known>
  [ERROR] https://koeln.mitvergnuegen.com/api/v1/tips/14078/: <urlopen error [Errno 8] nodename nor servname provided, or not known>
  [ERROR] https://koeln.mitvergnuegen.com/api/v1/tips/14079/: <urlopen error [Errno 8] nodename nor servname provided, or not known>
  [ERROR] https://koeln.mitvergnuegen.com/api/v1/tips/14082/: <urlopen error [Errno 8] nodename nor servname provided, or not known>
  [ERROR] https://koeln.mitvergnuegen.com/api/v1/tips/14089/: <urlopen error [Errno 8] nodename nor servname provided, or not known>
  [ERROR] https://koeln.mitvergnuegen.com/api/v1/tips/14093/: <urlopen error [Errno 8] nodename nor servname provided, or not known>
  [ERROR] https://koeln.mitvergnuegen.com/api/v1/tips/14097/: <urlopen error [Errno 8] nodename nor servname provided, or not known>
  [ERROR] https://koeln.mitvergnuegen.com/api/v1/tips/14102/: <urlopen error [Errno 8] nodename nor servname provided, or not known>
  [ERROR] https://koeln.mitvergnuegen.com/api/v1/tips/14109/: <urlopen error [Errno 8] nodename nor servname provided, or not known>
  [ERROR] https://koeln.mitvergnuegen.com/api/v1/tips/14140/: <urlopen error [Errno 8] nodename nor servname provided, or not known>
  [ERROR] https://koeln.mitvergnuegen.com/api/v1/tips/14144/: <urlopen error [Errno 8] nodename nor servname provided, or not known>
  [ERROR] https://koeln.mitvergnuegen.com/api/v1/tips/14145/: <urlopen error [Errno 8] nodename nor servname provided, or not known>
  [ERROR] https://koeln.mitvergnuegen.com/api/v1/tips/14147/: <urlopen error [Errno 8] nodename nor servname provided, or not known>
  [ERROR] https://koeln.mitvergnuegen.com/api/v1/tips/14156/: <urlopen error [Errno 8] nodename nor servname provided, or not known>
  [ERROR] https://koeln.mitvergnuegen.com/api/v1/tips/14157/: <urlopen error [Errno 8] nodename nor servname provided, or not known>
  [ERROR] https://koeln.mitvergnuegen.com/api/v1/tips/14158/: <urlopen error [Errno 8] nodename nor servname provided, or not known>
  [ERROR] https://koeln.mitvergnuegen.com/api/v1/tips/14160/: <urlopen error [Errno 8] nodename nor servname provided, or not known>
  [ERROR] https://koeln.mitvergnuegen.com/api/v1/tips/14162/: <urlopen error [Errno 8] nodename nor servname provided, or not known>
  [ERROR] https://koeln.mitvergnuegen.com/api/v1/tips/14165/: <urlopen error [Errno 8] nodename nor servname provided, or not known>
  [ERROR] https://koeln.mitvergnuegen.com/api/v1/tips/14168/: <urlopen error [Errno 8] nodename nor servname provided, or not known>
  [ERROR] https://koeln.mitvergnuegen.com/api/v1/tips/14220/: <urlopen error [Errno 8] nodename nor servname provided, or not known>
  [ERROR] https://koeln.mitvergnuegen.com/api/v1/tips/14233/: <urlopen error [Errno 8] nodename nor servname provided, or not known>
  [ERROR] https://koeln.mitvergnuegen.com/api/v1/tips/14237/: <urlopen error [Errno 8] nodename nor servname provided, or not known>
  [ERROR] https://koeln.mitvergnuegen.com/api/v1/tips/14246/: <urlopen error [Errno 8] nodename nor servname provided, or not known>
  [ERROR] https://koeln.mitvergnuegen.com/api/v1/tips/14275/: <urlopen error [Errno 8] nodename nor servname provided, or not known>
  [ERROR] https://koeln.mitvergnuegen.com/api/v1/tips/14534/: <urlopen error [Errno 8] nodename nor servname provided, or not known>
  [ERROR] https://koeln.mitvergnuegen.com/api/v1/tips/14561/: <urlopen error [Errno 8] nodename nor servname provided, or not known>
  [ERROR] https://koeln.mitvergnuegen.com/api/v1/tips/14664/: <urlopen error [Errno 8] nodename nor servname provided, or not known>
  [ERROR] https://koeln.mitvergnuegen.com/api/v1/tips/14666/: <urlopen error [Errno 8] nodename nor servname provided, or not known>
  [ERROR] https://koeln.mitvergnuegen.com/api/v1/tips/14671/: <urlopen error [Errno 8] nodename nor servname provided, or not known>
  [ERROR] https://koeln.mitvergnuegen.com/api/v1/tips/14672/: <urlopen error [Errno 8] nodename nor servname provided, or not known>
  [ERROR] https://koeln.mitvergnuegen.com/api/v1/tips/14675/: <urlopen error [Errno 8] nodename nor servname provided, or not known>
  [ERROR] https://koeln.mitvergnuegen.com/api/v1/tips/14699/: <urlopen error [Errno 8] nodename nor servname provided, or not known>
  [ERROR] https://koeln.mitvergnuegen.com/api/v1/tips/14737/: <urlopen error [Errno 8] nodename nor servname provided, or not known>
  [ERROR] https://koeln.mitvergnuegen.com/api/v1/tips/14849/: <urlopen error [Errno 8] nodename nor servname provided, or not known>
  [ERROR] https://koeln.mitvergnuegen.com/api/v1/tips/14878/: <urlopen error [Errno 8] nodename nor servname provided, or not known>
  [ERROR] https://koeln.mitvergnuegen.com/api/v1/tips/14892/: <urlopen error [Errno 8] nodename nor servname provided, or not known>
  [ERROR] https://koeln.mitvergnuegen.com/api/v1/tips/14894/: <urlopen error [Errno 8] nodename nor servname provided, or not known>
  [ERROR] https://koeln.mitvergnuegen.com/api/v1/tips/14896/: <urlopen error [Errno 8] nodename nor servname provided, or not known>
  [ERROR] https://koeln.mitvergnuegen.com/api/v1/tips/14906/: <urlopen error [Errno 8] nodename nor servname provided, or not known>
  [ERROR] https://koeln.mitvergnuegen.com/api/v1/tips/14927/: <urlopen error [Errno 8] nodename nor servname provided, or not known>
  [ERROR] https://koeln.mitvergnuegen.com/api/v1/tips/14932/: <urlopen error [Errno 8] nodename nor servname provided, or not known>
  [ERROR] https://koeln.mitvergnuegen.com/api/v1/tips/14936/: <urlopen error [Errno 8] nodename nor servname provided, or not known>
  [ERROR] https://koeln.mitvergnuegen.com/api/v1/tips/14943/: <urlopen error [Errno 8] nodename nor servname provided, or not known>
  [ERROR] https://koeln.mitvergnuegen.com/api/v1/tips/14958/: <urlopen error [Errno 8] nodename nor servname provided, or not known>
  [ERROR] https://koeln.mitvergnuegen.com/api/v1/tips/14961/: <urlopen error [Errno 8] nodename nor servname provided, or not known>
  [ERROR] https://koeln.mitvergnuegen.com/api/v1/tips/14964/: <urlopen error [Errno 8] nodename nor servname provided, or not known>
  [ERROR] https://koeln.mitvergnuegen.com/api/v1/tips/14971/: <urlopen error [Errno 8] nodename nor servname provided, or not known>
  [ERROR] https://koeln.mitvergnuegen.com/api/v1/tips/14995/: <urlopen error [Errno 8] nodename nor servname provided, or not known>
  [ERROR] https://koeln.mitvergnuegen.com/api/v1/tips/14999/: <urlopen error [Errno 8] nodename nor servname provided, or not known>
  [ERROR] https://koeln.mitvergnuegen.com/api/v1/tips/15072/: <urlopen error [Errno 8] nodename nor servname provided, or not known>
  [ERROR] https://koeln.mitvergnuegen.com/api/v1/tips/15101/: <urlopen error [Errno 8] nodename nor servname provided, or not known>
  [ERROR] https://koeln.mitvergnuegen.com/api/v1/tips/15105/: <urlopen error [Errno 8] nodename nor servname provided, or not known>
  [ERROR] https://koeln.mitvergnuegen.com/api/v1/tips/15110/: <urlopen error [Errno 8] nodename nor servname provided, or not known>
  [ERROR] https://koeln.mitvergnuegen.com/api/v1/tips/15113/: <urlopen error [Errno 8] nodename nor servname provided, or not known>
  [ERROR] https://koeln.mitvergnuegen.com/api/v1/tips/15176/: <urlopen error [Errno 8] nodename nor servname provided, or not known>
  [ERROR] https://koeln.mitvergnuegen.com/api/v1/tips/15216/: <urlopen error [Errno 8] nodename nor servname provided, or not known>
  [ERROR] https://koeln.mitvergnuegen.com/api/v1/tips/15219/: <urlopen error [Errno 8] nodename nor servname provided, or not known>
  [ERROR] https://koeln.mitvergnuegen.com/api/v1/tips/15222/: <urlopen error [Errno 8] nodename nor servname provided, or not known>
  [ERROR] https://koeln.mitvergnuegen.com/api/v1/tips/15226/: <urlopen error [Errno 8] nodename nor servname provided, or not known>
  [ERROR] https://koeln.mitvergnuegen.com/api/v1/tips/15230/: <urlopen error [Errno 8] nodename nor servname provided, or not known>
  [ERROR] https://koeln.mitvergnuegen.com/api/v1/tips/15233/: <urlopen error [Errno 8] nodename nor servname provided, or not known>
  [ERROR] https://koeln.mitvergnuegen.com/api/v1/tips/15288/: <urlopen error [Errno 8] nodename nor servname provided, or not known>
  [ERROR] https://koeln.mitvergnuegen.com/api/v1/tips/15360/: <urlopen error [Errno 8] nodename nor servname provided, or not known>
  [ERROR] https://koeln.mitvergnuegen.com/api/v1/tips/15364/: <urlopen error [Errno 8] nodename nor servname provided, or not known>
  [ERROR] https://koeln.mitvergnuegen.com/api/v1/tips/15469/: <urlopen error [Errno 8] nodename nor servname provided, or not known>
  [ERROR] https://koeln.mitvergnuegen.com/api/v1/tips/15525/: <urlopen error [Errno 8] nodename nor servname provided, or not known>
  [ERROR] https://koeln.mitvergnuegen.com/api/v1/tips/15548/: <urlopen error [Errno 8] nodename nor servname provided, or not known>
  [ERROR] https://koeln.mitvergnuegen.com/api/v1/tips/15557/: <urlopen error [Errno 8] nodename nor servname provided, or not known>
  [ERROR] https://koeln.mitvergnuegen.com/api/v1/tips/15570/: <urlopen error [Errno 8] nodename nor servname provided, or not known>
  [ERROR] https://koeln.mitvergnuegen.com/api/v1/tips/15587/: <urlopen error [Errno 8] nodename nor servname provided, or not known>
  [ERROR] https://koeln.mitvergnuegen.com/api/v1/tips/15628/: <urlopen error [Errno 8] nodename nor servname provided, or not known>
  [ERROR] https://koeln.mitvergnuegen.com/api/v1/tips/15638/: <urlopen error [Errno 8] nodename nor servname provided, or not known>
  [ERROR] https://koeln.mitvergnuegen.com/api/v1/tips/15714/: <urlopen error [Errno 8] nodename nor servname provided, or not known>
  [ERROR] https://koeln.mitvergnuegen.com/api/v1/tips/15717/: <urlopen error [Errno 8] nodename nor servname provided, or not known>
  [ERROR] https://koeln.mitvergnuegen.com/api/v1/tips/15722/: <urlopen error [Errno 8] nodename nor servname provided, or not known>
  [ERROR] https://koeln.mitvergnuegen.com/api/v1/tips/15724/: <urlopen error [Errno 8] nodename nor servname provided, or not known>
  [ERROR] https://koeln.mitvergnuegen.com/api/v1/tips/15727/: <urlopen error [Errno 8] nodename nor servname provided, or not known>
  [ERROR] https://koeln.mitvergnuegen.com/api/v1/tips/15731/: <urlopen error [Errno 8] nodename nor servname provided, or not known>
  [ERROR] https://koeln.mitvergnuegen.com/api/v1/tips/15732/: <urlopen error [Errno 8] nodename nor servname provided, or not known>
  [ERROR] https://koeln.mitvergnuegen.com/api/v1/tips/15734/: <urlopen error [Errno 8] nodename nor servname provided, or not known>
  [ERROR] https://koeln.mitvergnuegen.com/api/v1/tips/15736/: <urlopen error [Errno 8] nodename nor servname provided, or not known>
  [ERROR] https://koeln.mitvergnuegen.com/api/v1/tips/15795/: <urlopen error [Errno 8] nodename nor servname provided, or not known>
  [ERROR] https://koeln.mitvergnuegen.com/api/v1/tips/15981/: <urlopen error [Errno 8] nodename nor servname provided, or not known>
  [ERROR] https://koeln.mitvergnuegen.com/api/v1/tips/15985/: <urlopen error [Errno 8] nodename nor servname provided, or not known>
  [ERROR] https://koeln.mitvergnuegen.com/api/v1/tips/16000/: <urlopen error [Errno 8] nodename nor servname provided, or not known>
  [ERROR] https://koeln.mitvergnuegen.com/api/v1/tips/16005/: <urlopen error [Errno 8] nodename nor servname provided, or not known>
  [ERROR] https://koeln.mitvergnuegen.com/api/v1/tips/16159/: <urlopen error [Errno 8] nodename nor servname provided, or not known>
  [ERROR] https://koeln.mitvergnuegen.com/api/v1/tips/16197/: <urlopen error [Errno 8] nodename nor servname provided, or not known>
  [ERROR] https://koeln.mitvergnuegen.com/api/v1/tips/16451/: <urlopen error [Errno 8] nodename nor servname provided, or not known>
  [ERROR] https://koeln.mitvergnuegen.com/api/v1/tips/16462/: <urlopen error [Errno 8] nodename nor servname provided, or not known>
  [ERROR] https://koeln.mitvergnuegen.com/api/v1/tips/16468/: <urlopen error [Errno 8] nodename nor servname provided, or not known>
  [ERROR] https://koeln.mitvergnuegen.com/api/v1/tips/16472/: <urlopen error [Errno 8] nodename nor servname provided, or not known>
  [ERROR] https://koeln.mitvergnuegen.com/api/v1/tips/16475/: <urlopen error [Errno 8] nodename nor servname provided, or not known>
  [ERROR] https://koeln.mitvergnuegen.com/api/v1/tips/16485/: <urlopen error [Errno 8] nodename nor servname provided, or not known>
  [ERROR] https://koeln.mitvergnuegen.com/api/v1/tips/16550/: <urlopen error [Errno 8] nodename nor servname provided, or not known>
  [ERROR] https://koeln.mitvergnuegen.com/api/v1/tips/16598/: <urlopen error [Errno 8] nodename nor servname provided, or not known>
  [ERROR] https://koeln.mitvergnuegen.com/api/v1/tips/16601/: <urlopen error [Errno 8] nodename nor servname provided, or not known>
  [ERROR] https://koeln.mitvergnuegen.com/api/v1/tips/16604/: <urlopen error [Errno 8] nodename nor servname provided, or not known>
  [ERROR] https://koeln.mitvergnuegen.com/api/v1/tips/16607/: <urlopen error [Errno 8] nodename nor servname provided, or not known>
  [ERROR] https://koeln.mitvergnuegen.com/api/v1/tips/16621/: <urlopen error [Errno 8] nodename nor servname provided, or not known>
  [ERROR] https://koeln.mitvergnuegen.com/api/v1/tips/16625/: <urlopen error [Errno 8] nodename nor servname provided, or not known>
  [ERROR] https://koeln.mitvergnuegen.com/api/v1/tips/16628/: <urlopen error [Errno 8] nodename nor servname provided, or not known>
  [ERROR] https://koeln.mitvergnuegen.com/api/v1/tips/16633/: <urlopen error [Errno 8] nodename nor servname provided, or not known>
  [ERROR] https://koeln.mitvergnuegen.com/api/v1/tips/16651/: <urlopen error [Errno 8] nodename nor servname provided, or not known>
  [ERROR] https://koeln.mitvergnuegen.com/api/v1/tips/16672/: <urlopen error [Errno 8] nodename nor servname provided, or not known>
  [ERROR] https://koeln.mitvergnuegen.com/api/v1/tips/16684/: <urlopen error [Errno 8] nodename nor servname provided, or not known>
  [ERROR] https://koeln.mitvergnuegen.com/api/v1/tips/16745/: <urlopen error [Errno 8] nodename nor servname provided, or not known>
  [ERROR] https://koeln.mitvergnuegen.com/api/v1/tips/16754/: <urlopen error [Errno 8] nodename nor servname provided, or not known>
  [ERROR] https://koeln.mitvergnuegen.com/api/v1/tips/16786/: <urlopen error [Errno 8] nodename nor servname provided, or not known>
  [ERROR] https://koeln.mitvergnuegen.com/api/v1/tips/16796/: <urlopen error [Errno 8] nodename nor servname provided, or not known>
  [ERROR] https://koeln.mitvergnuegen.com/api/v1/tips/16798/: <urlopen error [Errno 8] nodename nor servname provided, or not known>
  [ERROR] https://koeln.mitvergnuegen.com/api/v1/tips/16802/: <urlopen error [Errno 8] nodename nor servname provided, or not known>
  [ERROR] https://koeln.mitvergnuegen.com/api/v1/tips/16807/: <urlopen error [Errno 8] nodename nor servname provided, or not known>
  [ERROR] https://koeln.mitvergnuegen.com/api/v1/tips/16808/: <urlopen error [Errno 8] nodename nor servname provided, or not known>
  [ERROR] https://koeln.mitvergnuegen.com/api/v1/tips/16813/: <urlopen error [Errno 8] nodename nor servname provided, or not known>
  [ERROR] https://koeln.mitvergnuegen.com/api/v1/tips/16859/: <urlopen error [Errno 8] nodename nor servname provided, or not known>
  [ERROR] https://koeln.mitvergnuegen.com/api/v1/tips/16861/: <urlopen error [Errno 8] nodename nor servname provided, or not known>
  [ERROR] https://koeln.mitvergnuegen.com/api/v1/tips/16864/: <urlopen error [Errno 8] nodename nor servname provided, or not known>
  [ERROR] https://koeln.mitvergnuegen.com/api/v1/tips/16868/: <urlopen error [Errno 8] nodename nor servname provided, or not known>
  [ERROR] https://koeln.mitvergnuegen.com/api/v1/tips/16876/: <urlopen error [Errno 8] nodename nor servname provided, or not known>
  [ERROR] https://koeln.mitvergnuegen.com/api/v1/tips/16897/: <urlopen error [Errno 8] nodename nor servname provided, or not known>
  [ERROR] https://koeln.mitvergnuegen.com/api/v1/tips/16903/: <urlopen error [Errno 8] nodename nor servname provided, or not known>
  [ERROR] https://koeln.mitvergnuegen.com/api/v1/tips/16947/: <urlopen error [Errno 8] nodename nor servname provided, or not known>
  [ERROR] https://koeln.mitvergnuegen.com/api/v1/tips/17032/: <urlopen error [Errno 8] nodename nor servname provided, or not known>
  [ERROR] https://koeln.mitvergnuegen.com/api/v1/tips/17033/: <urlopen error [Errno 8] nodename nor servname provided, or not known>
  [ERROR] https://koeln.mitvergnuegen.com/api/v1/tips/17065/: <urlopen error [Errno 8] nodename nor servname provided, or not known>
  [ERROR] https://koeln.mitvergnuegen.com/api/v1/tips/17087/: <urlopen error [Errno 8] nodename nor servname provided, or not known>
  [ERROR] https://koeln.mitvergnuegen.com/api/v1/tips/17122/: <urlopen error [Errno 8] nodename nor servname provided, or not known>
  [ERROR] https://koeln.mitvergnuegen.com/api/v1/tips/17150/: <urlopen error [Errno 8] nodename nor servname provided, or not known>
  [ERROR] https://koeln.mitvergnuegen.com/api/v1/tips/17221/: <urlopen error [Errno 8] nodename nor servname provided, or not known>
  [ERROR] https://koeln.mitvergnuegen.com/api/v1/tips/17243/: <urlopen error [Errno 8] nodename nor servname provided, or not known>
  [ERROR] https://koeln.mitvergnuegen.com/api/v1/tips/17316/: <urlopen error [Errno 8] nodename nor servname provided, or not known>
  [ERROR] https://koeln.mitvergnuegen.com/api/v1/tips/17318/: <urlopen error [Errno 8] nodename nor servname provided, or not known>
  [ERROR] https://koeln.mitvergnuegen.com/api/v1/tips/17328/: <urlopen error [Errno 8] nodename nor servname provided, or not known>
  [ERROR] https://koeln.mitvergnuegen.com/api/v1/tips/17330/: <urlopen error [Errno 8] nodename nor servname provided, or not known>
  [ERROR] https://koeln.mitvergnuegen.com/api/v1/tips/17342/: <urlopen error [Errno 8] nodename nor servname provided, or not known>
  [ERROR] https://koeln.mitvergnuegen.com/api/v1/tips/17348/: <urlopen error [Errno 8] nodename nor servname provided, or not known>
  [ERROR] https://koeln.mitvergnuegen.com/api/v1/tips/17351/: <urlopen error [Errno 8] nodename nor servname provided, or not known>
  [ERROR] https://koeln.mitvergnuegen.com/api/v1/tips/17362/: <urlopen error [Errno 8] nodename nor servname provided, or not known>
  [ERROR] https://koeln.mitvergnuegen.com/api/v1/tips/17369/: <urlopen error [Errno 8] nodename nor servname provided, or not known>
  [ERROR] https://koeln.mitvergnuegen.com/api/v1/tips/17487/: <urlopen error [Errno 8] nodename nor servname provided, or not known>
  [ERROR] https://koeln.mitvergnuegen.com/api/v1/tips/17498/: <urlopen error [Errno 8] nodename nor servname provided, or not known>
  [ERROR] https://koeln.mitvergnuegen.com/api/v1/tips/17504/: <urlopen error [Errno 8] nodename nor servname provided, or not known>
  [ERROR] https://koeln.mitvergnuegen.com/api/v1/tips/17545/: <urlopen error [Errno 8] nodename nor servname provided, or not known>
  [ERROR] https://koeln.mitvergnuegen.com/api/v1/tips/17556/: <urlopen error [Errno 8] nodename nor servname provided, or not known>
  [ERROR] https://koeln.mitvergnuegen.com/api/v1/tips/17577/: <urlopen error [Errno 8] nodename nor servname provided, or not known>
  [ERROR] https://koeln.mitvergnuegen.com/api/v1/tips/17585/: <urlopen error [Errno 8] nodename nor servname provided, or not known>
  [ERROR] https://koeln.mitvergnuegen.com/api/v1/tips/17589/: <urlopen error [Errno 8] nodename nor servname provided, or not known>
  [ERROR] https://koeln.mitvergnuegen.com/api/v1/tips/17600/: <urlopen error [Errno 8] nodename nor servname provided, or not known>
  [ERROR] https://koeln.mitvergnuegen.com/api/v1/tips/17603/: <urlopen error [Errno 8] nodename nor servname provided, or not known>
  [ERROR] https://koeln.mitvergnuegen.com/api/v1/tips/17608/: <urlopen error [Errno 8] nodename nor servname provided, or not known>
  [ERROR] https://koeln.mitvergnuegen.com/api/v1/tips/17618/: <urlopen error [Errno 8] nodename nor servname provided, or not known>
  [ERROR] https://koeln.mitvergnuegen.com/api/v1/tips/17621/: <urlopen error [Errno 8] nodename nor servname provided, or not known>
  [ERROR] https://koeln.mitvergnuegen.com/api/v1/tips/17627/: <urlopen error [Errno 8] nodename nor servname provided, or not known>
  [ERROR] https://koeln.mitvergnuegen.com/api/v1/tips/17628/: <urlopen error [Errno 8] nodename nor servname provided, or not known>
  [ERROR] https://koeln.mitvergnuegen.com/api/v1/tips/17686/: <urlopen error [Errno 8] nodename nor servname provided, or not known>
  [ERROR] https://koeln.mitvergnuegen.com/api/v1/tips/17691/: <urlopen error [Errno 8] nodename nor servname provided, or not known>
  [ERROR] https://koeln.mitvergnuegen.com/api/v1/tips/17696/: <urlopen error [Errno 8] nodename nor servname provided, or not known>
  [ERROR] https://koeln.mitvergnuegen.com/api/v1/tips/17724/: <urlopen error [Errno 8] nodename nor servname provided, or not known>
  [ERROR] https://koeln.mitvergnuegen.com/api/v1/tips/17729/: <urlopen error [Errno 8] nodename nor servname provided, or not known>
  [ERROR] https://koeln.mitvergnuegen.com/api/v1/tips/17734/: <urlopen error [Errno 8] nodename nor servname provided, or not known>
  [ERROR] https://koeln.mitvergnuegen.com/api/v1/tips/17735/: <urlopen error [Errno 8] nodename nor servname provided, or not known>
  [ERROR] https://koeln.mitvergnuegen.com/api/v1/tips/17736/: <urlopen error [Errno 8] nodename nor servname provided, or not known>
  [ERROR] https://koeln.mitvergnuegen.com/api/v1/tips/17806/: <urlopen error [Errno 8] nodename nor servname provided, or not known>
  [ERROR] https://koeln.mitvergnuegen.com/api/v1/tips/17811/: <urlopen error [Errno 8] nodename nor servname provided, or not known>
  [ERROR] https://koeln.mitvergnuegen.com/api/v1/tips/17814/: <urlopen error [Errno 8] nodename nor servname provided, or not known>
  [ERROR] https://koeln.mitvergnuegen.com/api/v1/tips/17830/: <urlopen error [Errno 8] nodename nor servname provided, or not known>
  [ERROR] https://koeln.mitvergnuegen.com/api/v1/tips/17839/: <urlopen error [Errno 8] nodename nor servname provided, or not known>
  [ERROR] https://koeln.mitvergnuegen.com/api/v1/tips/17851/: <urlopen error [Errno 8] nodename nor servname provided, or not known>
  [ERROR] https://koeln.mitvergnuegen.com/api/v1/tips/17860/: <urlopen error [Errno 8] nodename nor servname provided, or not known>
  [ERROR] https://koeln.mitvergnuegen.com/api/v1/tips/17876/: <urlopen error [Errno 8] nodename nor servname provided, or not known>
  [ERROR] https://koeln.mitvergnuegen.com/api/v1/tips/17881/: <urlopen error [Errno 8] nodename nor servname provided, or not known>
  [ERROR] https://koeln.mitvergnuegen.com/api/v1/tips/17882/: <urlopen error [Errno 8] nodename nor servname provided, or not known>
  [ERROR] https://koeln.mitvergnuegen.com/api/v1/tips/17886/: <urlopen error [Errno 8] nodename nor servname provided, or not known>
  [ERROR] https://koeln.mitvergnuegen.com/api/v1/tips/17934/: <urlopen error [Errno 8] nodename nor servname provided, or not known>
  [ERROR] https://koeln.mitvergnuegen.com/api/v1/tips/17947/: <urlopen error [Errno 8] nodename nor servname provided, or not known>
  [ERROR] https://koeln.mitvergnuegen.com/api/v1/tips/17949/: <urlopen error [Errno 8] nodename nor servname provided, or not known>
  [ERROR] https://koeln.mitvergnuegen.com/api/v1/tips/17960/: <urlopen error [Errno 8] nodename nor servname provided, or not known>
  [ERROR] https://koeln.mitvergnuegen.com/api/v1/tips/17966/: <urlopen error [Errno 8] nodename nor servname provided, or not known>
  [ERROR] https://koeln.mitvergnuegen.com/api/v1/tips/17970/: <urlopen error [Errno 8] nodename nor servname provided, or not known>
  [ERROR] https://koeln.mitvergnuegen.com/api/v1/tips/18048/: <urlopen error [Errno 8] nodename nor servname provided, or not known>
  [ERROR] https://koeln.mitvergnuegen.com/api/v1/tips/18052/: <urlopen error [Errno 8] nodename nor servname provided, or not known>
  [ERROR] https://koeln.mitvergnuegen.com/api/v1/tips/18056/: <urlopen error [Errno 8] nodename nor servname provided, or not known>
  [ERROR] https://koeln.mitvergnuegen.com/api/v1/tips/18059/: <urlopen error [Errno 8] nodename nor servname provided, or not known>
  [ERROR] https://koeln.mitvergnuegen.com/api/v1/tips/18066/: <urlopen error [Errno 8] nodename nor servname provided, or not known>
  [ERROR] https://koeln.mitvergnuegen.com/api/v1/tips/18069/: <urlopen error [Errno 8] nodename nor servname provided, or not known>
  [ERROR] https://koeln.mitvergnuegen.com/api/v1/tips/18071/: <urlopen error [Errno 8] nodename nor servname provided, or not known>
  [ERROR] https://koeln.mitvergnuegen.com/api/v1/tips/18074/: <urlopen error [Errno 8] nodename nor servname provided, or not known>
  [ERROR] https://koeln.mitvergnuegen.com/api/v1/tips/18075/: <urlopen error [Errno 8] nodename nor servname provided, or not known>
  [ERROR] https://koeln.mitvergnuegen.com/api/v1/tips/18078/: <urlopen error [Errno 8] nodename nor servname provided, or not known>
  [ERROR] https://koeln.mitvergnuegen.com/api/v1/tips/18159/: <urlopen error [Errno 8] nodename nor servname provided, or not known>
  [ERROR] https://koeln.mitvergnuegen.com/api/v1/tips/18201/: <urlopen error [Errno 8] nodename nor servname provided, or not known>
  [ERROR] https://koeln.mitvergnuegen.com/api/v1/tips/18236/: <urlopen error [Errno 8] nodename nor servname provided, or not known>
  [ERROR] https://koeln.mitvergnuegen.com/api/v1/tips/18241/: <urlopen error [Errno 8] nodename nor servname provided, or not known>
  [ERROR] https://koeln.mitvergnuegen.com/api/v1/tips/18243/: <urlopen error [Errno 8] nodename nor servname provided, or not known>
  [ERROR] https://koeln.mitvergnuegen.com/api/v1/tips/18248/: <urlopen error [Errno 8] nodename nor servname provided, or not known>
  [ERROR] https://koeln.mitvergnuegen.com/api/v1/tips/18249/: <urlopen error [Errno 8] nodename nor servname provided, or not known>
  [ERROR] https://koeln.mitvergnuegen.com/api/v1/tips/18252/: <urlopen error [Errno 8] nodename nor servname provided, or not known>
  [ERROR] https://koeln.mitvergnuegen.com/api/v1/tips/18255/: <urlopen error [Errno 8] nodename nor servname provided, or not known>
  [ERROR] https://koeln.mitvergnuegen.com/api/v1/tips/18260/: <urlopen error [Errno 8] nodename nor servname provided, or not known>
  [ERROR] https://koeln.mitvergnuegen.com/api/v1/tips/18262/: <urlopen error [Errno 8] nodename nor servname provided, or not known>
  [ERROR] https://koeln.mitvergnuegen.com/api/v1/tips/18264/: <urlopen error [Errno 8] nodename nor servname provided, or not known>
  [ERROR] https://koeln.mitvergnuegen.com/api/v1/tips/18272/: <urlopen error [Errno 8] nodename nor servname provided, or not known>
  [ERROR] https://koeln.mitvergnuegen.com/api/v1/tips/18276/: <urlopen error [Errno 8] nodename nor servname provided, or not known>
  [ERROR] https://koeln.mitvergnuegen.com/api/v1/tips/18280/: <urlopen error [Errno 8] nodename nor servname provided, or not known>
  [ERROR] https://koeln.mitvergnuegen.com/api/v1/tips/18286/: <urlopen error [Errno 8] nodename nor servname provided, or not known>
  [ERROR] https://koeln.mitvergnuegen.com/api/v1/tips/18289/: <urlopen error [Errno 8] nodename nor servname provided, or not known>
  [ERROR] https://koeln.mitvergnuegen.com/api/v1/tips/18294/: <urlopen error [Errno 8] nodename nor servname provided, or not known>
  [ERROR] https://koeln.mitvergnuegen.com/api/v1/tips/18297/: <urlopen error [Errno 8] nodename nor servname provided, or not known>
  [ERROR] https://koeln.mitvergnuegen.com/api/v1/tips/18304/: <urlopen error [Errno 8] nodename nor servname provided, or not known>
  [ERROR] https://koeln.mitvergnuegen.com/api/v1/tips/18459/: <urlopen error [Errno 8] nodename nor servname provided, or not known>
  [ERROR] https://koeln.mitvergnuegen.com/api/v1/tips/18462/: <urlopen error [Errno 8] nodename nor servname provided, or not known>
  [ERROR] https://koeln.mitvergnuegen.com/api/v1/tips/18468/: <urlopen error [Errno 8] nodename nor servname provided, or not known>
  [ERROR] https://koeln.mitvergnuegen.com/api/v1/tips/18514/: <urlopen error [Errno 8] nodename nor servname provided, or not known>
  [ERROR] https://koeln.mitvergnuegen.com/api/v1/tips/18523/: <urlopen error [Errno 8] nodename nor servname provided, or not known>
  [ERROR] https://koeln.mitvergnuegen.com/api/v1/tips/18531/: <urlopen error [Errno 8] nodename nor servname provided, or not known>
  [ERROR] https://koeln.mitvergnuegen.com/api/v1/tips/18568/: <urlopen error [Errno 8] nodename nor servname provided, or not known>
  [ERROR] https://koeln.mitvergnuegen.com/api/v1/tips/18577/: <urlopen error [Errno 8] nodename nor servname provided, or not known>
  [ERROR] https://koeln.mitvergnuegen.com/api/v1/tips/18599/: <urlopen error [Errno 8] nodename nor servname provided, or not known>
  [ERROR] https://koeln.mitvergnuegen.com/api/v1/tips/18607/: <urlopen error [Errno 8] nodename nor servname provided, or not known>
  [ERROR] https://koeln.mitvergnuegen.com/api/v1/tips/18615/: <urlopen error [Errno 8] nodename nor servname provided, or not known>
  [ERROR] https://koeln.mitvergnuegen.com/api/v1/tips/18622/: <urlopen error [Errno 8] nodename nor servname provided, or not known>
  [ERROR] https://koeln.mitvergnuegen.com/api/v1/tips/18634/: <urlopen error [Errno 8] nodename nor servname provided, or not known>
  [ERROR] https://koeln.mitvergnuegen.com/api/v1/tips/18636/: <urlopen error [Errno 8] nodename nor servname provided, or not known>
  [ERROR] https://koeln.mitvergnuegen.com/api/v1/tips/18642/: <urlopen error [Errno 8] nodename nor servname provided, or not known>
  [ERROR] https://koeln.mitvergnuegen.com/api/v1/tips/18665/: <urlopen error [Errno 8] nodename nor servname provided, or not known>
  [ERROR] https://koeln.mitvergnuegen.com/api/v1/tips/18671/: <urlopen error [Errno 8] nodename nor servname provided, or not known>
  [ERROR] https://koeln.mitvergnuegen.com/api/v1/tips/18739/: <urlopen error [Errno 8] nodename nor servname provided, or not known>
  [ERROR] https://koeln.mitvergnuegen.com/api/v1/tips/18765/: <urlopen error [Errno 8] nodename nor servname provided, or not known>
  [ERROR] https://koeln.mitvergnuegen.com/api/v1/tips/18797/: <urlopen error [Errno 8] nodename nor servname provided, or not known>
  [ERROR] https://koeln.mitvergnuegen.com/api/v1/tips/18806/: <urlopen error [Errno 8] nodename nor servname provided, or not known>
  [ERROR] https://koeln.mitvergnuegen.com/api/v1/tips/18809/: <urlopen error [Errno 8] nodename nor servname provided, or not known>
  [ERROR] https://koeln.mitvergnuegen.com/api/v1/tips/18811/: <urlopen error [Errno 8] nodename nor servname provided, or not known>
  [ERROR] https://koeln.mitvergnuegen.com/api/v1/tips/18816/: <urlopen error [Errno 8] nodename nor servname provided, or not known>
  [ERROR] https://koeln.mitvergnuegen.com/api/v1/tips/18820/: <urlopen error [Errno 8] nodename nor servname provided, or not known>
  [ERROR] https://koeln.mitvergnuegen.com/api/v1/tips/18824/: <urlopen error [Errno 8] nodename nor servname provided, or not known>
  [ERROR] https://koeln.mitvergnuegen.com/api/v1/tips/18837/: <urlopen error [Errno 8] nodename nor servname provided, or not known>
  [ERROR] https://koeln.mitvergnuegen.com/api/v1/tips/18852/: <urlopen error [Errno 8] nodename nor servname provided, or not known>
  [ERROR] https://koeln.mitvergnuegen.com/api/v1/tips/19044/: <urlopen error [Errno 8] nodename nor servname provided, or not known>
  [ERROR] https://koeln.mitvergnuegen.com/api/v1/tips/19051/: <urlopen error [Errno 8] nodename nor servname provided, or not known>
  [ERROR] https://koeln.mitvergnuegen.com/api/v1/tips/19068/: <urlopen error [Errno 8] nodename nor servname provided, or not known>
  [ERROR] https://koeln.mitvergnuegen.com/api/v1/tips/19088/: <urlopen error [Errno 8] nodename nor servname provided, or not known>
  [ERROR] https://koeln.mitvergnuegen.com/api/v1/tips/19094/: <urlopen error [Errno 8] nodename nor servname provided, or not known>
  [ERROR] https://koeln.mitvergnuegen.com/api/v1/tips/19101/: <urlopen error [Errno 8] nodename nor servname provided, or not known>
  [ERROR] https://koeln.mitvergnuegen.com/api/v1/tips/19113/: <urlopen error [Errno 8] nodename nor servname provided, or not known>
  [ERROR] https://koeln.mitvergnuegen.com/api/v1/tips/19116/: <urlopen error [Errno 8] nodename nor servname provided, or not known>
  [ERROR] https://koeln.mitvergnuegen.com/api/v1/tips/19120/: <urlopen error [Errno 8] nodename nor servname provided, or not known>
  [ERROR] https://koeln.mitvergnuegen.com/api/v1/tips/19136/: <urlopen error [Errno 8] nodename nor servname provided, or not known>
  [ERROR] https://koeln.mitvergnuegen.com/api/v1/tips/19145/: <urlopen error [Errno 8] nodename nor servname provided, or not known>
  [ERROR] https://koeln.mitvergnuegen.com/api/v1/tips/19158/: <urlopen error [Errno 8] nodename nor servname provided, or not known>
  [ERROR] https://koeln.mitvergnuegen.com/api/v1/tips/19161/: <urlopen error [Errno 8] nodename nor servname provided, or not known>
  [ERROR] https://koeln.mitvergnuegen.com/api/v1/tips/19182/: <urlopen error [Errno 8] nodename nor servname provided, or not known>
  [ERROR] https://koeln.mitvergnuegen.com/api/v1/tips/19188/: <urlopen error [Errno 8] nodename nor servname provided, or not known>
  [ERROR] https://koeln.mitvergnuegen.com/api/v1/tips/19218/: <urlopen error [Errno 8] nodename nor servname provided, or not known>
  [ERROR] https://koeln.mitvergnuegen.com/api/v1/tips/19220/: <urlopen error [Errno 8] nodename nor servname provided, or not known>
  [ERROR] https://koeln.mitvergnuegen.com/api/v1/tips/19224/: <urlopen error [Errno 8] nodename nor servname provided, or not known>
  [ERROR] https://koeln.mitvergnuegen.com/api/v1/tips/19232/: <urlopen error [Errno 8] nodename nor servname provided, or not known>
  [ERROR] https://koeln.mitvergnuegen.com/api/v1/tips/19239/: <urlopen error [Errno 8] nodename nor servname provided, or not known>
  [ERROR] https://koeln.mitvergnuegen.com/api/v1/tips/19241/: <urlopen error [Errno 8] nodename nor servname provided, or not known>
  [ERROR] https://koeln.mitvergnuegen.com/api/v1/tips/19245/: <urlopen error [Errno 8] nodename nor servname provided, or not known>
  [ERROR] https://koeln.mitvergnuegen.com/api/v1/tips/19257/: <urlopen error [Errno 8] nodename nor servname provided, or not known>
  [ERROR] https://koeln.mitvergnuegen.com/api/v1/tips/19267/: <urlopen error [Errno 8] nodename nor servname provided, or not known>
  [ERROR] https://koeln.mitvergnuegen.com/api/v1/tips/19270/: <urlopen error [Errno 8] nodename nor servname provided, or not known>
  [ERROR] https://koeln.mitvergnuegen.com/api/v1/tips/19278/: <urlopen error [Errno 8] nodename nor servname provided, or not known>
  [ERROR] https://koeln.mitvergnuegen.com/api/v1/tips/19296/: <urlopen error [Errno 8] nodename nor servname provided, or not known>
  [ERROR] https://koeln.mitvergnuegen.com/api/v1/tips/19301/: <urlopen error [Errno 8] nodename nor servname provided, or not known>
  [ERROR] https://koeln.mitvergnuegen.com/api/v1/tips/19305/: <urlopen error [Errno 8] nodename nor servname provided, or not known>
  [ERROR] https://koeln.mitvergnuegen.com/api/v1/tips/19307/: <urlopen error [Errno 8] nodename nor servname provided, or not known>
  [ERROR] https://koeln.mitvergnuegen.com/api/v1/tips/19328/: <urlopen error [Errno 8] nodename nor servname provided, or not known>
  [ERROR] https://koeln.mitvergnuegen.com/api/v1/tips/19333/: <urlopen error [Errno 8] nodename nor servname provided, or not known>
  [ERROR] https://koeln.mitvergnuegen.com/api/v1/tips/19335/: <urlopen error [Errno 8] nodename nor servname provided, or not known>
  [ERROR] https://koeln.mitvergnuegen.com/api/v1/tips/19363/: <urlopen error [Errno 8] nodename nor servname provided, or not known>
  [ERROR] https://koeln.mitvergnuegen.com/api/v1/tips/19386/: <urlopen error [Errno 8] nodename nor servname provided, or not known>
  [ERROR] https://koeln.mitvergnuegen.com/api/v1/tips/19442/: <urlopen error [Errno 8] nodename nor servname provided, or not known>
  [ERROR] https://koeln.mitvergnuegen.com/api/v1/tips/19444/: <urlopen error [Errno 8] nodename nor servname provided, or not known>
  [ERROR] https://koeln.mitvergnuegen.com/api/v1/tips/19448/: <urlopen error [Errno 8] nodename nor servname provided, or not known>
  [ERROR] https://koeln.mitvergnuegen.com/api/v1/tips/19453/: <urlopen error [Errno 8] nodename nor servname provided, or not known>
  [ERROR] https://koeln.mitvergnuegen.com/api/v1/tips/19456/: <urlopen error [Errno 8] nodename nor servname provided, or not known>
  [ERROR] https://koeln.mitvergnuegen.com/api/v1/tips/19474/: <urlopen error [Errno 8] nodename nor servname provided, or not known>
  [ERROR] https://koeln.mitvergnuegen.com/api/v1/tips/19478/: <urlopen error [Errno 8] nodename nor servname provided, or not known>
  [ERROR] https://koeln.mitvergnuegen.com/api/v1/tips/19490/: <urlopen error [Errno 8] nodename nor servname provided, or not known>
  [ERROR] https://koeln.mitvergnuegen.com/api/v1/tips/19512/: <urlopen error [Errno 8] nodename nor servname provided, or not known>
  [ERROR] https://koeln.mitvergnuegen.com/api/v1/tips/19517/: <urlopen error [Errno 8] nodename nor servname provided, or not known>
  [ERROR] https://koeln.mitvergnuegen.com/api/v1/tips/19545/: <urlopen error [Errno 8] nodename nor servname provided, or not known>
  [ERROR] https://koeln.mitvergnuegen.com/api/v1/tips/19550/: <urlopen error [Errno 8] nodename nor servname provided, or not known>
  [ERROR] https://koeln.mitvergnuegen.com/api/v1/tips/19569/: <urlopen error [Errno 8] nodename nor servname provided, or not known>
  [ERROR] https://koeln.mitvergnuegen.com/api/v1/tips/19670/: <urlopen error [Errno 8] nodename nor servname provided, or not known>
  [ERROR] https://koeln.mitvergnuegen.com/api/v1/tips/19678/: <urlopen error [Errno 8] nodename nor servname provided, or not known>
  [ERROR] https://koeln.mitvergnuegen.com/api/v1/tips/19683/: <urlopen error [Errno 8] nodename nor servname provided, or not known>
  [ERROR] https://koeln.mitvergnuegen.com/api/v1/tips/19693/: <urlopen error [Errno 8] nodename nor servname provided, or not known>
  [ERROR] https://koeln.mitvergnuegen.com/api/v1/tips/19703/: <urlopen error [Errno 8] nodename nor servname provided, or not known>
  [ERROR] https://koeln.mitvergnuegen.com/api/v1/tips/19708/: <urlopen error [Errno 8] nodename nor servname provided, or not known>
  [ERROR] https://koeln.mitvergnuegen.com/api/v1/tips/19713/: <urlopen error [Errno 8] nodename nor servname provided, or not known>
  [ERROR] https://koeln.mitvergnuegen.com/api/v1/tips/19716/: <urlopen error [Errno 8] nodename nor servname provided, or not known>
  [ERROR] https://koeln.mitvergnuegen.com/api/v1/tips/19746/: <urlopen error [Errno 8] nodename nor servname provided, or not known>
  [ERROR] https://koeln.mitvergnuegen.com/api/v1/tips/19749/: <urlopen error [Errno 8] nodename nor servname provided, or not known>
  [ERROR] https://koeln.mitvergnuegen.com/api/v1/tips/19760/: <urlopen error [Errno 8] nodename nor servname provided, or not known>
  [ERROR] https://koeln.mitvergnuegen.com/api/v1/tips/19762/: <urlopen error [Errno 8] nodename nor servname provided, or not known>
  [ERROR] https://koeln.mitvergnuegen.com/api/v1/tips/19808/: <urlopen error [Errno 8] nodename nor servname provided, or not known>
  [ERROR] https://koeln.mitvergnuegen.com/api/v1/tips/19811/: <urlopen error [Errno 8] nodename nor servname provided, or not known>
  [ERROR] https://koeln.mitvergnuegen.com/api/v1/tips/19814/: <urlopen error [Errno 8] nodename nor servname provided, or not known>
  [ERROR] https://koeln.mitvergnuegen.com/api/v1/tips/19818/: <urlopen error [Errno 8] nodename nor servname provided, or not known>
  [ERROR] https://koeln.mitvergnuegen.com/api/v1/tips/19832/: <urlopen error [Errno 8] nodename nor servname provided, or not known>
  [ERROR] https://koeln.mitvergnuegen.com/api/v1/tips/19846/: <urlopen error [Errno 8] nodename nor servname provided, or not known>
  [ERROR] https://koeln.mitvergnuegen.com/api/v1/tips/19850/: <urlopen error [Errno 8] nodename nor servname provided, or not known>
  [ERROR] https://koeln.mitvergnuegen.com/api/v1/tips/19894/: <urlopen error [Errno 8] nodename nor servname provided, or not known>
  [ERROR] https://koeln.mitvergnuegen.com/api/v1/tips/19928/: <urlopen error [Errno 8] nodename nor servname provided, or not known>
  [ERROR] https://koeln.mitvergnuegen.com/api/v1/tips/19932/: <urlopen error [Errno 8] nodename nor servname provided, or not known>
  [ERROR] https://koeln.mitvergnuegen.com/api/v1/tips/19934/: <urlopen error [Errno 8] nodename nor servname provided, or not known>
  [ERROR] https://koeln.mitvergnuegen.com/api/v1/tips/19969/: <urlopen error [Errno 8] nodename nor servname provided, or not known>
  [ERROR] https://koeln.mitvergnuegen.com/api/v1/tips/19970/: <urlopen error [Errno 8] nodename nor servname provided, or not known>
  [ERROR] https://koeln.mitvergnuegen.com/api/v1/tips/19971/: <urlopen error [Errno 8] nodename nor servname provided, or not known>
  [ERROR] https://koeln.mitvergnuegen.com/api/v1/tips/19972/: <urlopen error [Errno 8] nodename nor servname provided, or not known>
  [ERROR] https://koeln.mitvergnuegen.com/api/v1/tips/19975/: <urlopen error [Errno 8] nodename nor servname provided, or not known>
  [ERROR] https://koeln.mitvergnuegen.com/api/v1/tips/19981/: <urlopen error [Errno 8] nodename nor servname provided, or not known>
  [ERROR] https://koeln.mitvergnuegen.com/api/v1/tips/19995/: <urlopen error [Errno 8] nodename nor servname provided, or not known>
  [ERROR] https://koeln.mitvergnuegen.com/api/v1/tips/20127/: <urlopen error [Errno 8] nodename nor servname provided, or not known>
  [ERROR] https://koeln.mitvergnuegen.com/api/v1/tips/20138/: <urlopen error [Errno 8] nodename nor servname provided, or not known>
  [ERROR] https://koeln.mitvergnuegen.com/api/v1/tips/20372/: <urlopen error [Errno 8] nodename nor servname provided, or not known>
  [ERROR] https://koeln.mitvergnuegen.com/api/v1/tips/20392/: <urlopen error [Errno 8] nodename nor servname provided, or not known>
  [ERROR] https://koeln.mitvergnuegen.com/api/v1/tips/20400/: <urlopen error [Errno 8] nodename nor servname provided, or not known>
  [ERROR] https://koeln.mitvergnuegen.com/api/v1/tips/20408/: <urlopen error [Errno 8] nodename nor servname provided, or not known>
  [ERROR] https://koeln.mitvergnuegen.com/api/v1/tips/20425/: <urlopen error [Errno 8] nodename nor servname provided, or not known>
  [ERROR] https://koeln.mitvergnuegen.com/api/v1/tips/20435/: <urlopen error [Errno 8] nodename nor servname provided, or not known>
  [ERROR] https://koeln.mitvergnuegen.com/api/v1/tips/20440/: <urlopen error [Errno 8] nodename nor servname provided, or not known>
  [ERROR] https://koeln.mitvergnuegen.com/api/v1/tips/20446/: <urlopen error [Errno 8] nodename nor servname provided, or not known>
  [ERROR] https://koeln.mitvergnuegen.com/api/v1/tips/20450/: <urlopen error [Errno 8] nodename nor servname provided, or not known>
  [ERROR] https://koeln.mitvergnuegen.com/api/v1/tips/20609/: <urlopen error [Errno 8] nodename nor servname provided, or not known>
  [ERROR] https://koeln.mitvergnuegen.com/api/v1/tips/20636/: <urlopen error [Errno 8] nodename nor servname provided, or not known>
  [ERROR] https://koeln.mitvergnuegen.com/api/v1/tips/20642/: <urlopen error [Errno 8] nodename nor servname provided, or not known>
  [ERROR] https://koeln.mitvergnuegen.com/api/v1/tips/20665/: <urlopen error [Errno 8] nodename nor servname provided, or not known>
  [ERROR] https://koeln.mitvergnuegen.com/api/v1/tips/20672/: <urlopen error [Errno 8] nodename nor servname provided, or not known>
  [ERROR] https://koeln.mitvergnuegen.com/api/v1/tips/20676/: <urlopen error [Errno 8] nodename nor servname provided, or not known>
  [ERROR] https://koeln.mitvergnuegen.com/api/v1/tips/20678/: <urlopen error [Errno 8] nodename nor servname provided, or not known>
  [ERROR] https://koeln.mitvergnuegen.com/api/v1/tips/20681/: <urlopen error [Errno 8] nodename nor servname provided, or not known>
  [ERROR] https://koeln.mitvergnuegen.com/api/v1/tips/20683/: <urlopen error [Errno 8] nodename nor servname provided, or not known>
  [ERROR] https://koeln.mitvergnuegen.com/api/v1/tips/20789/: <urlopen error [Errno 8] nodename nor servname provided, or not known>
  [ERROR] https://koeln.mitvergnuegen.com/api/v1/tips/20790/: <urlopen error [Errno 8] nodename nor servname provided, or not known>
  [ERROR] https://koeln.mitvergnuegen.com/api/v1/tips/20867/: <urlopen error [Errno 8] nodename nor servname provided, or not known>
  [ERROR] https://koeln.mitvergnuegen.com/api/v1/tips/20880/: <urlopen error [Errno 8] nodename nor servname provided, or not known>
  [ERROR] https://koeln.mitvergnuegen.com/api/v1/tips/20922/: <urlopen error [Errno 8] nodename nor servname provided, or not known>
  [ERROR] https://koeln.mitvergnuegen.com/api/v1/tips/20930/: <urlopen error [Errno 8] nodename nor servname provided, or not known>
  [ERROR] https://koeln.mitvergnuegen.com/api/v1/tips/21001/: <urlopen error [Errno 8] nodename nor servname provided, or not known>
  [ERROR] https://koeln.mitvergnuegen.com/api/v1/tips/21004/: <urlopen error [Errno 8] nodename nor servname provided, or not known>
  [ERROR] https://koeln.mitvergnuegen.com/api/v1/tips/21259/: <urlopen error [Errno 8] nodename nor servname provided, or not known>
  [ERROR] https://koeln.mitvergnuegen.com/api/v1/tips/21263/: <urlopen error [Errno 8] nodename nor servname provided, or not known>
  [ERROR] https://koeln.mitvergnuegen.com/api/v1/tips/21266/: <urlopen error [Errno 8] nodename nor servname provided, or not known>
  [ERROR] https://koeln.mitvergnuegen.com/api/v1/tips/21269/: <urlopen error [Errno 8] nodename nor servname provided, or not known>
  [ERROR] https://koeln.mitvergnuegen.com/api/v1/tips/21273/: <urlopen error [Errno 8] nodename nor servname provided, or not known>
  [ERROR] https://koeln.mitvergnuegen.com/api/v1/tips/21276/: <urlopen error [Errno 8] nodename nor servname provided, or not known>
  [ERROR] https://koeln.mitvergnuegen.com/api/v1/tips/21280/: <urlopen error [Errno 8] nodename nor servname provided, or not known>
  [ERROR] https://koeln.mitvergnuegen.com/api/v1/tips/21287/: <urlopen error [Errno 8] nodename nor servname provided, or not known>
  [ERROR] https://koeln.mitvergnuegen.com/api/v1/tips/21295/: <urlopen error [Errno 8] nodename nor servname provided, or not known>
  [ERROR] https://koeln.mitvergnuegen.com/api/v1/tips/21298/: <urlopen error [Errno 8] nodename nor servname provided, or not known>
  [ERROR] https://koeln.mitvergnuegen.com/api/v1/tips/21302/: <urlopen error [Errno 8] nodename nor servname provided, or not known>
  [ERROR] https://koeln.mitvergnuegen.com/api/v1/tips/21305/: <urlopen error [Errno 8] nodename nor servname provided, or not known>
  [ERROR] https://koeln.mitvergnuegen.com/api/v1/tips/21307/: <urlopen error [Errno 8] nodename nor servname provided, or not known>
  [ERROR] https://koeln.mitvergnuegen.com/api/v1/tips/21327/: <urlopen error [Errno 8] nodename nor servname provided, or not known>
  [ERROR] https://koeln.mitvergnuegen.com/api/v1/tips/21329/: <urlopen error [Errno 8] nodename nor servname provided, or not known>
  [ERROR] https://koeln.mitvergnuegen.com/api/v1/tips/21360/: <urlopen error [Errno 8] nodename nor servname provided, or not known>
  [ERROR] https://koeln.mitvergnuegen.com/api/v1/tips/21372/: <urlopen error [Errno 8] nodename nor servname provided, or not known>
  [ERROR] https://koeln.mitvergnuegen.com/api/v1/tips/21376/: <urlopen error [Errno 8] nodename nor servname provided, or not known>
  [ERROR] https://koeln.mitvergnuegen.com/api/v1/tips/21477/: <urlopen error [Errno 8] nodename nor servname provided, or not known>
  [ERROR] https://koeln.mitvergnuegen.com/api/v1/tips/21481/: <urlopen error [Errno 8] nodename nor servname provided, or not known>
  [ERROR] https://koeln.mitvergnuegen.com/api/v1/tips/21486/: <urlopen error [Errno 8] nodename nor servname provided, or not known>
  [ERROR] https://koeln.mitvergnuegen.com/api/v1/tips/21507/: <urlopen error [Errno 8] nodename nor servname provided, or not known>
  [ERROR] https://koeln.mitvergnuegen.com/api/v1/tips/21604/: <urlopen error [Errno 8] nodename nor servname provided, or not known>
  [ERROR] https://koeln.mitvergnuegen.com/api/v1/tips/21702/: <urlopen error [Errno 8] nodename nor servname provided, or not known>
  [ERROR] https://koeln.mitvergnuegen.com/api/v1/tips/21791/: <urlopen error [Errno 8] nodename nor servname provided, or not known>
  [ERROR] https://koeln.mitvergnuegen.com/api/v1/tips/21828/: <urlopen error [Errno 8] nodename nor servname provided, or not known>
  [ERROR] https://koeln.mitvergnuegen.com/api/v1/tips/21887/: <urlopen error [Errno 8] nodename nor servname provided, or not known>
  [ERROR] https://koeln.mitvergnuegen.com/api/v1/tips/22332/: <urlopen error [Errno 8] nodename nor servname provided, or not known>
  [ERROR] https://koeln.mitvergnuegen.com/api/v1/tips/22337/: <urlopen error [Errno 8] nodename nor servname provided, or not known>
  [ERROR] https://koeln.mitvergnuegen.com/api/v1/tips/22340/: <urlopen error [Errno 8] nodename nor servname provided, or not known>
  [ERROR] https://koeln.mitvergnuegen.com/api/v1/tips/22344/: <urlopen error [Errno 8] nodename nor servname provided, or not known>
  [ERROR] https://koeln.mitvergnuegen.com/api/v1/tips/22361/: <urlopen error [Errno 8] nodename nor servname provided, or not known>
  [ERROR] https://koeln.mitvergnuegen.com/api/v1/tips/22624/: <urlopen error [Errno 8] nodename nor servname provided, or not known>
  [ERROR] https://koeln.mitvergnuegen.com/api/v1/tips/22725/: <urlopen error [Errno 8] nodename nor servname provided, or not known>
  [ERROR] https://koeln.mitvergnuegen.com/api/v1/tips/22742/: <urlopen error [Errno 8] nodename nor servname provided, or not known>
  [ERROR] https://koeln.mitvergnuegen.com/api/v1/tips/22750/: <urlopen error [Errno 8] nodename nor servname provided, or not known>
  [ERROR] https://koeln.mitvergnuegen.com/api/v1/tips/22754/: <urlopen error [Errno 8] nodename nor servname provided, or not known>
  [ERROR] https://koeln.mitvergnuegen.com/api/v1/tips/22814/: <urlopen error [Errno 8] nodename nor servname provided, or not known>
  [ERROR] https://koeln.mitvergnuegen.com/api/v1/tips/22889/: <urlopen error [Errno 8] nodename nor servname provided, or not known>
  [ERROR] https://koeln.mitvergnuegen.com/api/v1/tips/22893/: <urlopen error [Errno 8] nodename nor servname provided, or not known>
  [ERROR] https://koeln.mitvergnuegen.com/api/v1/tips/22897/: <urlopen error [Errno 8] nodename nor servname provided, or not known>
  [ERROR] https://koeln.mitvergnuegen.com/api/v1/tips/23002/: <urlopen error [Errno 8] nodename nor servname provided, or not known>
  [ERROR] https://koeln.mitvergnuegen.com/api/v1/tips/23016/: <urlopen error [Errno 8] nodename nor servname provided, or not known>
  [ERROR] https://koeln.mitvergnuegen.com/api/v1/tips/23019/: <urlopen error [Errno 8] nodename nor servname provided, or not known>
  [ERROR] https://koeln.mitvergnuegen.com/api/v1/tips/23023/: <urlopen error [Errno 8] nodename nor servname provided, or not known>
  [ERROR] https://koeln.mitvergnuegen.com/api/v1/tips/23128/: <urlopen error [Errno 8] nodename nor servname provided, or not known>
  [ERROR] https://koeln.mitvergnuegen.com/api/v1/tips/23141/: <urlopen error [Errno 8] nodename nor servname provided, or not known>
  [ERROR] https://koeln.mitvergnuegen.com/api/v1/tips/23144/: <urlopen error [Errno 8] nodename nor servname provided, or not known>
  [ERROR] https://koeln.mitvergnuegen.com/api/v1/tips/23146/: <urlopen error [Errno 8] nodename nor servname provided, or not known>
  [ERROR] https://koeln.mitvergnuegen.com/api/v1/tips/23205/: <urlopen error [Errno 8] nodename nor servname provided, or not known>
  [ERROR] https://koeln.mitvergnuegen.com/api/v1/tips/23260/: <urlopen error [Errno 8] nodename nor servname provided, or not known>
  [ERROR] https://koeln.mitvergnuegen.com/api/v1/tips/23296/: <urlopen error [Errno 8] nodename nor servname provided, or not known>
  [ERROR] https://koeln.mitvergnuegen.com/api/v1/tips/23410/: <urlopen error [Errno 8] nodename nor servname provided, or not known>
  [ERROR] https://koeln.mitvergnuegen.com/api/v1/tips/23414/: <urlopen error [Errno 8] nodename nor servname provided, or not known>
  [ERROR] https://koeln.mitvergnuegen.com/api/v1/tips/23428/: <urlopen error [Errno 8] nodename nor servname provided, or not known>
  [ERROR] https://koeln.mitvergnuegen.com/api/v1/tips/23430/: <urlopen error [Errno 8] nodename nor servname provided, or not known>
  [ERROR] https://koeln.mitvergnuegen.com/api/v1/tips/23540/: <urlopen error [Errno 8] nodename nor servname provided, or not known>
  [ERROR] https://koeln.mitvergnuegen.com/api/v1/tips/23603/: <urlopen error [Errno 8] nodename nor servname provided, or not known>
  [ERROR] https://koeln.mitvergnuegen.com/api/v1/tips/23623/: <urlopen error [Errno 8] nodename nor servname provided, or not known>
  [ERROR] https://koeln.mitvergnuegen.com/api/v1/tips/23638/: <urlopen error [Errno 8] nodename nor servname provided, or not known>
  [ERROR] https://koeln.mitvergnuegen.com/api/v1/tips/23641/: <urlopen error [Errno 8] nodename nor servname provided, or not known>
  [ERROR] https://koeln.mitvergnuegen.com/api/v1/tips/23650/: <urlopen error [Errno 8] nodename nor servname provided, or not known>
  [ERROR] https://koeln.mitvergnuegen.com/api/v1/tips/23657/: <urlopen error [Errno 8] nodename nor servname provided, or not known>
  [ERROR] https://koeln.mitvergnuegen.com/api/v1/tips/23684/: <urlopen error [Errno 8] nodename nor servname provided, or not known>
  [ERROR] https://koeln.mitvergnuegen.com/api/v1/tips/23700/: <urlopen error [Errno 8] nodename nor servname provided, or not known>
  [ERROR] https://koeln.mitvergnuegen.com/api/v1/tips/23851/: <urlopen error [Errno 8] nodename nor servname provided, or not known>
  [ERROR] https://koeln.mitvergnuegen.com/api/v1/tips/23954/: <urlopen error [Errno 8] nodename nor servname provided, or not known>
  [ERROR] https://koeln.mitvergnuegen.com/api/v1/tips/24080/: <urlopen error [Errno 8] nodename nor servname provided, or not known>
  [ERROR] https://koeln.mitvergnuegen.com/api/v1/tips/24085/: <urlopen error [Errno 8] nodename nor servname provided, or not known>
  [ERROR] https://koeln.mitvergnuegen.com/api/v1/tips/24086/: <urlopen error [Errno 8] nodename nor servname provided, or not known>
  [ERROR] https://koeln.mitvergnuegen.com/api/v1/tips/24219/: <urlopen error [Errno 8] nodename nor servname provided, or not known>
  [ERROR] https://koeln.mitvergnuegen.com/api/v1/tips/24228/: <urlopen error [Errno 8] nodename nor servname provided, or not known>
  [ERROR] https://koeln.mitvergnuegen.com/api/v1/tips/24298/: <urlopen error [Errno 8] nodename nor servname provided, or not known>
  [ERROR] https://koeln.mitvergnuegen.com/api/v1/tips/24309/: <urlopen error [Errno 8] nodename nor servname provided, or not known>
  [ERROR] https://koeln.mitvergnuegen.com/api/v1/tips/24337/: <urlopen error [Errno 8] nodename nor servname provided, or not known>
  [ERROR] https://koeln.mitvergnuegen.com/api/v1/tips/24353/: <urlopen error [Errno 8] nodename nor servname provided, or not known>
  [ERROR] https://koeln.mitvergnuegen.com/api/v1/tips/24406/: <urlopen error [Errno 8] nodename nor servname provided, or not known>
  [ERROR] https://koeln.mitvergnuegen.com/api/v1/tips/24419/: <urlopen error [Errno 8] nodename nor servname provided, or not known>
  [ERROR] https://koeln.mitvergnuegen.com/api/v1/tips/24421/: <urlopen error [Errno 8] nodename nor servname provided, or not known>
  [ERROR] https://koeln.mitvergnuegen.com/api/v1/tips/24425/: <urlopen error [Errno 8] nodename nor servname provided, or not known>
  [ERROR] https://koeln.mitvergnuegen.com/api/v1/tips/24450/: <urlopen error [Errno 8] nodename nor servname provided, or not known>
  [ERROR] https://koeln.mitvergnuegen.com/api/v1/tips/24454/: <urlopen error [Errno 8] nodename nor servname provided, or not known>
  [ERROR] https://koeln.mitvergnuegen.com/api/v1/tips/24459/: <urlopen error [Errno 8] nodename nor servname provided, or not known>
  [ERROR] https://koeln.mitvergnuegen.com/api/v1/tips/24462/: <urlopen error [Errno 8] nodename nor servname provided, or not known>
  [ERROR] https://koeln.mitvergnuegen.com/api/v1/tips/24463/: <urlopen error [Errno 8] nodename nor servname provided, or not known>
  [ERROR] https://koeln.mitvergnuegen.com/api/v1/tips/24467/: <urlopen error [Errno 8] nodename nor servname provided, or not known>
  [ERROR] https://koeln.mitvergnuegen.com/api/v1/tips/24474/: <urlopen error [Errno 8] nodename nor servname provided, or not known>
  [ERROR] https://koeln.mitvergnuegen.com/api/v1/tips/24477/: <urlopen error [Errno 8] nodename nor servname provided, or not known>
  [ERROR] https://koeln.mitvergnuegen.com/api/v1/tips/24479/: <urlopen error [Errno 8] nodename nor servname provided, or not known>
  [ERROR] https://koeln.mitvergnuegen.com/api/v1/tips/24482/: <urlopen error [Errno 8] nodename nor servname provided, or not known>
  [ERROR] https://koeln.mitvergnuegen.com/api/v1/tips/24485/: <urlopen error [Errno 8] nodename nor servname provided, or not known>
  [ERROR] https://koeln.mitvergnuegen.com/api/v1/tips/24487/: <urlopen error [Errno 8] nodename nor servname provided, or not known>
  [ERROR] https://koeln.mitvergnuegen.com/api/v1/tips/24492/: <urlopen error [Errno 8] nodename nor servname provided, or not known>
  [ERROR] https://koeln.mitvergnuegen.com/api/v1/tips/24503/: <urlopen error [Errno 8] nodename nor servname provided, or not known>
  [ERROR] https://koeln.mitvergnuegen.com/api/v1/tips/24533/: <urlopen error [Errno 8] nodename nor servname provided, or not known>
  [ERROR] https://koeln.mitvergnuegen.com/api/v1/tips/24538/: <urlopen error [Errno 8] nodename nor servname provided, or not known>
  [ERROR] https://koeln.mitvergnuegen.com/api/v1/tips/24544/: <urlopen error [Errno 8] nodename nor servname provided, or not known>
  [ERROR] https://koeln.mitvergnuegen.com/api/v1/tips/24546/: <urlopen error [Errno 8] nodename nor servname provided, or not known>
  [ERROR] https://koeln.mitvergnuegen.com/api/v1/tips/24584/: <urlopen error [Errno 8] nodename nor servname provided, or not known>
  [ERROR] https://koeln.mitvergnuegen.com/api/v1/tips/24815/: <urlopen error [Errno 8] nodename nor servname provided, or not known>
  [ERROR] https://koeln.mitvergnuegen.com/api/v1/tips/24825/: <urlopen error [Errno 8] nodename nor servname provided, or not known>
  [ERROR] https://koeln.mitvergnuegen.com/api/v1/tips/24832/: <urlopen error [Errno 8] nodename nor servname provided, or not known>
  [ERROR] https://koeln.mitvergnuegen.com/api/v1/tips/24840/: <urlopen error [Errno 8] nodename nor servname provided, or not known>
  [ERROR] https://koeln.mitvergnuegen.com/api/v1/tips/24961/: <urlopen error [Errno 8] nodename nor servname provided, or not known>
  [ERROR] https://koeln.mitvergnuegen.com/api/v1/tips/24971/: <urlopen error [Errno 8] nodename nor servname provided, or not known>
  [ERROR] https://koeln.mitvergnuegen.com/api/v1/tips/24980/: <urlopen error [Errno 8] nodename nor servname provided, or not known>
  [ERROR] https://koeln.mitvergnuegen.com/api/v1/tips/24983/: <urlopen error [Errno 8] nodename nor servname provided, or not known>
  [ERROR] https://koeln.mitvergnuegen.com/api/v1/tips/24986/: <urlopen error [Errno 8] nodename nor servname provided, or not known>
  [ERROR] https://koeln.mitvergnuegen.com/api/v1/tips/25117/: <urlopen error [Errno 8] nodename nor servname provided, or not known>
  [ERROR] https://koeln.mitvergnuegen.com/api/v1/tips/25128/: <urlopen error [Errno 8] nodename nor servname provided, or not known>
  [ERROR] https://koeln.mitvergnuegen.com/api/v1/tips/25265/: <urlopen error [Errno 8] nodename nor servname provided, or not known>
  [ERROR] https://koeln.mitvergnuegen.com/api/v1/tips/25306/: <urlopen error [Errno 8] nodename nor servname provided, or not known>
  [ERROR] https://koeln.mitvergnuegen.com/api/v1/tips/25309/: <urlopen error [Errno 8] nodename nor servname provided, or not known>
  [ERROR] https://koeln.mitvergnuegen.com/api/v1/tips/25318/: <urlopen error [Errno 8] nodename nor servname provided, or not known>
  [ERROR] https://koeln.mitvergnuegen.com/api/v1/tips/25321/: <urlopen error [Errno 8] nodename nor servname provided, or not known>
  [ERROR] https://koeln.mitvergnuegen.com/api/v1/tips/25324/: <urlopen error [Errno 8] nodename nor servname provided, or not known>
  [ERROR] https://koeln.mitvergnuegen.com/api/v1/tips/25327/: <urlopen error [Errno 8] nodename nor servname provided, or not known>
  [ERROR] https://koeln.mitvergnuegen.com/api/v1/tips/25331/: <urlopen error [Errno 8] nodename nor servname provided, or not known>
  [ERROR] https://koeln.mitvergnuegen.com/api/v1/tips/25335/: <urlopen error [Errno 8] nodename nor servname provided, or not known>
  [ERROR] https://koeln.mitvergnuegen.com/api/v1/tips/25339/: <urlopen error [Errno 8] nodename nor servname provided, or not known>
  [ERROR] https://koeln.mitvergnuegen.com/api/v1/tips/25361/: <urlopen error [Errno 8] nodename nor servname provided, or not known>
  [ERROR] https://koeln.mitvergnuegen.com/api/v1/tips/25395/: <urlopen error [Errno 8] nodename nor servname provided, or not known>
  [ERROR] https://koeln.mitvergnuegen.com/api/v1/tips/25515/: <urlopen error [Errno 8] nodename nor servname provided, or not known>
  [ERROR] https://koeln.mitvergnuegen.com/api/v1/tips/25517/: <urlopen error [Errno 8] nodename nor servname provided, or not known>
  [ERROR] https://koeln.mitvergnuegen.com/api/v1/tips/25518/: <urlopen error [Errno 8] nodename nor servname provided, or not known>
  [ERROR] https://koeln.mitvergnuegen.com/api/v1/tips/25522/: <urlopen error [Errno 8] nodename nor servname provided, or not known>
  [ERROR] https://koeln.mitvergnuegen.com/api/v1/tips/25524/: <urlopen error [Errno 8] nodename nor servname provided, or not known>
  [ERROR] https://koeln.mitvergnuegen.com/api/v1/tips/25532/: <urlopen error [Errno 8] nodename nor servname provided, or not known>
  [ERROR] https://koeln.mitvergnuegen.com/api/v1/tips/25535/: <urlopen error [Errno 8] nodename nor servname provided, or not known>
  [ERROR] https://koeln.mitvergnuegen.com/api/v1/tips/25545/: <urlopen error [Errno 8] nodename nor servname provided, or not known>
  [ERROR] https://koeln.mitvergnuegen.com/api/v1/tips/25549/: <urlopen error [Errno 8] nodename nor servname provided, or not known>
  [ERROR] https://koeln.mitvergnuegen.com/api/v1/tips/25578/: <urlopen error [Errno 8] nodename nor servname provided, or not known>
  [ERROR] https://koeln.mitvergnuegen.com/api/v1/tips/25582/: <urlopen error [Errno 8] nodename nor servname provided, or not known>
  [ERROR] https://koeln.mitvergnuegen.com/api/v1/tips/25589/: <urlopen error [Errno 8] nodename nor servname provided, or not known>
  [ERROR] https://koeln.mitvergnuegen.com/api/v1/tips/25715/: <urlopen error [Errno 8] nodename nor servname provided, or not known>
  [ERROR] https://koeln.mitvergnuegen.com/api/v1/tips/25961/: <urlopen error [Errno 8] nodename nor servname provided, or not known>
  [ERROR] https://koeln.mitvergnuegen.com/api/v1/tips/25974/: <urlopen error [Errno 8] nodename nor servname provided, or not known>
  [ERROR] https://koeln.mitvergnuegen.com/api/v1/tips/25991/: <urlopen error [Errno 8] nodename nor servname provided, or not known>
  [ERROR] https://koeln.mitvergnuegen.com/api/v1/tips/25992/: <urlopen error [Errno 8] nodename nor servname provided, or not known>
  [ERROR] https://koeln.mitvergnuegen.com/api/v1/tips/26096/: <urlopen error [Errno 8] nodename nor servname provided, or not known>
  [ERROR] https://koeln.mitvergnuegen.com/api/v1/tips/26136/: <urlopen error [Errno 8] nodename nor servname provided, or not known>
  [ERROR] https://koeln.mitvergnuegen.com/api/v1/tips/26219/: <urlopen error [Errno 8] nodename nor servname provided, or not known>
  [ERROR] https://koeln.mitvergnuegen.com/api/v1/tips/26251/: <urlopen error [Errno 8] nodename nor servname provided, or not known>
  [ERROR] https://koeln.mitvergnuegen.com/api/v1/tips/26414/: <urlopen error [Errno 8] nodename nor servname provided, or not known>
  [ERROR] https://koeln.mitvergnuegen.com/api/v1/tips/26421/: <urlopen error [Errno 8] nodename nor servname provided, or not known>
  [ERROR] https://koeln.mitvergnuegen.com/api/v1/tips/26528/: <urlopen error [Errno 8] nodename nor servname provided, or not known>
  [ERROR] https://koeln.mitvergnuegen.com/api/v1/tips/26532/: <urlopen error [Errno 8] nodename nor servname provided, or not known>
  [ERROR] https://koeln.mitvergnuegen.com/api/v1/tips/26535/: <urlopen error [Errno 8] nodename nor servname provided, or not known>
  [ERROR] https://koeln.mitvergnuegen.com/api/v1/tips/26540/: <urlopen error [Errno 8] nodename nor servname provided, or not known>
  [ERROR] https://koeln.mitvergnuegen.com/api/v1/tips/26546/: <urlopen error [Errno 8] nodename nor servname provided, or not known>
  [ERROR] https://koeln.mitvergnuegen.com/api/v1/tips/26551/: <urlopen error [Errno 8] nodename nor servname provided, or not known>
  [ERROR] https://koeln.mitvergnuegen.com/api/v1/tips/26555/: <urlopen error [Errno 8] nodename nor servname provided, or not known>
  [ERROR] https://koeln.mitvergnuegen.com/api/v1/tips/26558/: <urlopen error [Errno 8] nodename nor servname provided, or not known>
  [ERROR] https://koeln.mitvergnuegen.com/api/v1/tips/26560/: <urlopen error [Errno 8] nodename nor servname provided, or not known>
  [ERROR] https://koeln.mitvergnuegen.com/api/v1/tips/26564/: <urlopen error [Errno 8] nodename nor servname provided, or not known>
  [ERROR] https://koeln.mitvergnuegen.com/api/v1/tips/26566/: <urlopen error [Errno 8] nodename nor servname provided, or not known>
  [ERROR] https://koeln.mitvergnuegen.com/api/v1/tips/26607/: <urlopen error [Errno 8] nodename nor servname provided, or not known>
  [ERROR] https://koeln.mitvergnuegen.com/api/v1/tips/26673/: <urlopen error [Errno 8] nodename nor servname provided, or not known>
  [ERROR] https://koeln.mitvergnuegen.com/api/v1/tips/26914/: <urlopen error [Errno 8] nodename nor servname provided, or not known>
  [ERROR] https://koeln.mitvergnuegen.com/api/v1/tips/27301/: <urlopen error [Errno 8] nodename nor servname provided, or not known>
  [ERROR] https://koeln.mitvergnuegen.com/api/v1/tips/27324/: <urlopen error [Errno 8] nodename nor servname provided, or not known>
  [ERROR] https://koeln.mitvergnuegen.com/api/v1/tips/27328/: <urlopen error [Errno 8] nodename nor servname provided, or not known>
  [ERROR] https://koeln.mitvergnuegen.com/api/v1/tips/27334/: <urlopen error [Errno 8] nodename nor servname provided, or not known>
  [ERROR] https://koeln.mitvergnuegen.com/api/v1/tips/27353/: <urlopen error [Errno 8] nodename nor servname provided, or not known>
  [ERROR] https://koeln.mitvergnuegen.com/api/v1/tips/27356/: <urlopen error [Errno 8] nodename nor servname provided, or not known>
  [ERROR] https://koeln.mitvergnuegen.com/api/v1/tips/27359/: <urlopen error [Errno 8] nodename nor servname provided, or not known>
  [ERROR] https://koeln.mitvergnuegen.com/api/v1/tips/27528/: <urlopen error [Errno 8] nodename nor servname provided, or not known>
  [ERROR] https://koeln.mitvergnuegen.com/api/v1/tips/27532/: <urlopen error [Errno 8] nodename nor servname provided, or not known>
  [ERROR] https://koeln.mitvergnuegen.com/api/v1/tips/27554/: <urlopen error [Errno 8] nodename nor servname provided, or not known>
  [ERROR] https://koeln.mitvergnuegen.com/api/v1/tips/27556/: <urlopen error [Errno 8] nodename nor servname provided, or not known>
  [ERROR] https://koeln.mitvergnuegen.com/api/v1/tips/27728/: <urlopen error [Errno 8] nodename nor servname provided, or not known>
  [ERROR] https://koeln.mitvergnuegen.com/api/v1/tips/27769/: <urlopen error [Errno 8] nodename nor servname provided, or not known>
  [ERROR] https://koeln.mitvergnuegen.com/api/v1/tips/27811/: <urlopen error [Errno 8] nodename nor servname provided, or not known>
  [ERROR] https://koeln.mitvergnuegen.com/api/v1/tips/27815/: <urlopen error [Errno 8] nodename nor servname provided, or not known>
  [ERROR] https://koeln.mitvergnuegen.com/api/v1/tips/27832/: <urlopen error [Errno 8] nodename nor servname provided, or not known>
  [ERROR] https://koeln.mitvergnuegen.com/api/v1/tips/27834/: <urlopen error [Errno 8] nodename nor servname provided, or not known>
  [ERROR] https://koeln.mitvergnuegen.com/api/v1/tips/27946/: <urlopen error [Errno 8] nodename nor servname provided, or not known>
  [ERROR] https://koeln.mitvergnuegen.com/api/v1/tips/28193/: <urlopen error [Errno 8] nodename nor servname provided, or not known>
  [ERROR] https://koeln.mitvergnuegen.com/api/v1/tips/28210/: <urlopen error [Errno 8] nodename nor servname provided, or not known>
  [ERROR] https://koeln.mitvergnuegen.com/api/v1/tips/28223/: <urlopen error [Errno 8] nodename nor servname provided, or not known>
  [ERROR] https://koeln.mitvergnuegen.com/api/v1/tips/28227/: <urlopen error [Errno 8] nodename nor servname provided, or not known>
  [ERROR] https://koeln.mitvergnuegen.com/api/v1/tips/28229/: <urlopen error [Errno 8] nodename nor servname provided, or not known>
  [ERROR] https://koeln.mitvergnuegen.com/api/v1/tips/28236/: <urlopen error [Errno 8] nodename nor servname provided, or not known>
  [ERROR] https://koeln.mitvergnuegen.com/api/v1/tips/28286/: <urlopen error [Errno 8] nodename nor servname provided, or not known>
  [ERROR] https://koeln.mitvergnuegen.com/api/v1/tips/28364/: <urlopen error [Errno 8] nodename nor servname provided, or not known>
  [ERROR] https://koeln.mitvergnuegen.com/api/v1/tips/28388/: <urlopen error [Errno 8] nodename nor servname provided, or not known>
  [ERROR] https://koeln.mitvergnuegen.com/api/v1/tips/28394/: <urlopen error [Errno 8] nodename nor servname provided, or not known>
  [ERROR] https://koeln.mitvergnuegen.com/api/v1/tips/28399/: <urlopen error [Errno 8] nodename nor servname provided, or not known>
  [ERROR] https://koeln.mitvergnuegen.com/api/v1/tips/28410/: <urlopen error [Errno 8] nodename nor servname provided, or not known>
  [ERROR] https://koeln.mitvergnuegen.com/api/v1/tips/28412/: <urlopen error [Errno 8] nodename nor servname provided, or not known>
  [ERROR] https://koeln.mitvergnuegen.com/api/v1/tips/28437/: <urlopen error [Errno 8] nodename nor servname provided, or not known>
  [ERROR] https://koeln.mitvergnuegen.com/api/v1/tips/28560/: <urlopen error [Errno 8] nodename nor servname provided, or not known>
  [ERROR] https://koeln.mitvergnuegen.com/api/v1/tips/28651/: <urlopen error [Errno 8] nodename nor servname provided, or not known>
  [ERROR] https://koeln.mitvergnuegen.com/api/v1/tips/28783/: <urlopen error [Errno 8] nodename nor servname provided, or not known>
  [ERROR] https://koeln.mitvergnuegen.com/api/v1/tips/28786/: <urlopen error [Errno 8] nodename nor servname provided, or not known>
  [ERROR] https://koeln.mitvergnuegen.com/api/v1/tips/28792/: <urlopen error [Errno 8] nodename nor servname provided, or not known>
  [ERROR] https://koeln.mitvergnuegen.com/api/v1/tips/28836/: <urlopen error [Errno 8] nodename nor servname provided, or not known>
  [ERROR] https://koeln.mitvergnuegen.com/api/v1/tips/28886/: <urlopen error [Errno 8] nodename nor servname provided, or not known>
  [ERROR] https://koeln.mitvergnuegen.com/api/v1/tips/28890/: <urlopen error [Errno 8] nodename nor servname provided, or not known>
  [ERROR] https://koeln.mitvergnuegen.com/api/v1/tips/28891/: <urlopen error [Errno 8] nodename nor servname provided, or not known>
  [ERROR] https://koeln.mitvergnuegen.com/api/v1/tips/28894/: <urlopen error [Errno 8] nodename nor servname provided, or not known>
  [ERROR] https://koeln.mitvergnuegen.com/api/v1/tips/28917/: <urlopen error [Errno 8] nodename nor servname provided, or not known>
  [ERROR] https://koeln.mitvergnuegen.com/api/v1/tips/28921/: <urlopen error [Errno 8] nodename nor servname provided, or not known>
  [ERROR] https://koeln.mitvergnuegen.com/api/v1/tips/28924/: <urlopen error [Errno 8] nodename nor servname provided, or not known>
  [ERROR] https://koeln.mitvergnuegen.com/api/v1/tips/28936/: <urlopen error [Errno 8] nodename nor servname provided, or not known>
  [ERROR] https://koeln.mitvergnuegen.com/api/v1/tips/28941/: <urlopen error [Errno 8] nodename nor servname provided, or not known>
  [ERROR] https://koeln.mitvergnuegen.com/api/v1/tips/29031/: <urlopen error [Errno 8] nodename nor servname provided, or not known>
  [ERROR] https://koeln.mitvergnuegen.com/api/v1/tips/29035/: <urlopen error [Errno 8] nodename nor servname provided, or not known>
  [ERROR] https://koeln.mitvergnuegen.com/api/v1/tips/29036/: <urlopen error [Errno 8] nodename nor servname provided, or not known>
  [ERROR] https://koeln.mitvergnuegen.com/api/v1/tips/29038/: <urlopen error [Errno 8] nodename nor servname provided, or not known>
  [ERROR] https://koeln.mitvergnuegen.com/api/v1/tips/29039/: <urlopen error [Errno 8] nodename nor servname provided, or not known>
  [ERROR] https://koeln.mitvergnuegen.com/api/v1/tips/29041/: <urlopen error [Errno 8] nodename nor servname provided, or not known>
  [ERROR] https://koeln.mitvergnuegen.com/api/v1/tips/29044/: <urlopen error [Errno 8] nodename nor servname provided, or not known>
  [ERROR] https://koeln.mitvergnuegen.com/api/v1/tips/29046/: <urlopen error [Errno 8] nodename nor servname provided, or not known>
  [ERROR] https://koeln.mitvergnuegen.com/api/v1/tips/29049/: <urlopen error [Errno 8] nodename nor servname provided, or not known>
  [ERROR] https://koeln.mitvergnuegen.com/api/v1/tips/29240/: <urlopen error [Errno 8] nodename nor servname provided, or not known>
  [ERROR] https://koeln.mitvergnuegen.com/api/v1/tips/29274/: <urlopen error [Errno 8] nodename nor servname provided, or not known>
  [ERROR] https://koeln.mitvergnuegen.com/api/v1/tips/29281/: <urlopen error [Errno 8] nodename nor servname provided, or not known>
  [ERROR] https://koeln.mitvergnuegen.com/api/v1/tips/29314/: <urlopen error [Errno 8] nodename nor servname provided, or not known>
  [ERROR] https://koeln.mitvergnuegen.com/api/v1/tips/29318/: <urlopen error [Errno 8] nodename nor servname provided, or not known>
  [ERROR] https://koeln.mitvergnuegen.com/api/v1/tips/29481/: <urlopen error [Errno 8] nodename nor servname provided, or not known>
  [ERROR] https://koeln.mitvergnuegen.com/api/v1/tips/29485/: <urlopen error [Errno 8] nodename nor servname provided, or not known>
  [ERROR] https://koeln.mitvergnuegen.com/api/v1/tips/29530/: <urlopen error [Errno 8] nodename nor servname provided, or not known>
  [ERROR] https://koeln.mitvergnuegen.com/api/v1/tips/29553/: <urlopen error [Errno 8] nodename nor servname provided, or not known>
  [ERROR] https://koeln.mitvergnuegen.com/api/v1/tips/29567/: <urlopen error [Errno 8] nodename nor servname provided, or not known>
  [ERROR] https://koeln.mitvergnuegen.com/api/v1/tips/29601/: <urlopen error [Errno 8] nodename nor servname provided, or not known>
  [ERROR] https://koeln.mitvergnuegen.com/api/v1/tips/29803/: <urlopen error [Errno 8] nodename nor servname provided, or not known>
  [ERROR] https://koeln.mitvergnuegen.com/api/v1/tips/29983/: <urlopen error [Errno 8] nodename nor servname provided, or not known>
  [ERROR] https://koeln.mitvergnuegen.com/api/v1/tips/30021/: <urlopen error [Errno 8] nodename nor servname provided, or not known>
  [ERROR] https://koeln.mitvergnuegen.com/api/v1/tips/30025/: <urlopen error [Errno 8] nodename nor servname provided, or not known>
  [ERROR] https://koeln.mitvergnuegen.com/api/v1/tips/30032/: <urlopen error [Errno 8] nodename nor servname provided, or not known>
  [ERROR] https://koeln.mitvergnuegen.com/api/v1/tips/30035/: <urlopen error [Errno 8] nodename nor servname provided, or not known>
  [ERROR] https://koeln.mitvergnuegen.com/api/v1/tips/30230/: <urlopen error [Errno 8] nodename nor servname provided, or not known>
  [ERROR] https://koeln.mitvergnuegen.com/api/v1/tips/30236/: <urlopen error [Errno 8] nodename nor servname provided, or not known>
  [ERROR] https://koeln.mitvergnuegen.com/api/v1/tips/30238/: <urlopen error [Errno 8] nodename nor servname provided, or not known>
  [ERROR] https://koeln.mitvergnuegen.com/api/v1/tips/30243/: <urlopen error [Errno 8] nodename nor servname provided, or not known>
  [ERROR] https://koeln.mitvergnuegen.com/api/v1/tips/30247/: <urlopen error [Errno 8] nodename nor servname provided, or not known>
  [ERROR] https://koeln.mitvergnuegen.com/api/v1/tips/30394/: <urlopen error [Errno 8] nodename nor servname provided, or not known>
  [ERROR] https://koeln.mitvergnuegen.com/api/v1/tips/30397/: <urlopen error [Errno 8] nodename nor servname provided, or not known>
  [ERROR] https://koeln.mitvergnuegen.com/api/v1/tips/30401/: <urlopen error [Errno 8] nodename nor servname provided, or not known>
  [ERROR] https://koeln.mitvergnuegen.com/api/v1/tips/30471/: <urlopen error [Errno 8] nodename nor servname provided, or not known>
  [ERROR] https://koeln.mitvergnuegen.com/api/v1/tips/30493/: <urlopen error [Errno 8] nodename nor servname provided, or not known>
  [ERROR] https://koeln.mitvergnuegen.com/api/v1/tips/30496/: <urlopen error [Errno 8] nodename nor servname provided, or not known>
  [ERROR] https://koeln.mitvergnuegen.com/api/v1/tips/30499/: <urlopen error [Errno 8] nodename nor servname provided, or not known>
  [ERROR] https://koeln.mitvergnuegen.com/api/v1/tips/30503/: <urlopen error [Errno 8] nodename nor servname provided, or not known>
  [ERROR] https://koeln.mitvergnuegen.com/api/v1/tips/30561/: <urlopen error [Errno 8] nodename nor servname provided, or not known>
  [ERROR] https://koeln.mitvergnuegen.com/api/v1/tips/30572/: <urlopen error [Errno 8] nodename nor servname provided, or not known>
  [ERROR] https://koeln.mitvergnuegen.com/api/v1/tips/30577/: <urlopen error [Errno 8] nodename nor servname provided, or not known>
  [ERROR] https://koeln.mitvergnuegen.com/api/v1/tips/30583/: <urlopen error [Errno 8] nodename nor servname provided, or not known>
  [ERROR] https://koeln.mitvergnuegen.com/api/v1/tips/30606/: <urlopen error [Errno 8] nodename nor servname provided, or not known>
  [ERROR] https://koeln.mitvergnuegen.com/api/v1/tips/30607/: <urlopen error [Errno 8] nodename nor servname provided, or not known>
  [ERROR] https://koeln.mitvergnuegen.com/api/v1/tips/30610/: <urlopen error [Errno 8] nodename nor servname provided, or not known>
  [ERROR] https://koeln.mitvergnuegen.com/api/v1/tips/30647/: <urlopen error [Errno 8] nodename nor servname provided, or not known>
  [ERROR] https://koeln.mitvergnuegen.com/api/v1/tips/30648/: <urlopen error [Errno 8] nodename nor servname provided, or not known>
  [ERROR] https://koeln.mitvergnuegen.com/api/v1/tips/30651/: <urlopen error [Errno 8] nodename nor servname provided, or not known>
  [ERROR] https://koeln.mitvergnuegen.com/api/v1/tips/30654/: <urlopen error [Errno 8] nodename nor servname provided, or not known>
  [ERROR] https://koeln.mitvergnuegen.com/api/v1/tips/30658/: <urlopen error [Errno 8] nodename nor servname provided, or not known>
  [ERROR] https://koeln.mitvergnuegen.com/api/v1/tips/30662/: <urlopen error [Errno 8] nodename nor servname provided, or not known>
  [ERROR] https://koeln.mitvergnuegen.com/api/v1/tips/30666/: <urlopen error [Errno 8] nodename nor servname provided, or not known>
  [ERROR] https://koeln.mitvergnuegen.com/api/v1/tips/30671/: <urlopen error [Errno 8] nodename nor servname provided, or not known>
  [ERROR] https://koeln.mitvergnuegen.com/api/v1/tips/30674/: <urlopen error [Errno 8] nodename nor servname provided, or not known>
  [ERROR] https://koeln.mitvergnuegen.com/api/v1/tips/30677/: <urlopen error [Errno 8] nodename nor servname provided, or not known>
  [ERROR] https://koeln.mitvergnuegen.com/api/v1/tips/30679/: <urlopen error [Errno 8] nodename nor servname provided, or not known>
  [ERROR] https://koeln.mitvergnuegen.com/api/v1/tips/30847/: <urlopen error [Errno 8] nodename nor servname provided, or not known>
  [ERROR] https://koeln.mitvergnuegen.com/api/v1/tips/31001/: <urlopen error [Errno 8] nodename nor servname provided, or not known>
  [ERROR] https://koeln.mitvergnuegen.com/api/v1/tips/31198/: <urlopen error [Errno 8] nodename nor servname provided, or not known>
  [ERROR] https://koeln.mitvergnuegen.com/api/v1/tips/31213/: <urlopen error [Errno 8] nodename nor servname provided, or not known>
  [ERROR] https://koeln.mitvergnuegen.com/api/v1/tips/31254/: <urlopen error [Errno 8] nodename nor servname provided, or not known>
  [ERROR] https://koeln.mitvergnuegen.com/api/v1/tips/31429/: <urlopen error [Errno 8] nodename nor servname provided, or not known>
  [ERROR] https://koeln.mitvergnuegen.com/api/v1/tips/31615/: <urlopen error [Errno 8] nodename nor servname provided, or not known>
  [ERROR] https://koeln.mitvergnuegen.com/api/v1/tips/31950/: <urlopen error [Errno 8] nodename nor servname provided, or not known>
  [ERROR] https://koeln.mitvergnuegen.com/api/v1/tips/32010/: <urlopen error [Errno 8] nodename nor servname provided, or not known>
  [ERROR] https://koeln.mitvergnuegen.com/api/v1/tips/32024/: <urlopen error [Errno 8] nodename nor servname provided, or not known>
  [ERROR] https://koeln.mitvergnuegen.com/api/v1/tips/32239/: <urlopen error [Errno 8] nodename nor servname provided, or not known>
  [ERROR] https://koeln.mitvergnuegen.com/api/v1/tips/32264/: <urlopen error [Errno 8] nodename nor servname provided, or not known>
  [ERROR] https://koeln.mitvergnuegen.com/api/v1/tips/32267/: <urlopen error [Errno 8] nodename nor servname provided, or not known>
  [ERROR] https://koeln.mitvergnuegen.com/api/v1/tips/32274/: <urlopen error [Errno 8] nodename nor servname provided, or not known>
  [ERROR] https://koeln.mitvergnuegen.com/api/v1/tips/32275/: <urlopen error [Errno 8] nodename nor servname provided, or not known>
  [ERROR] https://koeln.mitvergnuegen.com/api/v1/tips/32340/: <urlopen error [Errno 8] nodename nor servname provided, or not known>
  [ERROR] https://koeln.mitvergnuegen.com/api/v1/tips/32381/: <urlopen error [Errno 8] nodename nor servname provided, or not known>
  [ERROR] https://koeln.mitvergnuegen.com/api/v1/tips/32384/: <urlopen error [Errno 8] nodename nor servname provided, or not known>
  [ERROR] https://koeln.mitvergnuegen.com/api/v1/tips/32395/: <urlopen error [Errno 8] nodename nor servname provided, or not known>
  [ERROR] https://koeln.mitvergnuegen.com/api/v1/tips/32499/: <urlopen error [Errno 8] nodename nor servname provided, or not known>
  [ERROR] https://koeln.mitvergnuegen.com/api/v1/tips/32500/: <urlopen error [Errno 8] nodename nor servname provided, or not known>
  [ERROR] https://koeln.mitvergnuegen.com/api/v1/tips/32502/: <urlopen error [Errno 8] nodename nor servname provided, or not known>
  [ERROR] https://koeln.mitvergnuegen.com/api/v1/tips/32506/: <urlopen error [Errno 8] nodename nor servname provided, or not known>
  [ERROR] https://koeln.mitvergnuegen.com/api/v1/tips/32507/: <urlopen error [Errno 8] nodename nor servname provided, or not known>
  [ERROR] https://koeln.mitvergnuegen.com/api/v1/tips/32508/: <urlopen error [Errno 8] nodename nor servname provided, or not known>
  [ERROR] https://koeln.mitvergnuegen.com/api/v1/tips/32509/: <urlopen error [Errno 8] nodename nor servname provided, or not known>
  [ERROR] https://koeln.mitvergnuegen.com/api/v1/tips/32514/: <urlopen error [Errno 8] nodename nor servname provided, or not known>
  [ERROR] https://koeln.mitvergnuegen.com/api/v1/tips/32516/: <urlopen error [Errno 8] nodename nor servname provided, or not known>
  [ERROR] https://koeln.mitvergnuegen.com/api/v1/tips/32517/: <urlopen error [Errno 8] nodename nor servname provided, or not known>
  [ERROR] https://koeln.mitvergnuegen.com/api/v1/tips/32518/: <urlopen error [Errno 8] nodename nor servname provided, or not known>
  [ERROR] https://koeln.mitvergnuegen.com/api/v1/tips/32644/: <urlopen error [Errno 8] nodename nor servname provided, or not known>
  [ERROR] https://koeln.mitvergnuegen.com/api/v1/tips/32650/: <urlopen error [Errno 8] nodename nor servname provided, or not known>
  [ERROR] https://koeln.mitvergnuegen.com/api/v1/tips/32680/: <urlopen error [Errno 8] nodename nor servname provided, or not known>
  [ERROR] https://koeln.mitvergnuegen.com/api/v1/tips/32697/: <urlopen error [Errno 8] nodename nor servname provided, or not known>
  [ERROR] https://koeln.mitvergnuegen.com/api/v1/tips/32704/: <urlopen error [Errno 8] nodename nor servname provided, or not known>
  [ERROR] https://koeln.mitvergnuegen.com/api/v1/tips/32706/: <urlopen error [Errno 8] nodename nor servname provided, or not known>
  [ERROR] https://koeln.mitvergnuegen.com/api/v1/tips/32708/: <urlopen error [Errno 8] nodename nor servname provided, or not known>
  [ERROR] https://koeln.mitvergnuegen.com/api/v1/tips/32716/: <urlopen error [Errno 8] nodename nor servname provided, or not known>
  [ERROR] https://koeln.mitvergnuegen.com/api/v1/tips/32798/: <urlopen error [Errno 8] nodename nor servname provided, or not known>
  [ERROR] https://koeln.mitvergnuegen.com/api/v1/tips/32802/: <urlopen error [Errno 8] nodename nor servname provided, or not known>
  [ERROR] https://koeln.mitvergnuegen.com/api/v1/tips/32806/: <urlopen error [Errno 8] nodename nor servname provided, or not known>
  [ERROR] https://koeln.mitvergnuegen.com/api/v1/tips/32815/: <urlopen error [Errno 8] nodename nor servname provided, or not known>
  [ERROR] https://koeln.mitvergnuegen.com/api/v1/tips/32819/: <urlopen error [Errno 8] nodename nor servname provided, or not known>
  [ERROR] https://koeln.mitvergnuegen.com/api/v1/tips/32822/: <urlopen error [Errno 8] nodename nor servname provided, or not known>
  [ERROR] https://koeln.mitvergnuegen.com/api/v1/tips/32825/: <urlopen error [Errno 8] nodename nor servname provided, or not known>
  [ERROR] https://koeln.mitvergnuegen.com/api/v1/tips/33112/: <urlopen error [Errno 8] nodename nor servname provided, or not known>
  [ERROR] https://koeln.mitvergnuegen.com/api/v1/tips/33114/: <urlopen error [Errno 8] nodename nor servname provided, or not known>
  [ERROR] https://koeln.mitvergnuegen.com/api/v1/tips/33119/: <urlopen error [Errno 8] nodename nor servname provided, or not known>
  [ERROR] https://koeln.mitvergnuegen.com/api/v1/tips/33121/: <urlopen error [Errno 8] nodename nor servname provided, or not known>
  [ERROR] https://koeln.mitvergnuegen.com/api/v1/tips/33123/: <urlopen error [Errno 8] nodename nor servname provided, or not known>
  [ERROR] https://koeln.mitvergnuegen.com/api/v1/tips/33129/: <urlopen error [Errno 8] nodename nor servname provided, or not known>
  [ERROR] https://koeln.mitvergnuegen.com/api/v1/tips/33172/: <urlopen error [Errno 8] nodename nor servname provided, or not known>
  [ERROR] https://koeln.mitvergnuegen.com/api/v1/tips/33195/: <urlopen error [Errno 8] nodename nor servname provided, or not known>
  [ERROR] https://koeln.mitvergnuegen.com/api/v1/tips/33202/: <urlopen error [Errno 8] nodename nor servname provided, or not known>
  [ERROR] https://koeln.mitvergnuegen.com/api/v1/tips/33228/: <urlopen error [Errno 8] nodename nor servname provided, or not known>
  [ERROR] https://koeln.mitvergnuegen.com/api/v1/tips/33292/: <urlopen error [Errno 8] nodename nor servname provided, or not known>
  [ERROR] https://koeln.mitvergnuegen.com/api/v1/tips/33322/: <urlopen error [Errno 8] nodename nor servname provided, or not known>
  [ERROR] https://koeln.mitvergnuegen.com/api/v1/tips/33508/: <urlopen error [Errno 8] nodename nor servname provided, or not known>
  [ERROR] https://koeln.mitvergnuegen.com/api/v1/tips/33545/: <urlopen error [Errno 8] nodename nor servname provided, or not known>
  [ERROR] https://koeln.mitvergnuegen.com/api/v1/tips/33617/: <urlopen error [Errno 8] nodename nor servname provided, or not known>
  [ERROR] https://koeln.mitvergnuegen.com/api/v1/tips/33622/: <urlopen error [Errno 8] nodename nor servname provided, or not known>
  [ERROR] https://koeln.mitvergnuegen.com/api/v1/tips/33650/: <urlopen error [Errno 8] nodename nor servname provided, or not known>
  [ERROR] https://koeln.mitvergnuegen.com/api/v1/tips/33676/: <urlopen error [Errno 8] nodename nor servname provided, or not known>
  [ERROR] https://koeln.mitvergnuegen.com/api/v1/tips/33688/: <urlopen error [Errno 8] nodename nor servname provided, or not known>
  [ERROR] https://koeln.mitvergnuegen.com/api/v1/tips/33696/: <urlopen error [Errno 8] nodename nor servname provided, or not known>
  [ERROR] https://koeln.mitvergnuegen.com/api/v1/tips/33718/: <urlopen error [Errno 8] nodename nor servname provided, or not known>
  [ERROR] https://koeln.mitvergnuegen.com/api/v1/tips/33837/: <urlopen error [Errno 8] nodename nor servname provided, or not known>
  [ERROR] https://koeln.mitvergnuegen.com/api/v1/tips/34048/: <urlopen error [Errno 8] nodename nor servname provided, or not known>
  [ERROR] https://koeln.mitvergnuegen.com/api/v1/tips/34061/: <urlopen error [Errno 8] nodename nor servname provided, or not known>
  [ERROR] https://koeln.mitvergnuegen.com/api/v1/tips/34162/: <urlopen error [Errno 8] nodename nor servname provided, or not known>
  [ERROR] https://koeln.mitvergnuegen.com/api/v1/tips/34164/: <urlopen error [Errno 8] nodename nor servname provided, or not known>
  [ERROR] https://koeln.mitvergnuegen.com/api/v1/tips/34172/: <urlopen error [Errno 8] nodename nor servname provided, or not known>
  [ERROR] https://koeln.mitvergnuegen.com/api/v1/tips/34175/: <urlopen error [Errno 8] nodename nor servname provided, or not known>
  [ERROR] https://koeln.mitvergnuegen.com/api/v1/tips/34322/: <urlopen error [Errno 8] nodename nor servname provided, or not known>
  [ERROR] https://koeln.mitvergnuegen.com/api/v1/tips/34325/: <urlopen error [Errno 8] nodename nor servname provided, or not known>
  [ERROR] https://koeln.mitvergnuegen.com/api/v1/tips/34334/: <urlopen error [Errno 8] nodename nor servname provided, or not known>
  [ERROR] https://koeln.mitvergnuegen.com/api/v1/tips/34444/: <urlopen error [Errno 8] nodename nor servname provided, or not known>
  [ERROR] https://koeln.mitvergnuegen.com/api/v1/tips/34501/: <urlopen error [Errno 8] nodename nor servname provided, or not known>
  [ERROR] https://koeln.mitvergnuegen.com/api/v1/tips/34505/: <urlopen error [Errno 8] nodename nor servname provided, or not known>
  [ERROR] https://koeln.mitvergnuegen.com/api/v1/tips/34510/: <urlopen error [Errno 8] nodename nor servname provided, or not known>
  [ERROR] https://koeln.mitvergnuegen.com/api/v1/tips/34640/: <urlopen error [Errno 8] nodename nor servname provided, or not known>
  [ERROR] https://koeln.mitvergnuegen.com/api/v1/tips/34643/: <urlopen error [Errno 8] nodename nor servname provided, or not known>
  [ERROR] https://koeln.mitvergnuegen.com/api/v1/tips/34649/: <urlopen error [Errno 8] nodename nor servname provided, or not known>
  [ERROR] https://koeln.mitvergnuegen.com/api/v1/tips/34698/: <urlopen error [Errno 8] nodename nor servname provided, or not known>
  [ERROR] https://koeln.mitvergnuegen.com/api/v1/tips/34699/: <urlopen error [Errno 8] nodename nor servname provided, or not known>
  [ERROR] https://koeln.mitvergnuegen.com/api/v1/tips/34701/: <urlopen error [Errno 8] nodename nor servname provided, or not known>
  [ERROR] https://koeln.mitvergnuegen.com/api/v1/tips/34702/: <urlopen error [Errno 8] nodename nor servname provided, or not known>
  [ERROR] https://koeln.mitvergnuegen.com/api/v1/tips/34704/: <urlopen error [Errno 8] nodename nor servname provided, or not known>
  [ERROR] https://koeln.mitvergnuegen.com/api/v1/tips/34753/: <urlopen error [Errno 8] nodename nor servname provided, or not known>
  [ERROR] https://koeln.mitvergnuegen.com/api/v1/tips/34960/: <urlopen error [Errno 8] nodename nor servname provided, or not known>
  [ERROR] https://koeln.mitvergnuegen.com/api/v1/tips/34962/: <urlopen error [Errno 8] nodename nor servname provided, or not known>
  [ERROR] https://koeln.mitvergnuegen.com/api/v1/tips/34964/: <urlopen error [Errno 8] nodename nor servname provided, or not known>
  [ERROR] https://koeln.mitvergnuegen.com/api/v1/tips/34967/: <urlopen error [Errno 8] nodename nor servname provided, or not known>
  [ERROR] https://koeln.mitvergnuegen.com/api/v1/tips/34969/: <urlopen error [Errno 8] nodename nor servname provided, or not known>
  [ERROR] https://koeln.mitvergnuegen.com/api/v1/tips/34972/: <urlopen error [Errno 8] nodename nor servname provided, or not known>
  [ERROR] https://koeln.mitvergnuegen.com/api/v1/tips/34977/: <urlopen error [Errno 8] nodename nor servname provided, or not known>
  [ERROR] https://koeln.mitvergnuegen.com/api/v1/tips/35040/: <urlopen error [Errno 8] nodename nor servname provided, or not known>
  [ERROR] https://koeln.mitvergnuegen.com/api/v1/tips/35044/: <urlopen error [Errno 8] nodename nor servname provided, or not known>
  [ERROR] https://koeln.mitvergnuegen.com/api/v1/tips/35046/: <urlopen error [Errno 8] nodename nor servname provided, or not known>
  [ERROR] https://koeln.mitvergnuegen.com/api/v1/tips/35048/: <urlopen error [Errno 8] nodename nor servname provided, or not known>
  [ERROR] https://koeln.mitvergnuegen.com/api/v1/tips/35054/: <urlopen error [Errno 8] nodename nor servname provided, or not known>
  [ERROR] https://koeln.mitvergnuegen.com/api/v1/tips/35058/: <urlopen error [Errno 8] nodename nor servname provided, or not known>
  [ERROR] https://koeln.mitvergnuegen.com/api/v1/tips/35092/: <urlopen error [Errno 8] nodename nor servname provided, or not known>
  [ERROR] https://koeln.mitvergnuegen.com/api/v1/tips/35219/: <urlopen error [Errno 8] nodename nor servname provided, or not known>
  [ERROR] https://koeln.mitvergnuegen.com/api/v1/tips/35221/: <urlopen error [Errno 8] nodename nor servname provided, or not known>
  [ERROR] https://koeln.mitvergnuegen.com/api/v1/tips/35228/: <urlopen error [Errno 8] nodename nor servname provided, or not known>
  [ERROR] https://koeln.mitvergnuegen.com/api/v1/tips/35241/: <urlopen error [Errno 8] nodename nor servname provided, or not known>
  [ERROR] https://koeln.mitvergnuegen.com/api/v1/tips/35246/: <urlopen error [Errno 8] nodename nor servname provided, or not known>
  [ERROR] https://koeln.mitvergnuegen.com/api/v1/tips/35424/: <urlopen error [Errno 8] nodename nor servname provided, or not known>
  [ERROR] https://koeln.mitvergnuegen.com/api/v1/tips/35560/: <urlopen error [Errno 8] nodename nor servname provided, or not known>
  [ERROR] https://koeln.mitvergnuegen.com/api/v1/tips/35638/: <urlopen error [Errno 8] nodename nor servname provided, or not known>
  [ERROR] https://koeln.mitvergnuegen.com/api/v1/tips/35645/: <urlopen error [Errno 8] nodename nor servname provided, or not known>
  [ERROR] https://koeln.mitvergnuegen.com/api/v1/tips/35653/: <urlopen error [Errno 8] nodename nor servname provided, or not known>
  [ERROR] https://koeln.mitvergnuegen.com/api/v1/tips/35655/: <urlopen error [Errno 8] nodename nor servname provided, or not known>
  [ERROR] https://koeln.mitvergnuegen.com/api/v1/tips/35667/: <urlopen error [Errno 8] nodename nor servname provided, or not known>
  [ERROR] https://koeln.mitvergnuegen.com/api/v1/tips/35684/: <urlopen error [Errno 8] nodename nor servname provided, or not known>
  [ERROR] https://koeln.mitvergnuegen.com/api/v1/tips/35715/: <urlopen error [Errno 8] nodename nor servname provided, or not known>
  [ERROR] https://koeln.mitvergnuegen.com/api/v1/tips/35721/: <urlopen error [Errno 8] nodename nor servname provided, or not known>
  [ERROR] https://koeln.mitvergnuegen.com/api/v1/tips/35729/: <urlopen error [Errno 8] nodename nor servname provided, or not known>
  [ERROR] https://koeln.mitvergnuegen.com/api/v1/tips/35754/: <urlopen error [Errno 8] nodename nor servname provided, or not known>
  [ERROR] https://koeln.mitvergnuegen.com/api/v1/tips/35756/: <urlopen error [Errno 8] nodename nor servname provided, or not known>
  [ERROR] https://koeln.mitvergnuegen.com/api/v1/tips/35760/: <urlopen error [Errno 8] nodename nor servname provided, or not known>
  [ERROR] https://koeln.mitvergnuegen.com/api/v1/tips/35778/: <urlopen error [Errno 8] nodename nor servname provided, or not known>
  [ERROR] https://koeln.mitvergnuegen.com/api/v1/tips/35790/: <urlopen error [Errno 8] nodename nor servname provided, or not known>
  [ERROR] https://koeln.mitvergnuegen.com/api/v1/tips/35794/: <urlopen error [Errno 8] nodename nor servname provided, or not known>
  [ERROR] https://koeln.mitvergnuegen.com/api/v1/tips/35797/: <urlopen error [Errno 8] nodename nor servname provided, or not known>
  [ERROR] https://koeln.mitvergnuegen.com/api/v1/tips/35802/: <urlopen error [Errno 8] nodename nor servname provided, or not known>
  [ERROR] https://koeln.mitvergnuegen.com/api/v1/tips/35811/: <urlopen error [Errno 8] nodename nor servname provided, or not known>
  [ERROR] https://koeln.mitvergnuegen.com/api/v1/tips/35814/: <urlopen error [Errno 8] nodename nor servname provided, or not known>
  [ERROR] https://koeln.mitvergnuegen.com/api/v1/tips/35823/: <urlopen error [Errno 8] nodename nor servname provided, or not known>
  [ERROR] https://koeln.mitvergnuegen.com/api/v1/tips/35825/: <urlopen error [Errno 8] nodename nor servname provided, or not known>
  [ERROR] https://koeln.mitvergnuegen.com/api/v1/tips/35829/: <urlopen error [Errno 8] nodename nor servname provided, or not known>
  [ERROR] https://koeln.mitvergnuegen.com/api/v1/tips/35835/: <urlopen error [Errno 8] nodename nor servname provided, or not known>
  [ERROR] https://koeln.mitvergnuegen.com/api/v1/tips/35837/: <urlopen error [Errno 8] nodename nor servname provided, or not known>
  [ERROR] https://koeln.mitvergnuegen.com/api/v1/tips/35839/: <urlopen error [Errno 8] nodename nor servname provided, or not known>
  [ERROR] https://koeln.mitvergnuegen.com/api/v1/tips/35842/: <urlopen error [Errno 8] nodename nor servname provided, or not known>
  [ERROR] https://koeln.mitvergnuegen.com/api/v1/tips/35881/: <urlopen error [Errno 8] nodename nor servname provided, or not known>
  [ERROR] https://koeln.mitvergnuegen.com/api/v1/tips/35883/: <urlopen error [Errno 8] nodename nor servname provided, or not known>
  [ERROR] https://koeln.mitvergnuegen.com/api/v1/tips/35893/: <urlopen error [Errno 8] nodename nor servname provided, or not known>
  [ERROR] https://koeln.mitvergnuegen.com/api/v1/tips/35903/: <urlopen error [Errno 8] nodename nor servname provided, or not known>
  [ERROR] https://koeln.mitvergnuegen.com/api/v1/tips/35916/: <urlopen error [Errno 8] nodename nor servname provided, or not known>
  [ERROR] https://koeln.mitvergnuegen.com/api/v1/tips/35921/: <urlopen error [Errno 8] nodename nor servname provided, or not known>
  [ERROR] https://koeln.mitvergnuegen.com/api/v1/tips/35927/: <urlopen error [Errno 8] nodename nor servname provided, or not known>
  [ERROR] https://koeln.mitvergnuegen.com/api/v1/tips/36006/: <urlopen error [Errno 8] nodename nor servname provided, or not known>
  [ERROR] https://koeln.mitvergnuegen.com/api/v1/tips/36010/: <urlopen error [Errno 8] nodename nor servname provided, or not known>
  [ERROR] https://koeln.mitvergnuegen.com/api/v1/tips/36018/: <urlopen error [Errno 8] nodename nor servname provided, or not known>
  [ERROR] https://koeln.mitvergnuegen.com/api/v1/tips/36028/: <urlopen error [Errno 8] nodename nor servname provided, or not known>
  [ERROR] https://koeln.mitvergnuegen.com/api/v1/tips/36138/: <urlopen error [Errno 8] nodename nor servname provided, or not known>
  [ERROR] https://koeln.mitvergnuegen.com/api/v1/tips/36203/: <urlopen error [Errno 8] nodename nor servname provided, or not known>
  [ERROR] https://koeln.mitvergnuegen.com/api/v1/tips/36205/: <urlopen error [Errno 8] nodename nor servname provided, or not known>
  [ERROR] https://koeln.mitvergnuegen.com/api/v1/tips/36210/: <urlopen error [Errno 8] nodename nor servname provided, or not known>
  [ERROR] https://koeln.mitvergnuegen.com/api/v1/tips/36213/: <urlopen error [Errno 8] nodename nor servname provided, or not known>
  [ERROR] https://koeln.mitvergnuegen.com/api/v1/tips/36236/: <urlopen error [Errno 8] nodename nor servname provided, or not known>
  [ERROR] https://koeln.mitvergnuegen.com/api/v1/tips/36246/: <urlopen error [Errno 8] nodename nor servname provided, or not known>
  [ERROR] https://koeln.mitvergnuegen.com/api/v1/tips/36251/: <urlopen error [Errno 8] nodename nor servname provided, or not known>
  [ERROR] https://koeln.mitvergnuegen.com/api/v1/tips/36252/: <urlopen error [Errno 8] nodename nor servname provided, or not known>
  [ERROR] https://koeln.mitvergnuegen.com/api/v1/tips/36263/: <urlopen error [Errno 8] nodename nor servname provided, or not known>
  [ERROR] https://koeln.mitvergnuegen.com/api/v1/tips/36266/: <urlopen error [Errno 8] nodename nor servname provided, or not known>
  [ERROR] https://koeln.mitvergnuegen.com/api/v1/tips/36270/: <urlopen error [Errno 8] nodename nor servname provided, or not known>
  [ERROR] https://koeln.mitvergnuegen.com/api/v1/tips/36274/: <urlopen error [Errno 8] nodename nor servname provided, or not known>
  [ERROR] https://koeln.mitvergnuegen.com/api/v1/tips/36278/: <urlopen error [Errno 8] nodename nor servname provided, or not known>
  [ERROR] https://koeln.mitvergnuegen.com/api/v1/tips/36281/: <urlopen error [Errno 8] nodename nor servname provided, or not known>
  [ERROR] https://koeln.mitvergnuegen.com/api/v1/tips/36284/: <urlopen error [Errno 8] nodename nor servname provided, or not known>
  [ERROR] https://koeln.mitvergnuegen.com/api/v1/tips/36288/: <urlopen error [Errno 8] nodename nor servname provided, or not known>
  [ERROR] https://koeln.mitvergnuegen.com/api/v1/tips/36309/: <urlopen error [Errno 8] nodename nor servname provided, or not known>
  [ERROR] https://koeln.mitvergnuegen.com/api/v1/tips/36362/: <urlopen error [Errno 8] nodename nor servname provided, or not known>
  [ERROR] https://koeln.mitvergnuegen.com/api/v1/tips/36364/: <urlopen error [Errno 8] nodename nor servname provided, or not known>
  [ERROR] https://koeln.mitvergnuegen.com/api/v1/tips/36474/: <urlopen error [Errno 8] nodename nor servname provided, or not known>
  [ERROR] https://koeln.mitvergnuegen.com/api/v1/tips/36553/: <urlopen error [Errno 8] nodename nor servname provided, or not known>
  [ERROR] https://koeln.mitvergnuegen.com/api/v1/tips/36585/: <urlopen error [Errno 8] nodename nor servname provided, or not known>
  [ERROR] https://koeln.mitvergnuegen.com/api/v1/tips/36604/: <urlopen error [Errno 8] nodename nor servname provided, or not known>
  [ERROR] https://koeln.mitvergnuegen.com/api/v1/tips/36824/: <urlopen error [Errno 8] nodename nor servname provided, or not known>
  [ERROR] https://koeln.mitvergnuegen.com/api/v1/tips/36826/: <urlopen error [Errno 8] nodename nor servname provided, or not known>
  [ERROR] https://koeln.mitvergnuegen.com/api/v1/tips/36832/: <urlopen error [Errno 8] nodename nor servname provided, or not known>
  [ERROR] https://koeln.mitvergnuegen.com/api/v1/tips/36835/: <urlopen error [Errno 8] nodename nor servname provided, or not known>
  [ERROR] https://koeln.mitvergnuegen.com/api/v1/tips/36836/: <urlopen error [Errno 8] nodename nor servname provided, or not known>
  [ERROR] https://koeln.mitvergnuegen.com/api/v1/tips/36939/: <urlopen error [Errno 8] nodename nor servname provided, or not known>
  [ERROR] https://koeln.mitvergnuegen.com/api/v1/tips/37055/: <urlopen error [Errno 8] nodename nor servname provided, or not known>
  [ERROR] https://koeln.mitvergnuegen.com/api/v1/tips/37065/: <urlopen error [Errno 8] nodename nor servname provided, or not known>
  [ERROR] https://koeln.mitvergnuegen.com/api/v1/tips/37084/: <urlopen error [Errno 8] nodename nor servname provided, or not known>
  [ERROR] https://koeln.mitvergnuegen.com/api/v1/tips/37088/: <urlopen error [Errno 8] nodename nor servname provided, or not known>
  [ERROR] https://koeln.mitvergnuegen.com/api/v1/tips/37187/: <urlopen error [Errno 8] nodename nor servname provided, or not known>
  [ERROR] https://koeln.mitvergnuegen.com/api/v1/tips/37191/: <urlopen error [Errno 8] nodename nor servname provided, or not known>
  [ERROR] https://koeln.mitvergnuegen.com/api/v1/tips/37195/: <urlopen error [Errno 8] nodename nor servname provided, or not known>
  [ERROR] https://koeln.mitvergnuegen.com/api/v1/tips/37202/: <urlopen error [Errno 8] nodename nor servname provided, or not known>
  [ERROR] https://koeln.mitvergnuegen.com/api/v1/tips/37212/: <urlopen error [Errno 8] nodename nor servname provided, or not known>
  [ERROR] https://koeln.mitvergnuegen.com/api/v1/tips/37227/: <urlopen error [Errno 8] nodename nor servname provided, or not known>
  [ERROR] https://koeln.mitvergnuegen.com/api/v1/tips/37297/: <urlopen error [Errno 8] nodename nor servname provided, or not known>
  [ERROR] https://koeln.mitvergnuegen.com/api/v1/tips/37303/: <urlopen error [Errno 8] nodename nor servname provided, or not known>
  [ERROR] https://koeln.mitvergnuegen.com/api/v1/tips/37311/: <urlopen error [Errno 8] nodename nor servname provided, or not known>
  [ERROR] https://koeln.mitvergnuegen.com/api/v1/tips/37375/: <urlopen error [Errno 8] nodename nor servname provided, or not known>
  [ERROR] https://koeln.mitvergnuegen.com/api/v1/tips/37377/: <urlopen error [Errno 8] nodename nor servname provided, or not known>
  [ERROR] https://koeln.mitvergnuegen.com/api/v1/tips/37391/: <urlopen error [Errno 8] nodename nor servname provided, or not known>
  [ERROR] https://koeln.mitvergnuegen.com/api/v1/tips/37400/: <urlopen error [Errno 8] nodename nor servname provided, or not known>
  [ERROR] https://koeln.mitvergnuegen.com/api/v1/tips/37403/: <urlopen error [Errno 8] nodename nor servname provided, or not known>
  [ERROR] https://koeln.mitvergnuegen.com/api/v1/tips/37416/: <urlopen error [Errno 8] nodename nor servname provided, or not known>
  [ERROR] https://koeln.mitvergnuegen.com/api/v1/tips/37427/: <urlopen error [Errno 8] nodename nor servname provided, or not known>
  [ERROR] https://koeln.mitvergnuegen.com/api/v1/tips/37440/: <urlopen error [Errno 8] nodename nor servname provided, or not known>
  [ERROR] https://koeln.mitvergnuegen.com/api/v1/tips/37521/: <urlopen error [Errno 8] nodename nor servname provided, or not known>
  [ERROR] https://koeln.mitvergnuegen.com/api/v1/tips/37538/: <urlopen error [Errno 8] nodename nor servname provided, or not known>
  [ERROR] https://koeln.mitvergnuegen.com/api/v1/tips/37546/: <urlopen error [Errno 8] nodename nor servname provided, or not known>
  [ERROR] https://koeln.mitvergnuegen.com/api/v1/tips/37547/: <urlopen error [Errno 8] nodename nor servname provided, or not known>
  [ERROR] https://koeln.mitvergnuegen.com/api/v1/tips/37557/: <urlopen error [Errno 8] nodename nor servname provided, or not known>
  [ERROR] https://koeln.mitvergnuegen.com/api/v1/tips/37570/: <urlopen error [Errno 8] nodename nor servname provided, or not known>
  [ERROR] https://koeln.mitvergnuegen.com/api/v1/tips/37633/: <urlopen error [Errno 8] nodename nor servname provided, or not known>
  [ERROR] https://koeln.mitvergnuegen.com/api/v1/tips/37656/: <urlopen error [Errno 8] nodename nor servname provided, or not known>
  [ERROR] https://koeln.mitvergnuegen.com/api/v1/tips/37662/: <urlopen error [Errno 8] nodename nor servname provided, or not known>
  [ERROR] https://koeln.mitvergnuegen.com/api/v1/tips/37671/: <urlopen error [Errno 8] nodename nor servname provided, or not known>
  [ERROR] https://koeln.mitvergnuegen.com/api/v1/tips/37672/: <urlopen error [Errno 8] nodename nor servname provided, or not known>
  [ERROR] https://koeln.mitvergnuegen.com/api/v1/tips/37674/: <urlopen error [Errno 8] nodename nor servname provided, or not known>
  [ERROR] https://koeln.mitvergnuegen.com/api/v1/tips/37684/: <urlopen error [Errno 8] nodename nor servname provided, or not known>
  [ERROR] https://koeln.mitvergnuegen.com/api/v1/tips/37689/: <urlopen error [Errno 8] nodename nor servname provided, or not known>
  [ERROR] https://koeln.mitvergnuegen.com/api/v1/tips/37693/: <urlopen error [Errno 8] nodename nor servname provided, or not known>
  [ERROR] https://koeln.mitvergnuegen.com/api/v1/tips/37696/: <urlopen error [Errno 8] nodename nor servname provided, or not known>
  [ERROR] https://koeln.mitvergnuegen.com/api/v1/tips/37707/: <urlopen error [Errno 8] nodename nor servname provided, or not known>
  [ERROR] https://koeln.mitvergnuegen.com/api/v1/tips/38035/: <urlopen error [Errno 8] nodename nor servname provided, or not known>
  [ERROR] https://koeln.mitvergnuegen.com/api/v1/tips/38078/: <urlopen error [Errno 8] nodename nor servname provided, or not known>
  [ERROR] https://koeln.mitvergnuegen.com/api/v1/tips/38261/: <urlopen error [Errno 8] nodename nor servname provided, or not known>
  [ERROR] https://koeln.mitvergnuegen.com/api/v1/tips/38389/: <urlopen error [Errno 8] nodename nor servname provided, or not known>
  [ERROR] https://koeln.mitvergnuegen.com/api/v1/tips/38526/: <urlopen error [Errno 8] nodename nor servname provided, or not known>
  [ERROR] https://koeln.mitvergnuegen.com/api/v1/tips/38547/: <urlopen error [Errno 8] nodename nor servname provided, or not known>
  [ERROR] https://koeln.mitvergnuegen.com/api/v1/tips/38731/: <urlopen error [Errno 8] nodename nor servname provided, or not known>
  [ERROR] https://koeln.mitvergnuegen.com/api/v1/tips/38733/: <urlopen error [Errno 8] nodename nor servname provided, or not known>
  [ERROR] https://koeln.mitvergnuegen.com/api/v1/tips/38783/: <urlopen error [Errno 8] nodename nor servname provided, or not known>
  [ERROR] https://koeln.mitvergnuegen.com/api/v1/tips/38843/: <urlopen error [Errno 8] nodename nor servname provided, or not known>
  [ERROR] https://koeln.mitvergnuegen.com/api/v1/tips/38863/: <urlopen error [Errno 8] nodename nor servname provided, or not known>
  [ERROR] https://koeln.mitvergnuegen.com/api/v1/tips/39063/: <urlopen error [Errno 8] nodename nor servname provided, or not known>
  [ERROR] https://koeln.mitvergnuegen.com/api/v1/tips/39136/: <urlopen error [Errno 8] nodename nor servname provided, or not known>
  [ERROR] https://koeln.mitvergnuegen.com/api/v1/tips/39167/: <urlopen error [Errno 8] nodename nor servname provided, or not known>
  [ERROR] https://koeln.mitvergnuegen.com/api/v1/tips/39178/: <urlopen error [Errno 8] nodename nor servname provided, or not known>
  [ERROR] https://koeln.mitvergnuegen.com/api/v1/tips/39184/: <urlopen error [Errno 8] nodename nor servname provided, or not known>
  [ERROR] https://koeln.mitvergnuegen.com/api/v1/tips/39196/: <urlopen error [Errno 8] nodename nor servname provided, or not known>
  [ERROR] https://koeln.mitvergnuegen.com/api/v1/tips/39201/: <urlopen error [Errno 8] nodename nor servname provided, or not known>
  [ERROR] https://koeln.mitvergnuegen.com/api/v1/tips/39398/: <urlopen error [Errno 8] nodename nor servname provided, or not known>
  [ERROR] https://koeln.mitvergnuegen.com/api/v1/tips/39489/: <urlopen error [Errno 8] nodename nor servname provided, or not known>
  [ERROR] https://koeln.mitvergnuegen.com/api/v1/tips/39493/: <urlopen error [Errno 8] nodename nor servname provided, or not known>
  [ERROR] https://koeln.mitvergnuegen.com/api/v1/tips/39496/: <urlopen error [Errno 8] nodename nor servname provided, or not known>
  [ERROR] https://koeln.mitvergnuegen.com/api/v1/tips/39502/: <urlopen error [Errno 8] nodename nor servname provided, or not known>
  [ERROR] https://koeln.mitvergnuegen.com/api/v1/tips/39512/: <urlopen error [Errno 8] nodename nor servname provided, or not known>
  [ERROR] https://koeln.mitvergnuegen.com/api/v1/tips/39543/: <urlopen error [Errno 8] nodename nor servname provided, or not known>
  [ERROR] https://koeln.mitvergnuegen.com/api/v1/tips/39569/: <urlopen error [Errno 8] nodename nor servname provided, or not known>
  [ERROR] https://koeln.mitvergnuegen.com/api/v1/tips/39574/: <urlopen error [Errno 8] nodename nor servname provided, or not known>
  [ERROR] https://koeln.mitvergnuegen.com/api/v1/tips/39576/: <urlopen error [Errno 8] nodename nor servname provided, or not known>
  [ERROR] https://koeln.mitvergnuegen.com/api/v1/tips/39609/: <urlopen error [Errno 8] nodename nor servname provided, or not known>
  [ERROR] https://koeln.mitvergnuegen.com/api/v1/tips/39622/: <urlopen error [Errno 8] nodename nor servname provided, or not known>
  [ERROR] https://koeln.mitvergnuegen.com/api/v1/tips/39645/: <urlopen error [Errno 8] nodename nor servname provided, or not known>
  [ERROR] https://koeln.mitvergnuegen.com/api/v1/tips/39646/: <urlopen error [Errno 8] nodename nor servname provided, or not known>
  [ERROR] https://koeln.mitvergnuegen.com/api/v1/tips/39802/: <urlopen error [Errno 8] nodename nor servname provided, or not known>
  [ERROR] https://koeln.mitvergnuegen.com/api/v1/tips/39813/: <urlopen error [Errno 8] nodename nor servname provided, or not known>
  [ERROR] https://koeln.mitvergnuegen.com/api/v1/tips/39830/: <urlopen error [Errno 8] nodename nor servname provided, or not known>
  [ERROR] https://koeln.mitvergnuegen.com/api/v1/tips/39832/: <urlopen error [Errno 8] nodename nor servname provided, or not known>
  [ERROR] https://koeln.mitvergnuegen.com/api/v1/tips/39844/: <urlopen error [Errno 8] nodename nor servname provided, or not known>
  [ERROR] https://koeln.mitvergnuegen.com/api/v1/tips/39848/: <urlopen error [Errno 8] nodename nor servname provided, or not known>
  [ERROR] https://koeln.mitvergnuegen.com/api/v1/tips/39853/: <urlopen error [Errno 8] nodename nor servname provided, or not known>
  [ERROR] https://koeln.mitvergnuegen.com/api/v1/tips/39855/: <urlopen error [Errno 8] nodename nor servname provided, or not known>
  [ERROR] https://koeln.mitvergnuegen.com/api/v1/tips/39897/: <urlopen error [Errno 8] nodename nor servname provided, or not known>
  [ERROR] https://koeln.mitvergnuegen.com/api/v1/tips/39899/: <urlopen error [Errno 8] nodename nor servname provided, or not known>
  [ERROR] https://koeln.mitvergnuegen.com/api/v1/tips/39901/: <urlopen error [Errno 8] nodename nor servname provided, or not known>
  [ERROR] https://koeln.mitvergnuegen.com/api/v1/tips/39921/: <urlopen error [Errno 8] nodename nor servname provided, or not known>
  [ERROR] https://koeln.mitvergnuegen.com/api/v1/tips/39925/: <urlopen error [Errno 8] nodename nor servname provided, or not known>
  [ERROR] https://koeln.mitvergnuegen.com/api/v1/tips/39940/: <urlopen error [Errno 8] nodename nor servname provided, or not known>
  [ERROR] https://koeln.mitvergnuegen.com/api/v1/tips/39948/: <urlopen error [Errno 8] nodename nor servname provided, or not known>
  [ERROR] https://koeln.mitvergnuegen.com/api/v1/tips/40021/: <urlopen error [Errno 8] nodename nor servname provided, or not known>
  [ERROR] https://koeln.mitvergnuegen.com/api/v1/tips/40113/: <urlopen error [Errno 8] nodename nor servname provided, or not known>
  [ERROR] https://koeln.mitvergnuegen.com/api/v1/tips/40116/: <urlopen error [Errno 8] nodename nor servname provided, or not known>
  [ERROR] https://koeln.mitvergnuegen.com/api/v1/tips/40128/: <urlopen error [Errno 8] nodename nor servname provided, or not known>
  [ERROR] https://koeln.mitvergnuegen.com/api/v1/tips/40219/: <urlopen error [Errno 8] nodename nor servname provided, or not known>
  [ERROR] https://koeln.mitvergnuegen.com/api/v1/tips/40230/: <urlopen error [Errno 8] nodename nor servname provided, or not known>
  [ERROR] https://koeln.mitvergnuegen.com/api/v1/tips/40247/: <urlopen error [Errno 8] nodename nor servname provided, or not known>
  [ERROR] https://koeln.mitvergnuegen.com/api/v1/tips/40340/: <urlopen error [Errno 8] nodename nor servname provided, or not known>
  [ERROR] https://koeln.mitvergnuegen.com/api/v1/tips/40344/: <urlopen error [Errno 8] nodename nor servname provided, or not known>
  [ERROR] https://koeln.mitvergnuegen.com/api/v1/tips/40538/: <urlopen error [Errno 8] nodename nor servname provided, or not known>
  [ERROR] https://koeln.mitvergnuegen.com/api/v1/tips/40615/: <urlopen error [Errno 8] nodename nor servname provided, or not known>
  [ERROR] https://koeln.mitvergnuegen.com/api/v1/tips/40620/: <urlopen error [Errno 8] nodename nor servname provided, or not known>
  [ERROR] https://koeln.mitvergnuegen.com/api/v1/tips/40636/: <urlopen error [Errno 8] nodename nor servname provided, or not known>
  [ERROR] https://koeln.mitvergnuegen.com/api/v1/tips/40648/: <urlopen error [Errno 8] nodename nor servname provided, or not known>
  [ERROR] https://koeln.mitvergnuegen.com/api/v1/tips/40673/: <urlopen error [Errno 8] nodename nor servname provided, or not known>
  [ERROR] https://koeln.mitvergnuegen.com/api/v1/tips/40740/: <urlopen error [Errno 8] nodename nor servname provided, or not known>
  [ERROR] https://koeln.mitvergnuegen.com/api/v1/tips/40870/: <urlopen error [Errno 8] nodename nor servname provided, or not known>
  [ERROR] https://koeln.mitvergnuegen.com/api/v1/tips/40876/: <urlopen error [Errno 8] nodename nor servname provided, or not known>
  [ERROR] https://koeln.mitvergnuegen.com/api/v1/tips/40885/: <urlopen error [Errno 8] nodename nor servname provided, or not known>
  [ERROR] https://koeln.mitvergnuegen.com/api/v1/tips/40889/: <urlopen error [Errno 8] nodename nor servname provided, or not known>
  [ERROR] https://koeln.mitvergnuegen.com/api/v1/tips/40940/: <urlopen error [Errno 8] nodename nor servname provided, or not known>
  [ERROR] https://koeln.mitvergnuegen.com/api/v1/tips/40970/: <urlopen error [Errno 8] nodename nor servname provided, or not known>
  [ERROR] https://koeln.mitvergnuegen.com/api/v1/tips/41007/: <urlopen error [Errno 8] nodename nor servname provided, or not known>
  [ERROR] https://koeln.mitvergnuegen.com/api/v1/tips/41118/: <urlopen error [Errno 8] nodename nor servname provided, or not known>
  [ERROR] https://koeln.mitvergnuegen.com/api/v1/tips/41716/: <urlopen error [Errno 8] nodename nor servname provided, or not known>
  [ERROR] https://koeln.mitvergnuegen.com/api/v1/tips/41721/: <urlopen error [Errno 8] nodename nor servname provided, or not known>
  [ERROR] https://koeln.mitvergnuegen.com/api/v1/tips/42379/: <urlopen error [Errno 8] nodename nor servname provided, or not known>
  [ERROR] https://koeln.mitvergnuegen.com/api/v1/tips/42410/: <urlopen error [Errno 8] nodename nor servname provided, or not known>
  [ERROR] https://koeln.mitvergnuegen.com/api/v1/tips/42496/: <urlopen error [Errno 8] nodename nor servname provided, or not known>
  [ERROR] https://koeln.mitvergnuegen.com/api/v1/tips/42505/: <urlopen error [Errno 8] nodename nor servname provided, or not known>
  [ERROR] https://koeln.mitvergnuegen.com/api/v1/tips/42566/: <urlopen error [Errno 8] nodename nor servname provided, or not known>
  [ERROR] https://koeln.mitvergnuegen.com/api/v1/tips/42687/: <urlopen error [Errno 8] nodename nor servname provided, or not known>
  [ERROR] https://koeln.mitvergnuegen.com/api/v1/tips/42739/: <urlopen error [Errno 8] nodename nor servname provided, or not known>
  [ERROR] https://koeln.mitvergnuegen.com/api/v1/tips/42833/: <urlopen error [Errno 8] nodename nor servname provided, or not known>
  [ERROR] https://koeln.mitvergnuegen.com/api/v1/tips/42837/: <urlopen error [Errno 8] nodename nor servname provided, or not known>
  [ERROR] https://koeln.mitvergnuegen.com/api/v1/tips/42941/: <urlopen error [Errno 8] nodename nor servname provided, or not known>
  [ERROR] https://koeln.mitvergnuegen.com/api/v1/tips/42988/: <urlopen error [Errno 8] nodename nor servname provided, or not known>
  [ERROR] https://koeln.mitvergnuegen.com/api/v1/tips/43197/: <urlopen error [Errno 8] nodename nor servname provided, or not known>
  [ERROR] https://koeln.mitvergnuegen.com/api/v1/tips/43204/: <urlopen error [Errno 8] nodename nor servname provided, or not known>
  [ERROR] https://koeln.mitvergnuegen.com/api/v1/tips/43257/: <urlopen error [Errno 8] nodename nor servname provided, or not known>
  [ERROR] https://koeln.mitvergnuegen.com/api/v1/tips/43261/: <urlopen error [Errno 8] nodename nor servname provided, or not known>
  [ERROR] https://koeln.mitvergnuegen.com/api/v1/tips/43263/: <urlopen error [Errno 8] nodename nor servname provided, or not known>
  [ERROR] https://koeln.mitvergnuegen.com/api/v1/tips/43268/: <urlopen error [Errno 8] nodename nor servname provided, or not known>
  [ERROR] https://koeln.mitvergnuegen.com/api/v1/tips/43271/: <urlopen error [Errno 8] nodename nor servname provided, or not known>
  [ERROR] https://koeln.mitvergnuegen.com/api/v1/tips/43276/: <urlopen error [Errno 8] nodename nor servname provided, or not known>
  [ERROR] https://koeln.mitvergnuegen.com/api/v1/tips/43281/: <urlopen error [Errno 8] nodename nor servname provided, or not known>
  [ERROR] https://koeln.mitvergnuegen.com/api/v1/tips/43286/: <urlopen error [Errno 8] nodename nor servname provided, or not known>
  [ERROR] https://koeln.mitvergnuegen.com/api/v1/tips/43297/: <urlopen error [Errno 8] nodename nor servname provided, or not known>
  [ERROR] https://koeln.mitvergnuegen.com/api/v1/tips/43371/: <urlopen error [Errno 8] nodename nor servname provided, or not known>
  [ERROR] https://koeln.mitvergnuegen.com/api/v1/tips/43579/: <urlopen error [Errno 8] nodename nor servname provided, or not known>
  [ERROR] https://koeln.mitvergnuegen.com/api/v1/tips/43581/: <urlopen error [Errno 8] nodename nor servname provided, or not known>
  [ERROR] https://koeln.mitvergnuegen.com/api/v1/tips/43583/: <urlopen error [Errno 8] nodename nor servname provided, or not known>
  [ERROR] https://koeln.mitvergnuegen.com/api/v1/tips/43650/: <urlopen error [Errno 8] nodename nor servname provided, or not known>
  [ERROR] https://koeln.mitvergnuegen.com/api/v1/tips/43656/: <urlopen error [Errno 8] nodename nor servname provided, or not known>
  [ERROR] https://koeln.mitvergnuegen.com/api/v1/tips/43659/: <urlopen error [Errno 8] nodename nor servname provided, or not known>
  [ERROR] https://koeln.mitvergnuegen.com/api/v1/tips/43724/: <urlopen error [Errno 8] nodename nor servname provided, or not known>
  [ERROR] https://koeln.mitvergnuegen.com/api/v1/tips/43965/: <urlopen error [Errno 8] nodename nor servname provided, or not known>
  [ERROR] https://koeln.mitvergnuegen.com/api/v1/tips/44258/: <urlopen error [Errno 8] nodename nor servname provided, or not known>
  [ERROR] https://koeln.mitvergnuegen.com/api/v1/tips/44308/: <urlopen error [Errno 8] nodename nor servname provided, or not known>
  [ERROR] https://koeln.mitvergnuegen.com/api/v1/tips/44313/: <urlopen error [Errno 8] nodename nor servname provided, or not known>
  [ERROR] https://koeln.mitvergnuegen.com/api/v1/tips/44318/: <urlopen error [Errno 8] nodename nor servname provided, or not known>
  [ERROR] https://koeln.mitvergnuegen.com/api/v1/tips/44322/: <urlopen error [Errno 8] nodename nor servname provided, or not known>
  [ERROR] https://koeln.mitvergnuegen.com/api/v1/tips/44336/: <urlopen error [Errno 8] nodename nor servname provided, or not known>
  [ERROR] https://koeln.mitvergnuegen.com/api/v1/tips/44340/: <urlopen error [Errno 8] nodename nor servname provided, or not known>
  [ERROR] https://koeln.mitvergnuegen.com/api/v1/tips/44343/: <urlopen error [Errno 8] nodename nor servname provided, or not known>
  [ERROR] https://koeln.mitvergnuegen.com/api/v1/tips/44353/: <urlopen error [Errno 8] nodename nor servname provided, or not known>
  [ERROR] https://koeln.mitvergnuegen.com/api/v1/tips/44359/: <urlopen error [Errno 8] nodename nor servname provided, or not known>
  [ERROR] https://koeln.mitvergnuegen.com/api/v1/tips/44363/: <urlopen error [Errno 8] nodename nor servname provided, or not known>
  [ERROR] https://koeln.mitvergnuegen.com/api/v1/tips/44475/: <urlopen error [Errno 8] nodename nor servname provided, or not known>
  [ERROR] https://koeln.mitvergnuegen.com/api/v1/tips/44563/: <urlopen error [Errno 8] nodename nor servname provided, or not known>
  [ERROR] https://koeln.mitvergnuegen.com/api/v1/tips/44566/: <urlopen error [Errno 8] nodename nor servname provided, or not known>
  [ERROR] https://koeln.mitvergnuegen.com/api/v1/tips/44568/: <urlopen error [Errno 8] nodename nor servname provided, or not known>
  [ERROR] https://koeln.mitvergnuegen.com/api/v1/tips/44571/: <urlopen error [Errno 8] nodename nor servname provided, or not known>
  [ERROR] https://koeln.mitvergnuegen.com/api/v1/tips/44599/: <urlopen error [Errno 8] nodename nor servname provided, or not known>
  [ERROR] https://koeln.mitvergnuegen.com/api/v1/tips/44611/: <urlopen error [Errno 8] nodename nor servname provided, or not known>
  [ERROR] https://koeln.mitvergnuegen.com/api/v1/tips/44727/: <urlopen error [Errno 8] nodename nor servname provided, or not known>
  [ERROR] https://koeln.mitvergnuegen.com/api/v1/tips/44732/: <urlopen error [Errno 8] nodename nor servname provided, or not known>
  [ERROR] https://koeln.mitvergnuegen.com/api/v1/tips/44816/: <urlopen error [Errno 8] nodename nor servname provided, or not known>
  [ERROR] https://koeln.mitvergnuegen.com/api/v1/tips/44826/: <urlopen error [Errno 8] nodename nor servname provided, or not known>
  [ERROR] https://koeln.mitvergnuegen.com/api/v1/tips/44833/: <urlopen error [Errno 8] nodename nor servname provided, or not known>
  [ERROR] https://koeln.mitvergnuegen.com/api/v1/tips/44837/: <urlopen error [Errno 8] nodename nor servname provided, or not known>
  [ERROR] https://koeln.mitvergnuegen.com/api/v1/tips/44912/: <urlopen error [Errno 8] nodename nor servname provided, or not known>
  [ERROR] https://koeln.mitvergnuegen.com/api/v1/tips/44915/: <urlopen error [Errno 8] nodename nor servname provided, or not known>
  [ERROR] https://koeln.mitvergnuegen.com/api/v1/tips/44917/: <urlopen error [Errno 8] nodename nor servname provided, or not known>
  [ERROR] https://koeln.mitvergnuegen.com/api/v1/tips/44919/: <urlopen error [Errno 8] nodename nor servname provided, or not known>
  [ERROR] https://koeln.mitvergnuegen.com/api/v1/tips/44923/: <urlopen error [Errno 8] nodename nor servname provided, or not known>
  [ERROR] https://koeln.mitvergnuegen.com/api/v1/tips/44928/: <urlopen error [Errno 8] nodename nor servname provided, or not known>
  [ERROR] https://koeln.mitvergnuegen.com/api/v1/tips/44944/: <urlopen error [Errno 8] nodename nor servname provided, or not known>
  [ERROR] https://koeln.mitvergnuegen.com/api/v1/tips/44953/: <urlopen error [Errno 8] nodename nor servname provided, or not known>
  [ERROR] https://koeln.mitvergnuegen.com/api/v1/tips/44959/: <urlopen error [Errno 8] nodename nor servname provided, or not known>
  [ERROR] https://koeln.mitvergnuegen.com/api/v1/tips/44963/: <urlopen error [Errno 8] nodename nor servname provided, or not known>
  [ERROR] https://koeln.mitvergnuegen.com/api/v1/tips/44966/: <urlopen error [Errno 8] nodename nor servname provided, or not known>
  [ERROR] https://koeln.mitvergnuegen.com/api/v1/tips/44969/: <urlopen error [Errno 8] nodename nor servname provided, or not known>
  [ERROR] https://koeln.mitvergnuegen.com/api/v1/tips/44977/: <urlopen error [Errno 8] nodename nor servname provided, or not known>
  [ERROR] https://koeln.mitvergnuegen.com/api/v1/tips/44991/: <urlopen error [Errno 8] nodename nor servname provided, or not known>
  [ERROR] https://koeln.mitvergnuegen.com/api/v1/tips/45032/: <urlopen error [Errno 8] nodename nor servname provided, or not known>
  [ERROR] https://koeln.mitvergnuegen.com/api/v1/tips/45036/: <urlopen error [Errno 8] nodename nor servname provided, or not known>
  [ERROR] https://koeln.mitvergnuegen.com/api/v1/tips/45045/: <urlopen error [Errno 8] nodename nor servname provided, or not known>
  [ERROR] https://koeln.mitvergnuegen.com/api/v1/tips/45049/: <urlopen error [Errno 8] nodename nor servname provided, or not known>
  [ERROR] https://koeln.mitvergnuegen.com/api/v1/tips/45052/: <urlopen error [Errno 8] nodename nor servname provided, or not known>
  [ERROR] https://koeln.mitvergnuegen.com/api/v1/tips/45207/: <urlopen error [Errno 8] nodename nor servname provided, or not known>
  [ERROR] https://koeln.mitvergnuegen.com/api/v1/tips/45274/: <urlopen error [Errno 8] nodename nor servname provided, or not known>
  [ERROR] https://koeln.mitvergnuegen.com/api/v1/tips/45370/: <urlopen error [Errno 8] nodename nor servname provided, or not known>
  [ERROR] https://koeln.mitvergnuegen.com/api/v1/tips/45381/: <urlopen error [Errno 8] nodename nor servname provided, or not known>
  [ERROR] https://koeln.mitvergnuegen.com/api/v1/tips/45435/: <urlopen error [Errno 8] nodename nor servname provided, or not known>
  [ERROR] https://koeln.mitvergnuegen.com/api/v1/tips/45575/: <urlopen error [Errno 8] nodename nor servname provided, or not known>
  [ERROR] https://koeln.mitvergnuegen.com/api/v1/tips/45587/: <urlopen error [Errno 8] nodename nor servname provided, or not known>
  [ERROR] https://koeln.mitvergnuegen.com/api/v1/tips/45601/: <urlopen error [Errno 8] nodename nor servname provided, or not known>
  [ERROR] https://koeln.mitvergnuegen.com/api/v1/tips/45607/: <urlopen error [Errno 8] nodename nor servname provided, or not known>
  [ERROR] https://koeln.mitvergnuegen.com/api/v1/tips/45689/: <urlopen error [Errno 8] nodename nor servname provided, or not known>
  [ERROR] https://koeln.mitvergnuegen.com/api/v1/tips/45703/: <urlopen error [Errno 8] nodename nor servname provided, or not known>
  [ERROR] https://koeln.mitvergnuegen.com/api/v1/tips/45758/: <urlopen error [Errno 8] nodename nor servname provided, or not known>
  [ERROR] https://koeln.mitvergnuegen.com/api/v1/tips/45902/: <urlopen error [Errno 8] nodename nor servname provided, or not known>
  [ERROR] https://koeln.mitvergnuegen.com/api/v1/tips/45986/: <urlopen error [Errno 8] nodename nor servname provided, or not known>
  [ERROR] https://koeln.mitvergnuegen.com/api/v1/tips/46013/: <urlopen error [Errno 8] nodename nor servname provided, or not known>
  [ERROR] https://koeln.mitvergnuegen.com/api/v1/tips/46016/: <urlopen error [Errno 8] nodename nor servname provided, or not known>
  [ERROR] https://koeln.mitvergnuegen.com/api/v1/tips/46019/: <urlopen error [Errno 8] nodename nor servname provided, or not known>
  [ERROR] https://koeln.mitvergnuegen.com/api/v1/tips/46023/: <urlopen error [Errno 8] nodename nor servname provided, or not known>
  [ERROR] https://koeln.mitvergnuegen.com/api/v1/tips/46027/: <urlopen error [Errno 8] nodename nor servname provided, or not known>
  [ERROR] https://koeln.mitvergnuegen.com/api/v1/tips/46031/: <urlopen error [Errno 8] nodename nor servname provided, or not known>
  [ERROR] https://koeln.mitvergnuegen.com/api/v1/tips/46109/: <urlopen error [Errno 8] nodename nor servname provided, or not known>
  [ERROR] https://koeln.mitvergnuegen.com/api/v1/tips/46222/: <urlopen error [Errno 8] nodename nor servname provided, or not known>
  [ERROR] https://koeln.mitvergnuegen.com/api/v1/tips/46234/: <urlopen error [Errno 8] nodename nor servname provided, or not known>
  [ERROR] https://koeln.mitvergnuegen.com/api/v1/tips/46241/: <urlopen error [Errno 8] nodename nor servname provided, or not known>
  [ERROR] https://koeln.mitvergnuegen.com/api/v1/tips/46340/: <urlopen error [Errno 8] nodename nor servname provided, or not known>
  [ERROR] https://koeln.mitvergnuegen.com/api/v1/tips/46486/: <urlopen error [Errno 8] nodename nor servname provided, or not known>
  [ERROR] https://koeln.mitvergnuegen.com/api/v1/tips/46517/: <urlopen error [Errno 8] nodename nor servname provided, or not known>
  [ERROR] https://koeln.mitvergnuegen.com/api/v1/tips/46532/: <urlopen error [Errno 8] nodename nor servname provided, or not known>
  [ERROR] https://koeln.mitvergnuegen.com/api/v1/tips/46563/: <urlopen error [Errno 8] nodename nor servname provided, or not known>
  [ERROR] https://koeln.mitvergnuegen.com/api/v1/tips/46568/: <urlopen error [Errno 8] nodename nor servname provided, or not known>
  [ERROR] https://koeln.mitvergnuegen.com/api/v1/tips/46632/: <urlopen error [Errno 8] nodename nor servname provided, or not known>
  [ERROR] https://koeln.mitvergnuegen.com/api/v1/tips/46784/: <urlopen error [Errno 8] nodename nor servname provided, or not known>
  [ERROR] https://koeln.mitvergnuegen.com/api/v1/tips/46895/: <urlopen error [Errno 8] nodename nor servname provided, or not known>
  [ERROR] https://koeln.mitvergnuegen.com/api/v1/tips/46910/: <urlopen error [Errno 8] nodename nor servname provided, or not known>
  [ERROR] https://koeln.mitvergnuegen.com/api/v1/tips/46912/: <urlopen error [Errno 8] nodename nor servname provided, or not known>
  [ERROR] https://koeln.mitvergnuegen.com/api/v1/tips/46914/: <urlopen error [Errno 8] nodename nor servname provided, or not known>
  [ERROR] https://koeln.mitvergnuegen.com/api/v1/tips/46916/: <urlopen error [Errno 8] nodename nor servname provided, or not known>
  [ERROR] https://koeln.mitvergnuegen.com/api/v1/tips/46923/: <urlopen error [Errno 8] nodename nor servname provided, or not known>
  [ERROR] https://koeln.mitvergnuegen.com/api/v1/tips/46925/: <urlopen error [Errno 8] nodename nor servname provided, or not known>
  [ERROR] https://koeln.mitvergnuegen.com/api/v1/tips/46928/: <urlopen error [Errno 8] nodename nor servname provided, or not known>
  [ERROR] https://koeln.mitvergnuegen.com/api/v1/tips/46931/: <urlopen error [Errno 8] nodename nor servname provided, or not known>
  [ERROR] https://koeln.mitvergnuegen.com/api/v1/tips/47028/: <urlopen error [Errno 8] nodename nor servname provided, or not known>
  [ERROR] https://koeln.mitvergnuegen.com/api/v1/tips/47035/: <urlopen error [Errno 8] nodename nor servname provided, or not known>
  [ERROR] https://koeln.mitvergnuegen.com/api/v1/tips/47046/: <urlopen error [Errno 8] nodename nor servname provided, or not known>
  [ERROR] https://koeln.mitvergnuegen.com/api/v1/tips/47067/: <urlopen error [Errno 8] nodename nor servname provided, or not known>
  [ERROR] https://koeln.mitvergnuegen.com/api/v1/tips/47109/: <urlopen error [Errno 8] nodename nor servname provided, or not known>
  [ERROR] https://koeln.mitvergnuegen.com/api/v1/tips/47148/: <urlopen error [Errno 8] nodename nor servname provided, or not known>
  [ERROR] https://koeln.mitvergnuegen.com/api/v1/tips/47169/: <urlopen error [Errno 8] nodename nor servname provided, or not known>
  [ERROR] https://koeln.mitvergnuegen.com/api/v1/tips/47232/: <urlopen error [Errno 8] nodename nor servname provided, or not known>
  [ERROR] https://koeln.mitvergnuegen.com/api/v1/tips/47247/: <urlopen error [Errno 8] nodename nor servname provided, or not known>
  [ERROR] https://koeln.mitvergnuegen.com/api/v1/tips/47295/: <urlopen error [Errno 8] nodename nor servname provided, or not known>
  [ERROR] https://koeln.mitvergnuegen.com/api/v1/tips/47300/: <urlopen error [Errno 8] nodename nor servname provided, or not known>
  [ERROR] https://koeln.mitvergnuegen.com/api/v1/tips/47311/: <urlopen error [Errno 8] nodename nor servname provided, or not known>
  [ERROR] https://koeln.mitvergnuegen.com/api/v1/tips/47321/: <urlopen error [Errno 8] nodename nor servname provided, or not known>
  [ERROR] https://koeln.mitvergnuegen.com/api/v1/tips/47332/: <urlopen error [Errno 8] nodename nor servname provided, or not known>
  [ERROR] https://koeln.mitvergnuegen.com/api/v1/tips/47379/: <urlopen error [Errno 8] nodename nor servname provided, or not known>
  [ERROR] https://koeln.mitvergnuegen.com/api/v1/tips/47396/: <urlopen error [Errno 8] nodename nor servname provided, or not known>
  [ERROR] https://koeln.mitvergnuegen.com/api/v1/tips/47397/: <urlopen error [Errno 8] nodename nor servname provided, or not known>
  [ERROR] https://koeln.mitvergnuegen.com/api/v1/tips/47400/: <urlopen error [Errno 8] nodename nor servname provided, or not known>
  [ERROR] https://koeln.mitvergnuegen.com/api/v1/tips/47401/: <urlopen error [Errno 8] nodename nor servname provided, or not known>
  [ERROR] https://koeln.mitvergnuegen.com/api/v1/tips/47432/: <urlopen error [Errno 8] nodename nor servname provided, or not known>
  [ERROR] https://koeln.mitvergnuegen.com/api/v1/tips/47441/: <urlopen error [Errno 8] nodename nor servname provided, or not known>
  [ERROR] https://koeln.mitvergnuegen.com/api/v1/tips/47446/: <urlopen error [Errno 8] nodename nor servname provided, or not known>
  [ERROR] https://koeln.mitvergnuegen.com/api/v1/tips/47463/: <urlopen error [Errno 8] nodename nor servname provided, or not known>
  [ERROR] https://koeln.mitvergnuegen.com/api/v1/tips/47470/: <urlopen error [Errno 8] nodename nor servname provided, or not known>
  [ERROR] https://koeln.mitvergnuegen.com/api/v1/tips/47553/: <urlopen error [Errno 8] nodename nor servname provided, or not known>
  [ERROR] https://koeln.mitvergnuegen.com/api/v1/tips/47719/: <urlopen error [Errno 8] nodename nor servname provided, or not known>
  [ERROR] https://koeln.mitvergnuegen.com/api/v1/tips/47747/: <urlopen error [Errno 8] nodename nor servname provided, or not known>
  [ERROR] https://koeln.mitvergnuegen.com/api/v1/tips/47758/: <urlopen error [Errno 8] nodename nor servname provided, or not known>
  [ERROR] https://koeln.mitvergnuegen.com/api/v1/tips/47904/: <urlopen error [Errno 8] nodename nor servname provided, or not known>
  [ERROR] https://koeln.mitvergnuegen.com/api/v1/tips/47917/: <urlopen error [Errno 8] nodename nor servname provided, or not known>
  [ERROR] https://koeln.mitvergnuegen.com/api/v1/tips/47965/: <urlopen error [Errno 8] nodename nor servname provided, or not known>
  [ERROR] https://koeln.mitvergnuegen.com/api/v1/tips/48089/: <urlopen error [Errno 8] nodename nor servname provided, or not known>
  [ERROR] https://koeln.mitvergnuegen.com/api/v1/tips/48135/: <urlopen error [Errno 8] nodename nor servname provided, or not known>
  [ERROR] https://koeln.mitvergnuegen.com/api/v1/tips/48142/: <urlopen error [Errno 8] nodename nor servname provided, or not known>
  [ERROR] https://koeln.mitvergnuegen.com/api/v1/tips/48148/: <urlopen error [Errno 8] nodename nor servname provided, or not known>
  [ERROR] https://koeln.mitvergnuegen.com/api/v1/tips/48152/: <urlopen error [Errno 8] nodename nor servname provided, or not known>
  [ERROR] https://koeln.mitvergnuegen.com/api/v1/tips/48198/: <urlopen error [Errno 8] nodename nor servname provided, or not known>
  [ERROR] https://koeln.mitvergnuegen.com/api/v1/tips/48249/: <urlopen error [Errno 8] nodename nor servname provided, or not known>
  [ERROR] https://koeln.mitvergnuegen.com/api/v1/tips/48252/: <urlopen error [Errno 8] nodename nor servname provided, or not known>
  [ERROR] https://koeln.mitvergnuegen.com/api/v1/tips/48257/: <urlopen error [Errno 8] nodename nor servname provided, or not known>
  [ERROR] https://koeln.mitvergnuegen.com/api/v1/tips/48264/: <urlopen error [Errno 8] nodename nor servname provided, or not known>
  [ERROR] https://koeln.mitvergnuegen.com/api/v1/tips/48266/: <urlopen error [Errno 8] nodename nor servname provided, or not known>
  [ERROR] https://koeln.mitvergnuegen.com/api/v1/tips/48271/: <urlopen error [Errno 8] nodename nor servname provided, or not known>
  [ERROR] https://koeln.mitvergnuegen.com/api/v1/tips/48273/: <urlopen error [Errno 8] nodename nor servname provided, or not known>
  [ERROR] https://koeln.mitvergnuegen.com/api/v1/tips/48276/: <urlopen error [Errno 8] nodename nor servname provided, or not known>
  [ERROR] https://koeln.mitvergnuegen.com/api/v1/tips/48277/: <urlopen error [Errno 8] nodename nor servname provided, or not known>
  [ERROR] https://koeln.mitvergnuegen.com/api/v1/tips/48347/: <urlopen error [Errno 8] nodename nor servname provided, or not known>
  [ERROR] https://koeln.mitvergnuegen.com/api/v1/tips/48576/: <urlopen error [Errno 8] nodename nor servname provided, or not known>
  [ERROR] https://koeln.mitvergnuegen.com/api/v1/tips/48593/: <urlopen error [Errno 8] nodename nor servname provided, or not known>
  [ERROR] https://koeln.mitvergnuegen.com/api/v1/tips/48892/: <urlopen error [Errno 8] nodename nor servname provided, or not known>
  [ERROR] https://koeln.mitvergnuegen.com/api/v1/tips/48905/: <urlopen error [Errno 8] nodename nor servname provided, or not known>
  [ERROR] https://koeln.mitvergnuegen.com/api/v1/tips/48915/: <urlopen error [Errno 8] nodename nor servname provided, or not known>
  [ERROR] https://koeln.mitvergnuegen.com/api/v1/tips/48962/: <urlopen error [Errno 8] nodename nor servname provided, or not known>
  [ERROR] https://koeln.mitvergnuegen.com/api/v1/tips/49067/: <urlopen error [Errno 8] nodename nor servname provided, or not known>
  [ERROR] https://koeln.mitvergnuegen.com/api/v1/tips/49167/: <urlopen error [Errno 8] nodename nor servname provided, or not known>
  [ERROR] https://koeln.mitvergnuegen.com/api/v1/tips/49210/: <urlopen error [Errno 8] nodename nor servname provided, or not known>
  [ERROR] https://koeln.mitvergnuegen.com/api/v1/tips/49242/: <urlopen error [Errno 8] nodename nor servname provided, or not known>
  [ERROR] https://koeln.mitvergnuegen.com/api/v1/tips/49301/: <urlopen error [Errno 8] nodename nor servname provided, or not known>
  [ERROR] https://koeln.mitvergnuegen.com/api/v1/tips/49320/: <urlopen error [Errno 8] nodename nor servname provided, or not known>
  [ERROR] https://koeln.mitvergnuegen.com/api/v1/tips/49402/: <urlopen error [Errno 8] nodename nor servname provided, or not known>
  [ERROR] https://koeln.mitvergnuegen.com/api/v1/tips/49407/: <urlopen error [Errno 8] nodename nor servname provided, or not known>
  [ERROR] https://koeln.mitvergnuegen.com/api/v1/tips/49411/: <urlopen error [Errno 8] nodename nor servname provided, or not known>
  [ERROR] https://koeln.mitvergnuegen.com/api/v1/tips/49417/: <urlopen error [Errno 8] nodename nor servname provided, or not known>
  [ERROR] https://koeln.mitvergnuegen.com/api/v1/tips/49439/: <urlopen error [Errno 8] nodename nor servname provided, or not known>
  [ERROR] https://koeln.mitvergnuegen.com/api/v1/tips/49457/: <urlopen error [Errno 8] nodename nor servname provided, or not known>
  [ERROR] https://koeln.mitvergnuegen.com/api/v1/tips/49461/: <urlopen error [Errno 8] nodename nor servname provided, or not known>
  [ERROR] https://koeln.mitvergnuegen.com/api/v1/tips/49464/: <urlopen error [Errno 8] nodename nor servname provided, or not known>
  [ERROR] https://koeln.mitvergnuegen.com/api/v1/tips/49468/: <urlopen error [Errno 8] nodename nor servname provided, or not known>
  [ERROR] https://koeln.mitvergnuegen.com/api/v1/tips/49471/: <urlopen error [Errno 8] nodename nor servname provided, or not known>
  [ERROR] https://koeln.mitvergnuegen.com/api/v1/tips/49611/: <urlopen error [Errno 8] nodename nor servname provided, or not known>
  [ERROR] https://koeln.mitvergnuegen.com/api/v1/tips/49615/: <urlopen error [Errno 8] nodename nor servname provided, or not known>
  [ERROR] https://koeln.mitvergnuegen.com/api/v1/tips/49618/: <urlopen error [Errno 8] nodename nor servname provided, or not known>
  [ERROR] https://koeln.mitvergnuegen.com/api/v1/tips/49671/: <urlopen error [Errno 8] nodename nor servname provided, or not known>
  [ERROR] https://koeln.mitvergnuegen.com/api/v1/tips/49705/: <urlopen error [Errno 8] nodename nor servname provided, or not known>
  [ERROR] https://koeln.mitvergnuegen.com/api/v1/tips/49711/: <urlopen error [Errno 8] nodename nor servname provided, or not known>
  [ERROR] https://koeln.mitvergnuegen.com/api/v1/tips/49730/: <urlopen error [Errno 8] nodename nor servname provided, or not known>
  [ERROR] https://koeln.mitvergnuegen.com/api/v1/tips/49903/: <urlopen error [Errno 8] nodename nor servname provided, or not known>
  [ERROR] https://koeln.mitvergnuegen.com/api/v1/tips/49910/: <urlopen error [Errno 8] nodename nor servname provided, or not known>
  [ERROR] https://koeln.mitvergnuegen.com/api/v1/tips/49955/: <urlopen error [Errno 8] nodename nor servname provided, or not known>
  [ERROR] https://koeln.mitvergnuegen.com/api/v1/tips/49964/: <urlopen error [Errno 8] nodename nor servname provided, or not known>
  [ERROR] https://koeln.mitvergnuegen.com/api/v1/tips/49970/: <urlopen error [Errno 8] nodename nor servname provided, or not known>
  [ERROR] https://koeln.mitvergnuegen.com/api/v1/tips/49975/: <urlopen error [Errno 8] nodename nor servname provided, or not known>
  [ERROR] https://koeln.mitvergnuegen.com/api/v1/tips/49991/: <urlopen error [Errno 8] nodename nor servname provided, or not known>
  [ERROR] https://koeln.mitvergnuegen.com/api/v1/tips/50131/: <urlopen error [Errno 8] nodename nor servname provided, or not known>
  [ERROR] https://koeln.mitvergnuegen.com/api/v1/tips/50135/: <urlopen error [Errno 8] nodename nor servname provided, or not known>
  [ERROR] https://koeln.mitvergnuegen.com/api/v1/tips/50140/: <urlopen error [Errno 8] nodename nor servname provided, or not known>
  [ERROR] https://koeln.mitvergnuegen.com/api/v1/tips/50264/: <urlopen error [Errno 8] nodename nor servname provided, or not known>
  [ERROR] https://koeln.mitvergnuegen.com/api/v1/tips/50266/: <urlopen error [Errno 8] nodename nor servname provided, or not known>
  [ERROR] https://koeln.mitvergnuegen.com/api/v1/tips/50273/: <urlopen error [Errno 8] nodename nor servname provided, or not known>
  [ERROR] https://koeln.mitvergnuegen.com/api/v1/tips/50277/: <urlopen error [Errno 8] nodename nor servname provided, or not known>
  [ERROR] https://koeln.mitvergnuegen.com/api/v1/tips/50425/: <urlopen error [Errno 8] nodename nor servname provided, or not known>
  [ERROR] https://koeln.mitvergnuegen.com/api/v1/tips/50442/: <urlopen error [Errno 8] nodename nor servname provided, or not known>
  [ERROR] https://koeln.mitvergnuegen.com/api/v1/tips/50445/: <urlopen error [Errno 8] nodename nor servname provided, or not known>
  [ERROR] https://koeln.mitvergnuegen.com/api/v1/tips/50465/: <urlopen error [Errno 8] nodename nor servname provided, or not known>
  [ERROR] https://koeln.mitvergnuegen.com/api/v1/tips/50473/: <urlopen error [Errno 8] nodename nor servname provided, or not known>
  [ERROR] https://koeln.mitvergnuegen.com/api/v1/tips/50493/: <urlopen error [Errno 8] nodename nor servname provided, or not known>
  [ERROR] https://koeln.mitvergnuegen.com/api/v1/tips/50502/: <urlopen error [Errno 8] nodename nor servname provided, or not known>
  [ERROR] https://koeln.mitvergnuegen.com/api/v1/tips/50519/: <urlopen error [Errno 8] nodename nor servname provided, or not known>
  [ERROR] https://koeln.mitvergnuegen.com/api/v1/tips/50529/: <urlopen error [Errno 8] nodename nor servname provided, or not known>
  [ERROR] https://koeln.mitvergnuegen.com/api/v1/tips/50533/: <urlopen error [Errno 8] nodename nor servname provided, or not known>
  [ERROR] https://koeln.mitvergnuegen.com/api/v1/tips/50539/: <urlopen error [Errno 8] nodename nor servname provided, or not known>
  [ERROR] https://koeln.mitvergnuegen.com/api/v1/tips/50549/: <urlopen error [Errno 8] nodename nor servname provided, or not known>
  [ERROR] https://koeln.mitvergnuegen.com/api/v1/tips/50573/: <urlopen error [Errno 8] nodename nor servname provided, or not known>
  [ERROR] https://koeln.mitvergnuegen.com/api/v1/tips/50689/: <urlopen error [Errno 8] nodename nor servname provided, or not known>
  [ERROR] https://koeln.mitvergnuegen.com/api/v1/tips/50742/: <urlopen error [Errno 8] nodename nor servname provided, or not known>
  [ERROR] https://koeln.mitvergnuegen.com/api/v1/tips/50825/: <urlopen error [Errno 8] nodename nor servname provided, or not known>
  [ERROR] https://koeln.mitvergnuegen.com/api/v1/tips/50842/: <urlopen error [Errno 8] nodename nor servname provided, or not known>
  [ERROR] https://koeln.mitvergnuegen.com/api/v1/tips/50844/: <urlopen error [Errno 8] nodename nor servname provided, or not known>
  [ERROR] https://koeln.mitvergnuegen.com/api/v1/tips/50847/: <urlopen error [Errno 8] nodename nor servname provided, or not known>
  [ERROR] https://koeln.mitvergnuegen.com/api/v1/tips/50849/: <urlopen error [Errno 8] nodename nor servname provided, or not known>
  [ERROR] https://koeln.mitvergnuegen.com/api/v1/tips/50851/: <urlopen error [Errno 8] nodename nor servname provided, or not known>
  [ERROR] https://koeln.mitvergnuegen.com/api/v1/tips/50853/: <urlopen error [Errno 8] nodename nor servname provided, or not known>
  [ERROR] https://koeln.mitvergnuegen.com/api/v1/tips/50905/: <urlopen error [Errno 8] nodename nor servname provided, or not known>
  [ERROR] https://koeln.mitvergnuegen.com/api/v1/tips/50944/: <urlopen error [Errno 8] nodename nor servname provided, or not known>
  [ERROR] https://koeln.mitvergnuegen.com/api/v1/tips/50945/: <urlopen error [Errno 8] nodename nor servname provided, or not known>
  [ERROR] https://koeln.mitvergnuegen.com/api/v1/tips/51005/: <urlopen error [Errno 8] nodename nor servname provided, or not known>
  [ERROR] https://koeln.mitvergnuegen.com/api/v1/tips/51498/: <urlopen error [Errno 8] nodename nor servname provided, or not known>
  [ERROR] https://koeln.mitvergnuegen.com/api/v1/tips/51501/: <urlopen error [Errno 8] nodename nor servname provided, or not known>
  [ERROR] https://koeln.mitvergnuegen.com/api/v1/tips/51503/: <urlopen error [Errno 8] nodename nor servname provided, or not known>
  [ERROR] https://koeln.mitvergnuegen.com/api/v1/tips/51508/: <urlopen error [Errno 8] nodename nor servname provided, or not known>
  [ERROR] https://koeln.mitvergnuegen.com/api/v1/tips/51516/: <urlopen error [Errno 8] nodename nor servname provided, or not known>
  [ERROR] https://koeln.mitvergnuegen.com/api/v1/tips/51519/: <urlopen error [Errno 8] nodename nor servname provided, or not known>
  [ERROR] https://koeln.mitvergnuegen.com/api/v1/tips/51523/: <urlopen error [Errno 8] nodename nor servname provided, or not known>
  [ERROR] https://koeln.mitvergnuegen.com/api/v1/tips/51562/: <urlopen error [Errno 8] nodename nor servname provided, or not known>
  [ERROR] https://koeln.mitvergnuegen.com/api/v1/tips/51565/: <urlopen error [Errno 8] nodename nor servname provided, or not known>
  [ERROR] https://koeln.mitvergnuegen.com/api/v1/tips/51794/: <urlopen error [Errno 8] nodename nor servname provided, or not known>
  [ERROR] https://koeln.mitvergnuegen.com/api/v1/tips/51797/: <urlopen error [Errno 8] nodename nor servname provided, or not known>
  [ERROR] https://koeln.mitvergnuegen.com/api/v1/tips/51809/: <urlopen error [Errno 8] nodename nor servname provided, or not known>
  [ERROR] https://koeln.mitvergnuegen.com/api/v1/tips/52161/: <urlopen error [Errno 8] nodename nor servname provided, or not known>
  [ERROR] https://koeln.mitvergnuegen.com/api/v1/tips/52299/: <urlopen error [Errno 8] nodename nor servname provided, or not known>
  [ERROR] https://koeln.mitvergnuegen.com/api/v1/tips/52317/: <urlopen error [Errno 8] nodename nor servname provided, or not known>
  [ERROR] https://koeln.mitvergnuegen.com/api/v1/tips/52608/: <urlopen error [Errno 8] nodename nor servname provided, or not known>
  [ERROR] https://koeln.mitvergnuegen.com/api/v1/tips/52614/: <urlopen error [Errno 8] nodename nor servname provided, or not known>
  [ERROR] https://koeln.mitvergnuegen.com/api/v1/tips/52650/: <urlopen error [Errno 8] nodename nor servname provided, or not known>
  [ERROR] https://koeln.mitvergnuegen.com/api/v1/tips/52745/: <urlopen error [Errno 8] nodename nor servname provided, or not known>
  [ERROR] https://koeln.mitvergnuegen.com/api/v1/tips/52758/: <urlopen error [Errno 8] nodename nor servname provided, or not known>
  [ERROR] https://koeln.mitvergnuegen.com/api/v1/tips/52768/: <urlopen error [Errno 8] nodename nor servname provided, or not known>
  [ERROR] https://koeln.mitvergnuegen.com/api/v1/tips/52844/: <urlopen error [Errno 8] nodename nor servname provided, or not known>
  [ERROR] https://koeln.mitvergnuegen.com/api/v1/tips/53154/: <urlopen error [Errno 8] nodename nor servname provided, or not known>
  [ERROR] https://koeln.mitvergnuegen.com/api/v1/tips/53728/: <urlopen error [Errno 8] nodename nor servname provided, or not known>
  [ERROR] https://koeln.mitvergnuegen.com/api/v1/tips/53730/: <urlopen error [Errno 8] nodename nor servname provided, or not known>
  [ERROR] https://koeln.mitvergnuegen.com/api/v1/tips/53733/: <urlopen error [Errno 8] nodename nor servname provided, or not known>
  [ERROR] https://koeln.mitvergnuegen.com/api/v1/tips/53736/: <urlopen error [Errno 8] nodename nor servname provided, or not known>
  [ERROR] https://koeln.mitvergnuegen.com/api/v1/tips/53745/: <urlopen error [Errno 8] nodename nor servname provided, or not known>
  [ERROR] https://koeln.mitvergnuegen.com/api/v1/tips/53771/: <urlopen error [Errno 8] nodename nor servname provided, or not known>
  [ERROR] https://koeln.mitvergnuegen.com/api/v1/tips/53777/: <urlopen error [Errno 8] nodename nor servname provided, or not known>
  [ERROR] https://koeln.mitvergnuegen.com/api/v1/tips/53782/: <urlopen error [Errno 8] nodename nor servname provided, or not known>
  [ERROR] https://koeln.mitvergnuegen.com/api/v1/tips/53874/: <urlopen error [Errno 8] nodename nor servname provided, or not known>
  [ERROR] https://koeln.mitvergnuegen.com/api/v1/tips/54115/: <urlopen error [Errno 8] nodename nor servname provided, or not known>
  [ERROR] https://koeln.mitvergnuegen.com/api/v1/tips/54680/: <urlopen error [Errno 8] nodename nor servname provided, or not known>
  [ERROR] https://koeln.mitvergnuegen.com/api/v1/tips/54698/: <urlopen error [Errno 8] nodename nor servname provided, or not known>
  [ERROR] https://koeln.mitvergnuegen.com/api/v1/tips/54729/: <urlopen error [Errno 8] nodename nor servname provided, or not known>
  [ERROR] https://koeln.mitvergnuegen.com/api/v1/tips/54805/: <urlopen error [Errno 8] nodename nor servname provided, or not known>
  [ERROR] https://koeln.mitvergnuegen.com/api/v1/tips/54853/: <urlopen error [Errno 8] nodename nor servname provided, or not known>
  [ERROR] https://koeln.mitvergnuegen.com/api/v1/tips/55298/: <urlopen error [Errno 8] nodename nor servname provided, or not known>
  [ERROR] https://koeln.mitvergnuegen.com/api/v1/tips/55313/: <urlopen error [Errno 8] nodename nor servname provided, or not known>
  [ERROR] https://koeln.mitvergnuegen.com/api/v1/tips/55326/: <urlopen error [Errno 8] nodename nor servname provided, or not known>
  [ERROR] https://koeln.mitvergnuegen.com/api/v1/tips/55330/: <urlopen error [Errno 8] nodename nor servname provided, or not known>
  [ERROR] https://koeln.mitvergnuegen.com/api/v1/tips/55335/: <urlopen error [Errno 8] nodename nor servname provided, or not known>
  [ERROR] https://koeln.mitvergnuegen.com/api/v1/tips/55338/: <urlopen error [Errno 8] nodename nor servname provided, or not known>
  [ERROR] https://koeln.mitvergnuegen.com/api/v1/tips/55344/: <urlopen error [Errno 8] nodename nor servname provided, or not known>
  [ERROR] https://koeln.mitvergnuegen.com/api/v1/tips/55348/: <urlopen error [Errno 8] nodename nor servname provided, or not known>
  [ERROR] https://koeln.mitvergnuegen.com/api/v1/tips/55422/: <urlopen error [Errno 8] nodename nor servname provided, or not known>
  [ERROR] https://koeln.mitvergnuegen.com/api/v1/tips/55424/: <urlopen error [Errno 8] nodename nor servname provided, or not known>
  [ERROR] https://koeln.mitvergnuegen.com/api/v1/tips/55426/: <urlopen error [Errno 8] nodename nor servname provided, or not known>
  [ERROR] https://koeln.mitvergnuegen.com/api/v1/tips/55429/: <urlopen error [Errno 8] nodename nor servname provided, or not known>
  [ERROR] https://koeln.mitvergnuegen.com/api/v1/tips/55431/: <urlopen error [Errno 8] nodename nor servname provided, or not known>
  [ERROR] https://koeln.mitvergnuegen.com/api/v1/tips/55434/: <urlopen error [Errno 8] nodename nor servname provided, or not known>
  [ERROR] https://koeln.mitvergnuegen.com/api/v1/tips/55451/: <urlopen error [Errno 8] nodename nor servname provided, or not known>
  [ERROR] https://koeln.mitvergnuegen.com/api/v1/tips/55457/: <urlopen error [Errno 8] nodename nor servname provided, or not known>
  [ERROR] https://koeln.mitvergnuegen.com/api/v1/tips/55466/: <urlopen error [Errno 8] nodename nor servname provided, or not known>
  [ERROR] https://koeln.mitvergnuegen.com/api/v1/tips/55477/: <urlopen error [Errno 8] nodename nor servname provided, or not known>
  [ERROR] https://koeln.mitvergnuegen.com/api/v1/tips/55522/: <urlopen error [Errno 8] nodename nor servname provided, or not known>
  [ERROR] https://koeln.mitvergnuegen.com/api/v1/tips/55650/: <urlopen error [Errno 8] nodename nor servname provided, or not known>
  [ERROR] https://koeln.mitvergnuegen.com/api/v1/tips/55950/: <urlopen error [Errno 8] nodename nor servname provided, or not known>
  [ERROR] https://koeln.mitvergnuegen.com/api/v1/tips/56134/: <urlopen error [Errno 8] nodename nor servname provided, or not known>
  [ERROR] https://koeln.mitvergnuegen.com/api/v1/tips/56405/: <urlopen error [Errno 8] nodename nor servname provided, or not known>
  [ERROR] https://koeln.mitvergnuegen.com/api/v1/tips/56636/: <urlopen error [Errno 8] nodename nor servname provided, or not known>
  [ERROR] https://koeln.mitvergnuegen.com/api/v1/tips/56737/: <urlopen error [Errno 8] nodename nor servname provided, or not known>
  [ERROR] https://koeln.mitvergnuegen.com/api/v1/tips/56751/: <urlopen error [Errno 8] nodename nor servname provided, or not known>
  [ERROR] https://koeln.mitvergnuegen.com/api/v1/tips/57114/: <urlopen error [Errno 8] nodename nor servname provided, or not known>
  [ERROR] https://koeln.mitvergnuegen.com/api/v1/tips/57213/: <urlopen error [Errno 8] nodename nor servname provided, or not known>
  [ERROR] https://koeln.mitvergnuegen.com/api/v1/tips/57572/: <urlopen error [Errno 8] nodename nor servname provided, or not known>
  [ERROR] https://koeln.mitvergnuegen.com/api/v1/tips/57576/: <urlopen error [Errno 8] nodename nor servname provided, or not known>
  [ERROR] https://koeln.mitvergnuegen.com/api/v1/tips/57611/: <urlopen error [Errno 8] nodename nor servname provided, or not known>
  [ERROR] https://koeln.mitvergnuegen.com/api/v1/tips/57703/: <urlopen error [Errno 8] nodename nor servname provided, or not known>
  [ERROR] https://koeln.mitvergnuegen.com/api/v1/tips/57756/: <urlopen error [Errno 8] nodename nor servname provided, or not known>
  [ERROR] https://koeln.mitvergnuegen.com/api/v1/tips/57871/: <urlopen error [Errno 8] nodename nor servname provided, or not known>
  [ERROR] https://koeln.mitvergnuegen.com/api/v1/tips/57876/: <urlopen error [Errno 8] nodename nor servname provided, or not known>
  [ERROR] https://koeln.mitvergnuegen.com/api/v1/tips/57878/: <urlopen error [Errno 8] nodename nor servname provided, or not known>
  [ERROR] https://koeln.mitvergnuegen.com/api/v1/tips/57881/: <urlopen error [Errno 8] nodename nor servname provided, or not known>
  [ERROR] https://koeln.mitvergnuegen.com/api/v1/tips/57886/: <urlopen error [Errno 8] nodename nor servname provided, or not known>
  [ERROR] https://koeln.mitvergnuegen.com/api/v1/tips/57890/: <urlopen error [Errno 8] nodename nor servname provided, or not known>
  [ERROR] https://koeln.mitvergnuegen.com/api/v1/tips/57894/: <urlopen error [Errno 8] nodename nor servname provided, or not known>
  [ERROR] https://koeln.mitvergnuegen.com/api/v1/tips/57926/: <urlopen error [Errno 8] nodename nor servname provided, or not known>
  [ERROR] https://koeln.mitvergnuegen.com/api/v1/tips/58285/: <urlopen error [Errno 8] nodename nor servname provided, or not known>
  [ERROR] https://koeln.mitvergnuegen.com/api/v1/tips/58308/: <urlopen error [Errno 8] nodename nor servname provided, or not known>
  [ERROR] https://koeln.mitvergnuegen.com/api/v1/tips/58393/: <urlopen error [Errno 8] nodename nor servname provided, or not known>
  [ERROR] https://koeln.mitvergnuegen.com/api/v1/tips/58485/: <urlopen error [Errno 8] nodename nor servname provided, or not known>
  [ERROR] https://koeln.mitvergnuegen.com/api/v1/tips/58638/: <urlopen error [Errno 8] nodename nor servname provided, or not known>
  [ERROR] https://koeln.mitvergnuegen.com/api/v1/tips/58641/: <urlopen error [Errno 8] nodename nor servname provided, or not known>
  [ERROR] https://koeln.mitvergnuegen.com/api/v1/tips/58650/: <urlopen error [Errno 8] nodename nor servname provided, or not known>
  [ERROR] https://koeln.mitvergnuegen.com/api/v1/tips/58655/: <urlopen error [Errno 8] nodename nor servname provided, or not known>
  [ERROR] https://koeln.mitvergnuegen.com/api/v1/tips/58661/: <urlopen error [Errno 8] nodename nor servname provided, or not known>
  [ERROR] https://koeln.mitvergnuegen.com/api/v1/tips/58667/: <urlopen error [Errno 8] nodename nor servname provided, or not known>
  [ERROR] https://koeln.mitvergnuegen.com/api/v1/tips/58673/: <urlopen error [Errno 8] nodename nor servname provided, or not known>
  [ERROR] https://koeln.mitvergnuegen.com/api/v1/tips/58682/: <urlopen error [Errno 8] nodename nor servname provided, or not known>
  [ERROR] https://koeln.mitvergnuegen.com/api/v1/tips/58909/: <urlopen error [Errno 8] nodename nor servname provided, or not known>
  [ERROR] https://koeln.mitvergnuegen.com/api/v1/tips/58916/: <urlopen error [Errno 8] nodename nor servname provided, or not known>
  [ERROR] https://koeln.mitvergnuegen.com/api/v1/tips/58919/: <urlopen error [Errno 8] nodename nor servname provided, or not known>
  [ERROR] https://koeln.mitvergnuegen.com/api/v1/tips/59060/: <urlopen error [Errno 8] nodename nor servname provided, or not known>
  [ERROR] https://koeln.mitvergnuegen.com/api/v1/tips/59071/: <urlopen error [Errno 8] nodename nor servname provided, or not known>
  [ERROR] https://koeln.mitvergnuegen.com/api/v1/tips/59304/: <urlopen error [Errno 8] nodename nor servname provided, or not known>
  [ERROR] https://koeln.mitvergnuegen.com/api/v1/tips/59426/: <urlopen error [Errno 8] nodename nor servname provided, or not known>
  [ERROR] https://koeln.mitvergnuegen.com/api/v1/tips/59609/: <urlopen error [Errno 8] nodename nor servname provided, or not known>
  [ERROR] https://koeln.mitvergnuegen.com/api/v1/tips/60012/: <urlopen error [Errno 8] nodename nor servname provided, or not known>
  [ERROR] https://koeln.mitvergnuegen.com/api/v1/tips/60016/: <urlopen error [Errno 8] nodename nor servname provided, or not known>
  [ERROR] https://koeln.mitvergnuegen.com/api/v1/tips/60021/: <urlopen error [Errno 8] nodename nor servname provided, or not known>
  [ERROR] https://koeln.mitvergnuegen.com/api/v1/tips/60097/: <urlopen error [Errno 8] nodename nor servname provided, or not known>
  [ERROR] https://koeln.mitvergnuegen.com/api/v1/tips/60181/: <urlopen error [Errno 8] nodename nor servname provided, or not known>
  [ERROR] https://koeln.mitvergnuegen.com/api/v1/tips/60411/: <urlopen error [Errno 8] nodename nor servname provided, or not known>
  [ERROR] https://koeln.mitvergnuegen.com/api/v1/tips/60781/: <urlopen error [Errno 8] nodename nor servname provided, or not known>
  [ERROR] https://koeln.mitvergnuegen.com/api/v1/tips/60805/: <urlopen error [Errno 8] nodename nor servname provided, or not known>
  [ERROR] https://koeln.mitvergnuegen.com/api/v1/tips/60840/: <urlopen error [Errno 8] nodename nor servname provided, or not known>
  [ERROR] https://koeln.mitvergnuegen.com/api/v1/tips/60947/: <urlopen error [Errno 8] nodename nor servname provided, or not known>
  [ERROR] https://koeln.mitvergnuegen.com/api/v1/tips/60989/: <urlopen error [Errno 8] nodename nor servname provided, or not known>
  [ERROR] https://koeln.mitvergnuegen.com/api/v1/tips/61034/: <urlopen error [Errno 8] nodename nor servname provided, or not known>
  [ERROR] https://koeln.mitvergnuegen.com/api/v1/tips/61222/: <urlopen error [Errno 8] nodename nor servname provided, or not known>
  [ERROR] https://koeln.mitvergnuegen.com/api/v1/tips/61235/: <urlopen error [Errno 8] nodename nor servname provided, or not known>
  [ERROR] https://koeln.mitvergnuegen.com/api/v1/tips/61236/: <urlopen error [Errno 8] nodename nor servname provided, or not known>
  [ERROR] https://koeln.mitvergnuegen.com/api/v1/tips/61238/: <urlopen error [Errno 8] nodename nor servname provided, or not known>
  [ERROR] https://koeln.mitvergnuegen.com/api/v1/tips/61239/: <urlopen error [Errno 8] nodename nor servname provided, or not known>
  [ERROR] https://koeln.mitvergnuegen.com/api/v1/tips/61241/: <urlopen error [Errno 8] nodename nor servname provided, or not known>
  [ERROR] https://koeln.mitvergnuegen.com/api/v1/tips/61281/: <urlopen error [Errno 8] nodename nor servname provided, or not known>
  [ERROR] https://koeln.mitvergnuegen.com/api/v1/tips/61292/: <urlopen error [Errno 8] nodename nor servname provided, or not known>
  [ERROR] https://koeln.mitvergnuegen.com/api/v1/tips/61373/: <urlopen error [Errno 8] nodename nor servname provided, or not known>
  [ERROR] https://koeln.mitvergnuegen.com/api/v1/tips/61375/: <urlopen error [Errno 8] nodename nor servname provided, or not known>
  [ERROR] https://koeln.mitvergnuegen.com/api/v1/tips/61377/: <urlopen error [Errno 8] nodename nor servname provided, or not known>
  [ERROR] https://koeln.mitvergnuegen.com/api/v1/tips/61380/: <urlopen error [Errno 8] nodename nor servname provided, or not known>
  [ERROR] https://koeln.mitvergnuegen.com/api/v1/tips/61383/: <urlopen error [Errno 8] nodename nor servname provided, or not known>
  [ERROR] https://koeln.mitvergnuegen.com/api/v1/tips/61386/: <urlopen error [Errno 8] nodename nor servname provided, or not known>
  [ERROR] https://koeln.mitvergnuegen.com/api/v1/tips/61390/: <urlopen error [Errno 8] nodename nor servname provided, or not known>
  [ERROR] https://koeln.mitvergnuegen.com/api/v1/tips/61394/: <urlopen error [Errno 8] nodename nor servname provided, or not known>
  [ERROR] https://koeln.mitvergnuegen.com/api/v1/tips/61397/: <urlopen error [Errno 8] nodename nor servname provided, or not known>
  [ERROR] https://koeln.mitvergnuegen.com/api/v1/tips/61404/: <urlopen error [Errno 8] nodename nor servname provided, or not known>
  [ERROR] https://koeln.mitvergnuegen.com/api/v1/tips/61408/: <urlopen error [Errno 8] nodename nor servname provided, or not known>
  [ERROR] https://koeln.mitvergnuegen.com/api/v1/tips/61589/: <urlopen error [Errno 8] nodename nor servname provided, or not known>
  [ERROR] https://koeln.mitvergnuegen.com/api/v1/tips/61668/: <urlopen error [Errno 8] nodename nor servname provided, or not known>
  [ERROR] https://koeln.mitvergnuegen.com/api/v1/tips/61670/: <urlopen error [Errno 8] nodename nor servname provided, or not known>
  [ERROR] https://koeln.mitvergnuegen.com/api/v1/tips/62098/: <urlopen error [Errno 8] nodename nor servname provided, or not known>
  [ERROR] https://koeln.mitvergnuegen.com/api/v1/tips/62101/: <urlopen error [Errno 8] nodename nor servname provided, or not known>
  [ERROR] https://koeln.mitvergnuegen.com/api/v1/tips/62139/: <urlopen error [Errno 8] nodename nor servname provided, or not known>
  [ERROR] https://koeln.mitvergnuegen.com/api/v1/tips/62140/: <urlopen error [Errno 8] nodename nor servname provided, or not known>
  [ERROR] https://koeln.mitvergnuegen.com/api/v1/tips/62146/: <urlopen error [Errno 8] nodename nor servname provided, or not known>
  [ERROR] https://koeln.mitvergnuegen.com/api/v1/tips/62156/: <urlopen error [Errno 8] nodename nor servname provided, or not known>
  [ERROR] https://koeln.mitvergnuegen.com/api/v1/tips/62158/: <urlopen error [Errno 8] nodename nor servname provided, or not known>
  [ERROR] https://koeln.mitvergnuegen.com/api/v1/tips/62163/: <urlopen error [Errno 8] nodename nor servname provided, or not known>
  [ERROR] https://koeln.mitvergnuegen.com/api/v1/tips/62170/: <urlopen error [Errno 8] nodename nor servname provided, or not known>
  [ERROR] https://koeln.mitvergnuegen.com/api/v1/tips/62339/: <urlopen error [Errno 8] nodename nor servname provided, or not known>
  [ERROR] https://koeln.mitvergnuegen.com/api/v1/tips/62353/: <urlopen error [Errno 8] nodename nor servname provided, or not known>
  [ERROR] https://koeln.mitvergnuegen.com/api/v1/tips/62363/: <urlopen error [Errno 8] nodename nor servname provided, or not known>
  [ERROR] https://koeln.mitvergnuegen.com/api/v1/tips/62443/: <urlopen error [Errno 8] nodename nor servname provided, or not known>
  [ERROR] https://koeln.mitvergnuegen.com/api/v1/tips/62448/: <urlopen error [Errno 8] nodename nor servname provided, or not known>
  [ERROR] https://koeln.mitvergnuegen.com/api/v1/tips/62493/: <urlopen error [Errno 8] nodename nor servname provided, or not known>
  [ERROR] https://koeln.mitvergnuegen.com/api/v1/tips/62498/: <urlopen error [Errno 8] nodename nor servname provided, or not known>
  [ERROR] https://koeln.mitvergnuegen.com/api/v1/tips/62577/: <urlopen error [Errno 8] nodename nor servname provided, or not known>
  [ERROR] https://koeln.mitvergnuegen.com/api/v1/tips/62629/: <urlopen error [Errno 8] nodename nor servname provided, or not known>
  [ERROR] https://koeln.mitvergnuegen.com/api/v1/tips/62631/: <urlopen error [Errno 8] nodename nor servname provided, or not known>
  [ERROR] https://koeln.mitvergnuegen.com/api/v1/tips/62632/: <urlopen error [Errno 8] nodename nor servname provided, or not known>
  [ERROR] https://koeln.mitvergnuegen.com/api/v1/tips/62634/: <urlopen error [Errno 8] nodename nor servname provided, or not known>
  [ERROR] https://koeln.mitvergnuegen.com/api/v1/tips/62636/: <urlopen error [Errno 8] nodename nor servname provided, or not known>
  [ERROR] https://koeln.mitvergnuegen.com/api/v1/tips/62645/: <urlopen error [Errno 8] nodename nor servname provided, or not known>
  [ERROR] https://koeln.mitvergnuegen.com/api/v1/tips/62647/: <urlopen error [Errno 8] nodename nor servname provided, or not known>
  [ERROR] https://koeln.mitvergnuegen.com/api/v1/tips/62649/: <urlopen error [Errno 8] nodename nor servname provided, or not known>
  [ERROR] https://koeln.mitvergnuegen.com/api/v1/tips/62651/: <urlopen error [Errno 8] nodename nor servname provided, or not known>
  [ERROR] https://koeln.mitvergnuegen.com/api/v1/tips/62653/: <urlopen error [Errno 8] nodename nor servname provided, or not known>
  [ERROR] https://koeln.mitvergnuegen.com/api/v1/tips/62766/: <urlopen error [Errno 8] nodename nor servname provided, or not known>
  [ERROR] https://koeln.mitvergnuegen.com/api/v1/tips/62792/: <urlopen error [Errno 8] nodename nor servname provided, or not known>
  [ERROR] https://koeln.mitvergnuegen.com/api/v1/tips/62957/: <urlopen error [Errno 8] nodename nor servname provided, or not known>
  [ERROR] https://koeln.mitvergnuegen.com/api/v1/tips/63502/: <urlopen error [Errno 8] nodename nor servname provided, or not known>
  [ERROR] https://koeln.mitvergnuegen.com/api/v1/tips/63710/: <urlopen error [Errno 8] nodename nor servname provided, or not known>
  [ERROR] https://koeln.mitvergnuegen.com/api/v1/tips/63714/: <urlopen error [Errno 8] nodename nor servname provided, or not known>
  [ERROR] https://koeln.mitvergnuegen.com/api/v1/tips/63873/: <urlopen error [Errno 8] nodename nor servname provided, or not known>
  [ERROR] https://koeln.mitvergnuegen.com/api/v1/tips/63886/: <urlopen error [Errno 8] nodename nor servname provided, or not known>
  [ERROR] https://koeln.mitvergnuegen.com/api/v1/tips/63889/: <urlopen error [Errno 8] nodename nor servname provided, or not known>
  [ERROR] https://koeln.mitvergnuegen.com/api/v1/tips/63893/: <urlopen error [Errno 8] nodename nor servname provided, or not known>
  [ERROR] https://koeln.mitvergnuegen.com/api/v1/tips/64147/: <urlopen error [Errno 8] nodename nor servname provided, or not known>
  [ERROR] https://koeln.mitvergnuegen.com/api/v1/tips/64162/: <urlopen error [Errno 8] nodename nor servname provided, or not known>
  [ERROR] https://koeln.mitvergnuegen.com/api/v1/tips/64181/: <urlopen error [Errno 8] nodename nor servname provided, or not known>
  [ERROR] https://koeln.mitvergnuegen.com/api/v1/tips/64237/: <urlopen error [Errno 8] nodename nor servname provided, or not known>
  [ERROR] https://koeln.mitvergnuegen.com/api/v1/tips/64432/: <urlopen error [Errno 8] nodename nor servname provided, or not known>
  [ERROR] https://koeln.mitvergnuegen.com/api/v1/tips/64433/: <urlopen error [Errno 8] nodename nor servname provided, or not known>
  [ERROR] https://koeln.mitvergnuegen.com/api/v1/tips/64435/: <urlopen error [Errno 8] nodename nor servname provided, or not known>
  [ERROR] https://koeln.mitvergnuegen.com/api/v1/tips/64437/: <urlopen error [Errno 8] nodename nor servname provided, or not known>
  [ERROR] https://koeln.mitvergnuegen.com/api/v1/tips/64438/: <urlopen error [Errno 8] nodename nor servname provided, or not known>
  [ERROR] https://koeln.mitvergnuegen.com/api/v1/tips/64442/: <urlopen error [Errno 8] nodename nor servname provided, or not known>
  [ERROR] https://koeln.mitvergnuegen.com/api/v1/tips/64456/: <urlopen error [Errno 8] nodename nor servname provided, or not known>
  [ERROR] https://koeln.mitvergnuegen.com/api/v1/tips/64573/: <urlopen error [Errno 8] nodename nor servname provided, or not known>
  [ERROR] https://koeln.mitvergnuegen.com/api/v1/tips/64579/: <urlopen error [Errno 8] nodename nor servname provided, or not known>
  [ERROR] https://koeln.mitvergnuegen.com/api/v1/tips/64583/: <urlopen error [Errno 8] nodename nor servname provided, or not known>
  [ERROR] https://koeln.mitvergnuegen.com/api/v1/tips/64613/: <urlopen error [Errno 8] nodename nor servname provided, or not known>
  [ERROR] https://koeln.mitvergnuegen.com/api/v1/tips/64744/: <urlopen error [Errno 8] nodename nor servname provided, or not known>
  [ERROR] https://koeln.mitvergnuegen.com/api/v1/tips/64776/: <urlopen error [Errno 8] nodename nor servname provided, or not known>
  [ERROR] https://koeln.mitvergnuegen.com/api/v1/tips/65253/: <urlopen error [Errno 8] nodename nor servname provided, or not known>
  [ERROR] https://koeln.mitvergnuegen.com/api/v1/tips/65453/: <urlopen error [Errno 8] nodename nor servname provided, or not known>
  [ERROR] https://koeln.mitvergnuegen.com/api/v1/tips/65561/: <urlopen error [Errno 8] nodename nor servname provided, or not known>
  [ERROR] https://koeln.mitvergnuegen.com/api/v1/tips/65571/: <urlopen error [Errno 8] nodename nor servname provided, or not known>
  [ERROR] https://koeln.mitvergnuegen.com/api/v1/tips/65586/: <urlopen error [Errno 8] nodename nor servname provided, or not known>
  [ERROR] https://koeln.mitvergnuegen.com/api/v1/tips/65608/: <urlopen error [Errno 8] nodename nor servname provided, or not known>
  [ERROR] https://koeln.mitvergnuegen.com/api/v1/tips/65664/: <urlopen error [Errno 8] nodename nor servname provided, or not known>
  [ERROR] https://koeln.mitvergnuegen.com/api/v1/tips/65794/: <urlopen error [Errno 8] nodename nor servname provided, or not known>
  [ERROR] https://koeln.mitvergnuegen.com/api/v1/tips/65813/: <urlopen error [Errno 8] nodename nor servname provided, or not known>
  [ERROR] https://koeln.mitvergnuegen.com/api/v1/tips/65848/: <urlopen error [Errno 8] nodename nor servname provided, or not known>
  [ERROR] https://koeln.mitvergnuegen.com/api/v1/tips/65984/: <urlopen error [Errno 8] nodename nor servname provided, or not known>
  [ERROR] https://koeln.mitvergnuegen.com/api/v1/tips/65988/: <urlopen error [Errno 8] nodename nor servname provided, or not known>
  [ERROR] https://koeln.mitvergnuegen.com/api/v1/tips/66035/: <urlopen error [Errno 8] nodename nor servname provided, or not known>
  [ERROR] https://koeln.mitvergnuegen.com/api/v1/tips/66037/: <urlopen error [Errno 8] nodename nor servname provided, or not known>
  [ERROR] https://koeln.mitvergnuegen.com/api/v1/tips/66047/: <urlopen error [Errno 8] nodename nor servname provided, or not known>
  [ERROR] https://koeln.mitvergnuegen.com/api/v1/tips/66052/: <urlopen error [Errno 8] nodename nor servname provided, or not known>
  [ERROR] https://koeln.mitvergnuegen.com/api/v1/tips/66295/: <urlopen error [Errno 8] nodename nor servname provided, or not known>
  [ERROR] https://koeln.mitvergnuegen.com/api/v1/tips/66433/: <urlopen error [Errno 8] nodename nor servname provided, or not known>
  [ERROR] https://koeln.mitvergnuegen.com/api/v1/tips/66515/: <urlopen error [Errno 8] nodename nor servname provided, or not known>
  [ERROR] https://koeln.mitvergnuegen.com/api/v1/tips/66539/: <urlopen error [Errno 8] nodename nor servname provided, or not known>
  [ERROR] https://koeln.mitvergnuegen.com/api/v1/tips/66751/: <urlopen error [Errno 8] nodename nor servname provided, or not known>
  [ERROR] https://koeln.mitvergnuegen.com/api/v1/tips/67038/: <urlopen error [Errno 8] nodename nor servname provided, or not known>
  [ERROR] https://koeln.mitvergnuegen.com/api/v1/tips/67108/: <urlopen error [Errno 8] nodename nor servname provided, or not known>
  [ERROR] https://koeln.mitvergnuegen.com/api/v1/tips/67122/: <urlopen error [Errno 8] nodename nor servname provided, or not known>
  [ERROR] https://koeln.mitvergnuegen.com/api/v1/tips/67151/: <urlopen error [Errno 8] nodename nor servname provided, or not known>
  [ERROR] https://koeln.mitvergnuegen.com/api/v1/tips/67186/: <urlopen error [Errno 8] nodename nor servname provided, or not known>
  [ERROR] https://koeln.mitvergnuegen.com/api/v1/tips/67192/: <urlopen error [Errno 8] nodename nor servname provided, or not known>
  [ERROR] https://koeln.mitvergnuegen.com/api/v1/tips/67392/: <urlopen error [Errno 8] nodename nor servname provided, or not known>
  [ERROR] https://koeln.mitvergnuegen.com/api/v1/tips/67397/: <urlopen error [Errno 8] nodename nor servname provided, or not known>
  [ERROR] https://koeln.mitvergnuegen.com/api/v1/tips/67404/: <urlopen error [Errno 8] nodename nor servname provided, or not known>
  [ERROR] https://koeln.mitvergnuegen.com/api/v1/tips/67411/: <urlopen error [Errno 8] nodename nor servname provided, or not known>
  [ERROR] https://koeln.mitvergnuegen.com/api/v1/tips/67424/: <urlopen error [Errno 8] nodename nor servname provided, or not known>
  [ERROR] https://koeln.mitvergnuegen.com/api/v1/tips/67438/: <urlopen error [Errno 8] nodename nor servname provided, or not known>
  [ERROR] https://koeln.mitvergnuegen.com/api/v1/tips/67446/: <urlopen error [Errno 8] nodename nor servname provided, or not known>
  [ERROR] https://koeln.mitvergnuegen.com/api/v1/tips/67510/: <urlopen error [Errno 8] nodename nor servname provided, or not known>
  [ERROR] https://koeln.mitvergnuegen.com/api/v1/tips/67513/: <urlopen error [Errno 8] nodename nor servname provided, or not known>
  [ERROR] https://koeln.mitvergnuegen.com/api/v1/tips/67593/: <urlopen error [Errno 8] nodename nor servname provided, or not known>
  [ERROR] https://koeln.mitvergnuegen.com/api/v1/tips/67598/: <urlopen error [Errno 8] nodename nor servname provided, or not known>
  [ERROR] https://koeln.mitvergnuegen.com/api/v1/tips/67622/: <urlopen error [Errno 8] nodename nor servname provided, or not known>
  [ERROR] https://koeln.mitvergnuegen.com/api/v1/tips/67641/: <urlopen error [Errno 8] nodename nor servname provided, or not known>
  [ERROR] https://koeln.mitvergnuegen.com/api/v1/tips/67643/: <urlopen error [Errno 8] nodename nor servname provided, or not known>
  [ERROR] https://koeln.mitvergnuegen.com/api/v1/tips/67645/: <urlopen error [Errno 8] nodename nor servname provided, or not known>
  [ERROR] https://koeln.mitvergnuegen.com/api/v1/tips/67649/: <urlopen error [Errno 8] nodename nor servname provided, or not known>
  [ERROR] https://koeln.mitvergnuegen.com/api/v1/tips/67655/: <urlopen error [Errno 8] nodename nor servname provided, or not known>
  [ERROR] https://koeln.mitvergnuegen.com/api/v1/tips/67746/: <urlopen error [Errno 8] nodename nor servname provided, or not known>
  [ERROR] https://koeln.mitvergnuegen.com/api/v1/tips/67794/: <urlopen error [Errno 8] nodename nor servname provided, or not known>
  [ERROR] https://koeln.mitvergnuegen.com/api/v1/tips/67864/: <urlopen error [Errno 8] nodename nor servname provided, or not known>
  [ERROR] https://koeln.mitvergnuegen.com/api/v1/tips/67869/: <urlopen error [Errno 8] nodename nor servname provided, or not known>
  [ERROR] https://koeln.mitvergnuegen.com/api/v1/tips/67962/: <urlopen error [Errno 8] nodename nor servname provided, or not known>
  [ERROR] https://koeln.mitvergnuegen.com/api/v1/tips/68039/: <urlopen error [Errno 8] nodename nor servname provided, or not known>
  [ERROR] https://koeln.mitvergnuegen.com/api/v1/tips/68044/: <urlopen error [Errno 8] nodename nor servname provided, or not known>
  [ERROR] https://koeln.mitvergnuegen.com/api/v1/tips/68226/: <urlopen error [Errno 8] nodename nor servname provided, or not known>
  [ERROR] https://koeln.mitvergnuegen.com/api/v1/tips/68494/: <urlopen error [Errno 8] nodename nor servname provided, or not known>
  [ERROR] https://koeln.mitvergnuegen.com/api/v1/tips/68529/: <urlopen error [Errno 8] nodename nor servname provided, or not known>
  [ERROR] https://koeln.mitvergnuegen.com/api/v1/tips/68573/: <urlopen error [Errno 8] nodename nor servname provided, or not known>
  [ERROR] https://koeln.mitvergnuegen.com/api/v1/tips/68575/: <urlopen error [Errno 8] nodename nor servname provided, or not known>
  [ERROR] https://koeln.mitvergnuegen.com/api/v1/tips/68596/: <urlopen error [Errno 8] nodename nor servname provided, or not known>
  [ERROR] https://koeln.mitvergnuegen.com/api/v1/tips/68611/: <urlopen error [Errno 8] nodename nor servname provided, or not known>
  [ERROR] https://koeln.mitvergnuegen.com/api/v1/tips/68647/: <urlopen error [Errno 8] nodename nor servname provided, or not known>
  [ERROR] https://koeln.mitvergnuegen.com/api/v1/tips/68650/: <urlopen error [Errno 8] nodename nor servname provided, or not known>
  [ERROR] https://koeln.mitvergnuegen.com/api/v1/tips/68681/: <urlopen error [Errno 8] nodename nor servname provided, or not known>
  [ERROR] https://koeln.mitvergnuegen.com/api/v1/tips/68683/: <urlopen error [Errno 8] nodename nor servname provided, or not known>
  [ERROR] https://koeln.mitvergnuegen.com/api/v1/tips/68705/: <urlopen error [Errno 8] nodename nor servname provided, or not known>
  [ERROR] https://koeln.mitvergnuegen.com/api/v1/tips/68716/: <urlopen error [Errno 8] nodename nor servname provided, or not known>
  [ERROR] https://koeln.mitvergnuegen.com/api/v1/tips/68742/: <urlopen error [Errno 8] nodename nor servname provided, or not known>
  [ERROR] https://koeln.mitvergnuegen.com/api/v1/tips/68745/: <urlopen error [Errno 8] nodename nor servname provided, or not known>
  [ERROR] https://koeln.mitvergnuegen.com/api/v1/tips/68768/: <urlopen error [Errno 8] nodename nor servname provided, or not known>
  [ERROR] https://koeln.mitvergnuegen.com/api/v1/tips/68769/: <urlopen error [Errno 8] nodename nor servname provided, or not known>
  [ERROR] https://koeln.mitvergnuegen.com/api/v1/tips/68770/: <urlopen error [Errno 8] nodename nor servname provided, or not known>
  [ERROR] https://koeln.mitvergnuegen.com/api/v1/tips/68772/: <urlopen error [Errno 8] nodename nor servname provided, or not known>
  [ERROR] https://koeln.mitvergnuegen.com/api/v1/tips/68773/: <urlopen error [Errno 8] nodename nor servname provided, or not known>
  [ERROR] https://koeln.mitvergnuegen.com/api/v1/tips/68778/: <urlopen error [Errno 8] nodename nor servname provided, or not known>
  [ERROR] https://koeln.mitvergnuegen.com/api/v1/tips/68780/: <urlopen error [Errno 8] nodename nor servname provided, or not known>
  [ERROR] https://koeln.mitvergnuegen.com/api/v1/tips/68793/: <urlopen error [Errno 8] nodename nor servname provided, or not known>
  [ERROR] https://koeln.mitvergnuegen.com/api/v1/tips/68800/: <urlopen error [Errno 8] nodename nor servname provided, or not known>
  [ERROR] https://koeln.mitvergnuegen.com/api/v1/tips/68803/: <urlopen error [Errno 8] nodename nor servname provided, or not known>
  [ERROR] https://koeln.mitvergnuegen.com/api/v1/tips/68888/: <urlopen error [Errno 8] nodename nor servname provided, or not known>
  [ERROR] https://koeln.mitvergnuegen.com/api/v1/tips/69127/: <urlopen error [Errno 8] nodename nor servname provided, or not known>
  [ERROR] https://koeln.mitvergnuegen.com/api/v1/tips/69129/: <urlopen error [Errno 8] nodename nor servname provided, or not known>
  [ERROR] https://koeln.mitvergnuegen.com/api/v1/tips/69132/: <urlopen error [Errno 8] nodename nor servname provided, or not known>
  [ERROR] https://koeln.mitvergnuegen.com/api/v1/tips/69135/: <urlopen error [Errno 8] nodename nor servname provided, or not known>
  [ERROR] https://koeln.mitvergnuegen.com/api/v1/tips/69138/: <urlopen error [Errno 8] nodename nor servname provided, or not known>
  [ERROR] https://koeln.mitvergnuegen.com/api/v1/tips/69140/: <urlopen error [Errno 8] nodename nor servname provided, or not known>
  [ERROR] https://koeln.mitvergnuegen.com/api/v1/tips/69142/: <urlopen error [Errno 8] nodename nor servname provided, or not known>
  [ERROR] https://koeln.mitvergnuegen.com/api/v1/tips/69144/: <urlopen error [Errno 8] nodename nor servname provided, or not known>
  [ERROR] https://koeln.mitvergnuegen.com/api/v1/tips/69147/: <urlopen error [Errno 8] nodename nor servname provided, or not known>
  [ERROR] https://koeln.mitvergnuegen.com/api/v1/tips/69150/: <urlopen error [Errno 8] nodename nor servname provided, or not known>
  [ERROR] https://koeln.mitvergnuegen.com/api/v1/tips/69152/: <urlopen error [Errno 8] nodename nor servname provided, or not known>
  [ERROR] https://koeln.mitvergnuegen.com/api/v1/tips/69259/: <urlopen error [Errno 8] nodename nor servname provided, or not known>
  [ERROR] https://koeln.mitvergnuegen.com/api/v1/tips/69275/: <urlopen error [Errno 8] nodename nor servname provided, or not known>
  [ERROR] https://koeln.mitvergnuegen.com/api/v1/tips/69282/: <urlopen error [Errno 8] nodename nor servname provided, or not known>
  [ERROR] https://koeln.mitvergnuegen.com/api/v1/tips/69284/: <urlopen error [Errno 8] nodename nor servname provided, or not known>
  [ERROR] https://koeln.mitvergnuegen.com/api/v1/tips/69291/: <urlopen error [Errno 8] nodename nor servname provided, or not known>
  [ERROR] https://koeln.mitvergnuegen.com/api/v1/tips/69294/: <urlopen error [Errno 8] nodename nor servname provided, or not known>
  [ERROR] https://koeln.mitvergnuegen.com/api/v1/tips/69298/: <urlopen error [Errno 8] nodename nor servname provided, or not known>
  [ERROR] https://koeln.mitvergnuegen.com/api/v1/tips/69317/: <urlopen error [Errno 8] nodename nor servname provided, or not known>
  [ERROR] https://koeln.mitvergnuegen.com/api/v1/tips/69319/: <urlopen error [Errno 8] nodename nor servname provided, or not known>
  [ERROR] https://koeln.mitvergnuegen.com/api/v1/tips/69322/: <urlopen error [Errno 8] nodename nor servname provided, or not known>
  [ERROR] https://koeln.mitvergnuegen.com/api/v1/tips/69324/: <urlopen error [Errno 8] nodename nor servname provided, or not known>
  [ERROR] https://koeln.mitvergnuegen.com/api/v1/tips/69326/: <urlopen error [Errno 8] nodename nor servname provided, or not known>
  [ERROR] https://koeln.mitvergnuegen.com/api/v1/tips/69330/: <urlopen error [Errno 8] nodename nor servname provided, or not known>
  [ERROR] https://koeln.mitvergnuegen.com/api/v1/tips/69333/: <urlopen error [Errno 8] nodename nor servname provided, or not known>
  [ERROR] https://koeln.mitvergnuegen.com/api/v1/tips/69339/: <urlopen error [Errno 8] nodename nor servname provided, or not known>
  [ERROR] https://koeln.mitvergnuegen.com/api/v1/tips/69410/: <urlopen error [Errno 8] nodename nor servname provided, or not known>
  [ERROR] https://koeln.mitvergnuegen.com/api/v1/tips/69413/: <urlopen error [Errno 8] nodename nor servname provided, or not known>
  [ERROR] https://koeln.mitvergnuegen.com/api/v1/tips/69417/: <urlopen error [Errno 8] nodename nor servname provided, or not known>
  [ERROR] https://koeln.mitvergnuegen.com/api/v1/tips/69468/: <urlopen error [Errno 8] nodename nor servname provided, or not known>
  [ERROR] https://koeln.mitvergnuegen.com/api/v1/tips/69470/: <urlopen error [Errno 8] nodename nor servname provided, or not known>
  [ERROR] https://koeln.mitvergnuegen.com/api/v1/tips/69476/: <urlopen error [Errno 8] nodename nor servname provided, or not known>
  [ERROR] https://koeln.mitvergnuegen.com/api/v1/tips/69481/: <urlopen error [Errno 8] nodename nor servname provided, or not known>
  [ERROR] https://koeln.mitvergnuegen.com/api/v1/tips/69482/: <urlopen error [Errno 8] nodename nor servname provided, or not known>
  [ERROR] https://koeln.mitvergnuegen.com/api/v1/tips/69488/: <urlopen error [Errno 8] nodename nor servname provided, or not known>
  [ERROR] https://koeln.mitvergnuegen.com/api/v1/tips/69491/: <urlopen error [Errno 8] nodename nor servname provided, or not known>
  [ERROR] https://koeln.mitvergnuegen.com/api/v1/tips/69494/: <urlopen error [Errno 8] nodename nor servname provided, or not known>
  [ERROR] https://koeln.mitvergnuegen.com/api/v1/tips/69498/: <urlopen error [Errno 8] nodename nor servname provided, or not known>
  [ERROR] https://koeln.mitvergnuegen.com/api/v1/tips/69527/: <urlopen error [Errno 8] nodename nor servname provided, or not known>
  [ERROR] https://koeln.mitvergnuegen.com/api/v1/tips/69566/: <urlopen error [Errno 8] nodename nor servname provided, or not known>
  [ERROR] https://koeln.mitvergnuegen.com/api/v1/tips/69671/: <urlopen error [Errno 8] nodename nor servname provided, or not known>
  [ERROR] https://koeln.mitvergnuegen.com/api/v1/tips/69729/: <urlopen error [Errno 8] nodename nor servname provided, or not known>
  [ERROR] https://koeln.mitvergnuegen.com/api/v1/tips/69731/: <urlopen error [Errno 8] nodename nor servname provided, or not known>
  [ERROR] https://koeln.mitvergnuegen.com/api/v1/tips/69736/: <urlopen error [Errno 8] nodename nor servname provided, or not known>
  [ERROR] https://koeln.mitvergnuegen.com/api/v1/tips/69743/: <urlopen error [Errno 8] nodename nor servname provided, or not known>
  [ERROR] https://koeln.mitvergnuegen.com/api/v1/tips/69750/: <urlopen error [Errno 8] nodename nor servname provided, or not known>
  [ERROR] https://koeln.mitvergnuegen.com/api/v1/tips/69768/: <urlopen error [Errno 8] nodename nor servname provided, or not known>
  [ERROR] https://koeln.mitvergnuegen.com/api/v1/tips/69791/: <urlopen error [Errno 8] nodename nor servname provided, or not known>
  [ERROR] https://koeln.mitvergnuegen.com/api/v1/tips/69827/: <urlopen error [Errno 8] nodename nor servname provided, or not known>
  [ERROR] https://koeln.mitvergnuegen.com/api/v1/tips/69829/: <urlopen error [Errno 8] nodename nor servname provided, or not known>
  [ERROR] https://koeln.mitvergnuegen.com/api/v1/tips/69857/: <urlopen error [Errno 8] nodename nor servname provided, or not known>
  [ERROR] https://koeln.mitvergnuegen.com/api/v1/tips/69860/: <urlopen error [Errno 8] nodename nor servname provided, or not known>
  [ERROR] https://koeln.mitvergnuegen.com/api/v1/tips/69864/: <urlopen error [Errno 8] nodename nor servname provided, or not known>
  [ERROR] https://koeln.mitvergnuegen.com/api/v1/tips/69867/: <urlopen error [Errno 8] nodename nor servname provided, or not known>
  [ERROR] https://koeln.mitvergnuegen.com/api/v1/tips/69870/: <urlopen error [Errno 8] nodename nor servname provided, or not known>
  [ERROR] https://koeln.mitvergnuegen.com/api/v1/tips/69874/: <urlopen error [Errno 8] nodename nor servname provided, or not known>
  [ERROR] https://koeln.mitvergnuegen.com/api/v1/tips/69877/: <urlopen error [Errno 8] nodename nor servname provided, or not known>
  [ERROR] https://koeln.mitvergnuegen.com/api/v1/tips/69881/: <urlopen error [Errno 8] nodename nor servname provided, or not known>
  [ERROR] https://koeln.mitvergnuegen.com/api/v1/tips/70029/: <urlopen error [Errno 8] nodename nor servname provided, or not known>
  [ERROR] https://koeln.mitvergnuegen.com/api/v1/tips/70048/: <urlopen error [Errno 8] nodename nor servname provided, or not known>
  [ERROR] https://koeln.mitvergnuegen.com/api/v1/tips/70056/: <urlopen error [Errno 8] nodename nor servname provided, or not known>
  [ERROR] https://koeln.mitvergnuegen.com/api/v1/tips/70087/: <urlopen error [Errno 8] nodename nor servname provided, or not known>
  [ERROR] https://koeln.mitvergnuegen.com/api/v1/tips/70180/: <urlopen error [Errno 8] nodename nor servname provided, or not known>
  [ERROR] https://koeln.mitvergnuegen.com/api/v1/tips/70336/: <urlopen error [Errno 8] nodename nor servname provided, or not known>
  [ERROR] https://koeln.mitvergnuegen.com/api/v1/tips/70364/: <urlopen error [Errno 8] nodename nor servname provided, or not known>
  [ERROR] https://koeln.mitvergnuegen.com/api/v1/tips/70404/: <urlopen error [Errno 8] nodename nor servname provided, or not known>
  [ERROR] https://koeln.mitvergnuegen.com/api/v1/tips/70590/: <urlopen error [Errno 8] nodename nor servname provided, or not known>
  [ERROR] https://koeln.mitvergnuegen.com/api/v1/tips/70770/: <urlopen error [Errno 8] nodename nor servname provided, or not known>
  [ERROR] https://koeln.mitvergnuegen.com/api/v1/tips/70774/: <urlopen error [Errno 8] nodename nor servname provided, or not known>
  [ERROR] https://koeln.mitvergnuegen.com/api/v1/tips/70810/: <urlopen error [Errno 8] nodename nor servname provided, or not known>
  [ERROR] https://koeln.mitvergnuegen.com/api/v1/tips/70812/: <urlopen error [Errno 8] nodename nor servname provided, or not known>
  [ERROR] https://koeln.mitvergnuegen.com/api/v1/tips/70816/: <urlopen error [Errno 8] nodename nor servname provided, or not known>
  [ERROR] https://koeln.mitvergnuegen.com/api/v1/tips/70851/: <urlopen error [Errno 8] nodename nor servname provided, or not known>
  [ERROR] https://koeln.mitvergnuegen.com/api/v1/tips/70853/: <urlopen error [Errno 8] nodename nor servname provided, or not known>
  [ERROR] https://koeln.mitvergnuegen.com/api/v1/tips/70857/: <urlopen error [Errno 8] nodename nor servname provided, or not known>
  [ERROR] https://koeln.mitvergnuegen.com/api/v1/tips/70860/: <urlopen error [Errno 8] nodename nor servname provided, or not known>
  [ERROR] https://koeln.mitvergnuegen.com/api/v1/tips/70871/: <urlopen error [Errno 8] nodename nor servname provided, or not known>
  [ERROR] https://koeln.mitvergnuegen.com/api/v1/tips/70874/: <urlopen error [Errno 8] nodename nor servname provided, or not known>
  [ERROR] https://koeln.mitvergnuegen.com/api/v1/tips/70877/: <urlopen error [Errno 8] nodename nor servname provided, or not known>
  [ERROR] https://koeln.mitvergnuegen.com/api/v1/tips/70885/: <urlopen error [Errno 8] nodename nor servname provided, or not known>
  [ERROR] https://koeln.mitvergnuegen.com/api/v1/tips/70891/: <urlopen error [Errno 8] nodename nor servname provided, or not known>
  [ERROR] https://koeln.mitvergnuegen.com/api/v1/tips/70901/: <urlopen error [Errno 8] nodename nor servname provided, or not known>
  [ERROR] https://koeln.mitvergnuegen.com/api/v1/tips/71110/: <urlopen error [Errno 8] nodename nor servname provided, or not known>
  [ERROR] https://koeln.mitvergnuegen.com/api/v1/tips/71140/: <urlopen error [Errno 8] nodename nor servname provided, or not known>
  [ERROR] https://koeln.mitvergnuegen.com/api/v1/tips/71261/: <urlopen error [Errno 8] nodename nor servname provided, or not known>
  [ERROR] https://koeln.mitvergnuegen.com/api/v1/tips/71347/: <urlopen error [Errno 8] nodename nor servname provided, or not known>
  [ERROR] https://koeln.mitvergnuegen.com/api/v1/tips/71389/: <urlopen error [Errno 8] nodename nor servname provided, or not known>
  [ERROR] https://koeln.mitvergnuegen.com/api/v1/tips/71392/: <urlopen error [Errno 8] nodename nor servname provided, or not known>
  [ERROR] https://koeln.mitvergnuegen.com/api/v1/tips/71394/: <urlopen error [Errno 8] nodename nor servname provided, or not known>
  [ERROR] https://koeln.mitvergnuegen.com/api/v1/tips/71420/: <urlopen error [Errno 8] nodename nor servname provided, or not known>
  [ERROR] https://koeln.mitvergnuegen.com/api/v1/tips/71430/: <urlopen error [Errno 8] nodename nor servname provided, or not known>
  [ERROR] https://koeln.mitvergnuegen.com/api/v1/tips/71617/: <urlopen error [Errno 8] nodename nor servname provided, or not known>
  [ERROR] https://koeln.mitvergnuegen.com/api/v1/tips/71649/: <urlopen error [Errno 8] nodename nor servname provided, or not known>
  [ERROR] https://koeln.mitvergnuegen.com/api/v1/tips/71662/: <urlopen error [Errno 8] nodename nor servname provided, or not known>
  [ERROR] https://koeln.mitvergnuegen.com/api/v1/tips/71703/: <urlopen error [Errno 8] nodename nor servname provided, or not known>
  [ERROR] https://koeln.mitvergnuegen.com/api/v1/tips/71782/: <urlopen error [Errno 8] nodename nor servname provided, or not known>
  [ERROR] https://koeln.mitvergnuegen.com/api/v1/tips/71784/: <urlopen error [Errno 8] nodename nor servname provided, or not known>
  [ERROR] https://koeln.mitvergnuegen.com/api/v1/tips/71788/: <urlopen error [Errno 8] nodename nor servname provided, or not known>
  [ERROR] https://koeln.mitvergnuegen.com/api/v1/tips/71796/: <urlopen error [Errno 8] nodename nor servname provided, or not known>
  [ERROR] https://koeln.mitvergnuegen.com/api/v1/tips/71842/: <urlopen error [Errno 8] nodename nor servname provided, or not known>
  [ERROR] https://koeln.mitvergnuegen.com/api/v1/tips/72021/: <urlopen error [Errno 8] nodename nor servname provided, or not known>
  [ERROR] https://koeln.mitvergnuegen.com/api/v1/tips/72025/: <urlopen error [Errno 8] nodename nor servname provided, or not known>
  [ERROR] https://koeln.mitvergnuegen.com/api/v1/tips/72213/: <urlopen error [Errno 8] nodename nor servname provided, or not known>
  [ERROR] https://koeln.mitvergnuegen.com/api/v1/tips/72216/: <urlopen error [Errno 8] nodename nor servname provided, or not known>
  [ERROR] https://koeln.mitvergnuegen.com/api/v1/tips/72218/: <urlopen error [Errno 8] nodename nor servname provided, or not known>
  [ERROR] https://koeln.mitvergnuegen.com/api/v1/tips/72223/: <urlopen error [Errno 8] nodename nor servname provided, or not known>
  [ERROR] https://koeln.mitvergnuegen.com/api/v1/tips/72226/: <urlopen error [Errno 8] nodename nor servname provided, or not known>
  [ERROR] https://koeln.mitvergnuegen.com/api/v1/tips/72228/: <urlopen error [Errno 8] nodename nor servname provided, or not known>
  [ERROR] https://koeln.mitvergnuegen.com/api/v1/tips/72231/: <urlopen error [Errno 8] nodename nor servname provided, or not known>
  [ERROR] https://koeln.mitvergnuegen.com/api/v1/tips/72332/: <urlopen error [Errno 8] nodename nor servname provided, or not known>
  [ERROR] https://koeln.mitvergnuegen.com/api/v1/tips/72341/: <urlopen error [Errno 8] nodename nor servname provided, or not known>
  [ERROR] https://koeln.mitvergnuegen.com/api/v1/tips/72360/: <urlopen error [Errno 8] nodename nor servname provided, or not known>
  [ERROR] https://koeln.mitvergnuegen.com/api/v1/tips/72391/: <urlopen error [Errno 8] nodename nor servname provided, or not known>
  [ERROR] https://koeln.mitvergnuegen.com/api/v1/tips/72399/: <urlopen error [Errno 8] nodename nor servname provided, or not known>
  [ERROR] https://koeln.mitvergnuegen.com/api/v1/tips/72695/: <urlopen error [Errno 8] nodename nor servname provided, or not known>
  [ERROR] https://koeln.mitvergnuegen.com/api/v1/tips/72728/: <urlopen error [Errno 8] nodename nor servname provided, or not known>
  [ERROR] https://koeln.mitvergnuegen.com/api/v1/tips/72767/: <urlopen error [Errno 8] nodename nor servname provided, or not known>
  [ERROR] https://koeln.mitvergnuegen.com/api/v1/tips/72777/: <urlopen error [Errno 8] nodename nor servname provided, or not known>
  [ERROR] https://koeln.mitvergnuegen.com/api/v1/tips/72779/: <urlopen error [Errno 8] nodename nor servname provided, or not known>
  [ERROR] https://koeln.mitvergnuegen.com/api/v1/tips/72781/: <urlopen error [Errno 8] nodename nor servname provided, or not known>
  [ERROR] https://koeln.mitvergnuegen.com/api/v1/tips/72786/: <urlopen error [Errno 8] nodename nor servname provided, or not known>
  [ERROR] https://koeln.mitvergnuegen.com/api/v1/tips/72789/: <urlopen error [Errno 8] nodename nor servname provided, or not known>
  [ERROR] https://koeln.mitvergnuegen.com/api/v1/tips/72800/: <urlopen error [Errno 8] nodename nor servname provided, or not known>
  [ERROR] https://koeln.mitvergnuegen.com/api/v1/tips/72868/: <urlopen error [Errno 8] nodename nor servname provided, or not known>
  [ERROR] https://koeln.mitvergnuegen.com/api/v1/tips/72924/: <urlopen error [Errno 8] nodename nor servname provided, or not known>
  [ERROR] https://koeln.mitvergnuegen.com/api/v1/tips/72941/: <urlopen error [Errno 8] nodename nor servname provided, or not known>
  [ERROR] https://koeln.mitvergnuegen.com/api/v1/tips/73160/: <urlopen error [Errno 8] nodename nor servname provided, or not known>
  [ERROR] https://koeln.mitvergnuegen.com/api/v1/tips/73205/: <urlopen error [Errno 8] nodename nor servname provided, or not known>
  [ERROR] https://koeln.mitvergnuegen.com/api/v1/tips/73214/: <urlopen error [Errno 8] nodename nor servname provided, or not known>
  [ERROR] https://koeln.mitvergnuegen.com/api/v1/tips/73302/: <urlopen error [Errno 8] nodename nor servname provided, or not known>
  [ERROR] https://koeln.mitvergnuegen.com/api/v1/tips/73303/: <urlopen error [Errno 8] nodename nor servname provided, or not known>
  [ERROR] https://koeln.mitvergnuegen.com/api/v1/tips/73311/: <urlopen error [Errno 8] nodename nor servname provided, or not known>
  [ERROR] https://koeln.mitvergnuegen.com/api/v1/tips/73318/: <urlopen error [Errno 8] nodename nor servname provided, or not known>
  [ERROR] https://koeln.mitvergnuegen.com/api/v1/tips/73321/: <urlopen error [Errno 8] nodename nor servname provided, or not known>
  [ERROR] https://koeln.mitvergnuegen.com/api/v1/tips/73452/: <urlopen error [Errno 8] nodename nor servname provided, or not known>
  [ERROR] https://koeln.mitvergnuegen.com/api/v1/tips/73453/: <urlopen error [Errno 8] nodename nor servname provided, or not known>
  [ERROR] https://koeln.mitvergnuegen.com/api/v1/tips/73459/: <urlopen error [Errno 8] nodename nor servname provided, or not known>
  [ERROR] https://koeln.mitvergnuegen.com/api/v1/tips/73782/: <urlopen error [Errno 8] nodename nor servname provided, or not known>
  [ERROR] https://koeln.mitvergnuegen.com/api/v1/tips/73812/: <urlopen error [Errno 8] nodename nor servname provided, or not known>
  [ERROR] https://koeln.mitvergnuegen.com/api/v1/tips/73915/: <urlopen error [Errno 8] nodename nor servname provided, or not known>
  [ERROR] https://koeln.mitvergnuegen.com/api/v1/tips/73994/: <urlopen error [Errno 8] nodename nor servname provided, or not known>
  [ERROR] https://koeln.mitvergnuegen.com/api/v1/tips/74045/: <urlopen error [Errno 8] nodename nor servname provided, or not known>
  [ERROR] https://koeln.mitvergnuegen.com/api/v1/tips/74111/: <urlopen error [Errno 8] nodename nor servname provided, or not known>
  [ERROR] https://koeln.mitvergnuegen.com/api/v1/tips/74321/: <urlopen error [Errno 8] nodename nor servname provided, or not known>
  [ERROR] https://koeln.mitvergnuegen.com/api/v1/tips/74409/: <urlopen error [Errno 8] nodename nor servname provided, or not known>
  [ERROR] https://koeln.mitvergnuegen.com/api/v1/tips/74568/: <urlopen error [Errno 8] nodename nor servname provided, or not known>
  [ERROR] https://koeln.mitvergnuegen.com/api/v1/tips/74574/: <urlopen error [Errno 8] nodename nor servname provided, or not known>
  [ERROR] https://koeln.mitvergnuegen.com/api/v1/tips/74580/: <urlopen error [Errno 8] nodename nor servname provided, or not known>
  [ERROR] https://koeln.mitvergnuegen.com/api/v1/tips/74616/: <urlopen error [Errno 8] nodename nor servname provided, or not known>
  [ERROR] https://koeln.mitvergnuegen.com/api/v1/tips/74621/: <urlopen error [Errno 8] nodename nor servname provided, or not known>
  [ERROR] https://koeln.mitvergnuegen.com/api/v1/tips/74629/: <urlopen error [Errno 8] nodename nor servname provided, or not known>
  [ERROR] https://koeln.mitvergnuegen.com/api/v1/tips/74751/: <urlopen error [Errno 8] nodename nor servname provided, or not known>
  [ERROR] https://koeln.mitvergnuegen.com/api/v1/tips/74859/: <urlopen error [Errno 8] nodename nor servname provided, or not known>
  [ERROR] https://koeln.mitvergnuegen.com/api/v1/tips/75134/: <urlopen error [Errno 8] nodename nor servname provided, or not known>
  [ERROR] https://koeln.mitvergnuegen.com/api/v1/tips/75151/: <urlopen error [Errno 8] nodename nor servname provided, or not known>
  [ERROR] https://koeln.mitvergnuegen.com/api/v1/tips/75159/: <urlopen error [Errno 8] nodename nor servname provided, or not known>
  [ERROR] https://koeln.mitvergnuegen.com/api/v1/tips/75249/: <urlopen error [Errno 8] nodename nor servname provided, or not known>
  [ERROR] https://koeln.mitvergnuegen.com/api/v1/tips/75252/: <urlopen error [Errno 8] nodename nor servname provided, or not known>
  [ERROR] https://koeln.mitvergnuegen.com/api/v1/tips/75578/: <urlopen error [Errno 8] nodename nor servname provided, or not known>
  [ERROR] https://koeln.mitvergnuegen.com/api/v1/tips/75585/: <urlopen error [Errno 8] nodename nor servname provided, or not known>
  [ERROR] https://koeln.mitvergnuegen.com/api/v1/tips/75616/: <urlopen error [Errno 8] nodename nor servname provided, or not known>
  [ERROR] https://koeln.mitvergnuegen.com/api/v1/tips/75657/: <urlopen error [Errno 8] nodename nor servname provided, or not known>
  [ERROR] https://koeln.mitvergnuegen.com/api/v1/tips/75684/: <urlopen error [Errno 8] nodename nor servname provided, or not known>
  [ERROR] https://koeln.mitvergnuegen.com/api/v1/tips/75692/: <urlopen error [Errno 8] nodename nor servname provided, or not known>
  [ERROR] https://koeln.mitvergnuegen.com/api/v1/tips/76093/: <urlopen error [Errno 8] nodename nor servname provided, or not known>
  [ERROR] https://koeln.mitvergnuegen.com/api/v1/tips/76174/: <urlopen error [Errno 8] nodename nor servname provided, or not known>
  [ERROR] https://koeln.mitvergnuegen.com/api/v1/tips/76221/: <urlopen error [Errno 8] nodename nor servname provided, or not known>
  [ERROR] https://koeln.mitvergnuegen.com/api/v1/tips/76319/: <urlopen error [Errno 8] nodename nor servname provided, or not known>
  [ERROR] https://koeln.mitvergnuegen.com/api/v1/tips/76536/: <urlopen error [Errno 8] nodename nor servname provided, or not known>
  [ERROR] https://koeln.mitvergnuegen.com/api/v1/tips/76584/: <urlopen error [Errno 8] nodename nor servname provided, or not known>
  [ERROR] https://koeln.mitvergnuegen.com/api/v1/tips/76629/: <urlopen error [Errno 8] nodename nor servname provided, or not known>
  [ERROR] https://koeln.mitvergnuegen.com/api/v1/tips/76637/: <urlopen error [Errno 8] nodename nor servname provided, or not known>
  [ERROR] https://koeln.mitvergnuegen.com/api/v1/tips/76642/: <urlopen error [Errno 8] nodename nor servname provided, or not known>
  [ERROR] https://koeln.mitvergnuegen.com/api/v1/tips/76646/: <urlopen error [Errno 8] nodename nor servname provided, or not known>
  [ERROR] https://koeln.mitvergnuegen.com/api/v1/tips/76729/: <urlopen error [Errno 8] nodename nor servname provided, or not known>
  [ERROR] https://koeln.mitvergnuegen.com/api/v1/tips/76735/: <urlopen error [Errno 8] nodename nor servname provided, or not known>
  [ERROR] https://koeln.mitvergnuegen.com/api/v1/tips/76829/: <urlopen error [Errno 8] nodename nor servname provided, or not known>
  [ERROR] https://koeln.mitvergnuegen.com/api/v1/tips/76880/: <urlopen error [Errno 8] nodename nor servname provided, or not known>
  [ERROR] https://koeln.mitvergnuegen.com/api/v1/tips/76884/: <urlopen error [Errno 8] nodename nor servname provided, or not known>
  [ERROR] https://koeln.mitvergnuegen.com/api/v1/tips/76887/: <urlopen error [Errno 8] nodename nor servname provided, or not known>
  [ERROR] https://koeln.mitvergnuegen.com/api/v1/tips/77275/: <urlopen error [Errno 8] nodename nor servname provided, or not known>
  [ERROR] https://koeln.mitvergnuegen.com/api/v1/tips/77280/: <urlopen error [Errno 8] nodename nor servname provided, or not known>
  [ERROR] https://koeln.mitvergnuegen.com/api/v1/tips/77282/: <urlopen error [Errno 8] nodename nor servname provided, or not known>
  [ERROR] https://koeln.mitvergnuegen.com/api/v1/tips/77350/: <urlopen error [Errno 8] nodename nor servname provided, or not known>
  [ERROR] https://koeln.mitvergnuegen.com/api/v1/tips/77357/: <urlopen error [Errno 8] nodename nor servname provided, or not known>
  [ERROR] https://koeln.mitvergnuegen.com/api/v1/tips/77362/: <urlopen error [Errno 8] nodename nor servname provided, or not known>
  [ERROR] https://koeln.mitvergnuegen.com/api/v1/tips/77709/: <urlopen error [Errno 8] nodename nor servname provided, or not known>
  [ERROR] https://koeln.mitvergnuegen.com/api/v1/tips/77721/: <urlopen error [Errno 8] nodename nor servname provided, or not known>
  [ERROR] https://koeln.mitvergnuegen.com/api/v1/tips/77830/: <urlopen error [Errno 8] nodename nor servname provided, or not known>
  [ERROR] https://koeln.mitvergnuegen.com/api/v1/tips/77844/: <urlopen error [Errno 8] nodename nor servname provided, or not known>
  [ERROR] https://koeln.mitvergnuegen.com/api/v1/tips/77900/: <urlopen error [Errno 8] nodename nor servname provided, or not known>
  [ERROR] https://koeln.mitvergnuegen.com/api/v1/tips/77902/: <urlopen error [Errno 8] nodename nor servname provided, or not known>
  [ERROR] https://koeln.mitvergnuegen.com/api/v1/tips/77981/: <urlopen error [Errno 8] nodename nor servname provided, or not known>
  [ERROR] https://koeln.mitvergnuegen.com/api/v1/tips/78054/: <urlopen error [Errno 8] nodename nor servname provided, or not known>
  [ERROR] https://koeln.mitvergnuegen.com/api/v1/tips/78133/: <urlopen error [Errno 8] nodename nor servname provided, or not known>
  [ERROR] https://koeln.mitvergnuegen.com/api/v1/tips/78219/: <urlopen error [Errno 8] nodename nor servname provided, or not known>
  [ERROR] https://koeln.mitvergnuegen.com/api/v1/tips/78460/: <urlopen error [Errno 8] nodename nor servname provided, or not known>
  [ERROR] https://koeln.mitvergnuegen.com/api/v1/tips/78666/: <urlopen error [Errno 8] nodename nor servname provided, or not known>
  [ERROR] https://koeln.mitvergnuegen.com/api/v1/tips/78797/: <urlopen error [Errno 8] nodename nor servname provided, or not known>
  [ERROR] https://koeln.mitvergnuegen.com/api/v1/tips/78799/: <urlopen error [Errno 8] nodename nor servname provided, or not known>
  [ERROR] https://koeln.mitvergnuegen.com/api/v1/tips/79039/: <urlopen error [Errno 8] nodename nor servname provided, or not known>
  [ERROR] https://koeln.mitvergnuegen.com/api/v1/tips/79051/: <urlopen error [Errno 8] nodename nor servname provided, or not known>
  [ERROR] https://koeln.mitvergnuegen.com/api/v1/tips/79162/: <urlopen error [Errno 8] nodename nor servname provided, or not known>
  [ERROR] https://koeln.mitvergnuegen.com/api/v1/tips/79172/: <urlopen error [Errno 8] nodename nor servname provided, or not known>
  [ERROR] https://koeln.mitvergnuegen.com/api/v1/tips/79210/: <urlopen error [Errno 8] nodename nor servname provided, or not known>
  [ERROR] https://koeln.mitvergnuegen.com/api/v1/tips/79225/: <urlopen error [Errno 8] nodename nor servname provided, or not known>
  [ERROR] https://koeln.mitvergnuegen.com/api/v1/tips/79405/: <urlopen error [Errno 8] nodename nor servname provided, or not known>
  [ERROR] https://koeln.mitvergnuegen.com/api/v1/tips/79424/: <urlopen error [Errno 8] nodename nor servname provided, or not known>
  [ERROR] https://koeln.mitvergnuegen.com/api/v1/tips/79437/: <urlopen error [Errno 8] nodename nor servname provided, or not known>
  [ERROR] https://koeln.mitvergnuegen.com/api/v1/tips/79771/: <urlopen error [Errno 8] nodename nor servname provided, or not known>
  [ERROR] https://koeln.mitvergnuegen.com/api/v1/tips/79935/: <urlopen error [Errno 8] nodename nor servname provided, or not known>
  [ERROR] https://koeln.mitvergnuegen.com/api/v1/tips/79941/: <urlopen error [Errno 8] nodename nor servname provided, or not known>
  [ERROR] https://koeln.mitvergnuegen.com/api/v1/tips/79945/: <urlopen error [Errno 8] nodename nor servname provided, or not known>
  [ERROR] https://koeln.mitvergnuegen.com/api/v1/tips/79963/: <urlopen error [Errno 8] nodename nor servname provided, or not known>
  [ERROR] https://koeln.mitvergnuegen.com/api/v1/tips/80005/: <urlopen error [Errno 8] nodename nor servname provided, or not known>
  [ERROR] https://koeln.mitvergnuegen.com/api/v1/tips/80073/: <urlopen error [Errno 8] nodename nor servname provided, or not known>
  [ERROR] https://koeln.mitvergnuegen.com/api/v1/tips/80075/: <urlopen error [Errno 8] nodename nor servname provided, or not known>
  [ERROR] https://koeln.mitvergnuegen.com/api/v1/tips/80076/: <urlopen error [Errno 8] nodename nor servname provided, or not known>
  [ERROR] https://koeln.mitvergnuegen.com/api/v1/tips/80079/: <urlopen error [Errno 8] nodename nor servname provided, or not known>
  [ERROR] https://koeln.mitvergnuegen.com/api/v1/tips/80150/: <urlopen error [Errno 8] nodename nor servname provided, or not known>
  [ERROR] https://koeln.mitvergnuegen.com/api/v1/tips/80156/: <urlopen error [Errno 8] nodename nor servname provided, or not known>
  [ERROR] https://koeln.mitvergnuegen.com/api/v1/tips/80159/: <urlopen error [Errno 8] nodename nor servname provided, or not known>
  [ERROR] https://koeln.mitvergnuegen.com/api/v1/tips/80164/: <urlopen error [Errno 8] nodename nor servname provided, or not known>
  [ERROR] https://koeln.mitvergnuegen.com/api/v1/tips/80171/: <urlopen error [Errno 8] nodename nor servname provided, or not known>
  [ERROR] https://koeln.mitvergnuegen.com/api/v1/tips/80173/: <urlopen error [Errno 8] nodename nor servname provided, or not known>
  [ERROR] https://koeln.mitvergnuegen.com/api/v1/tips/80177/: <urlopen error [Errno 8] nodename nor servname provided, or not known>
  [ERROR] https://koeln.mitvergnuegen.com/api/v1/tips/80180/: <urlopen error [Errno 8] nodename nor servname provided, or not known>
  [ERROR] https://koeln.mitvergnuegen.com/api/v1/tips/80318/: <urlopen error [Errno 8] nodename nor servname provided, or not known>
  [ERROR] https://koeln.mitvergnuegen.com/api/v1/tips/80322/: <urlopen error [Errno 8] nodename nor servname provided, or not known>
  [ERROR] https://koeln.mitvergnuegen.com/api/v1/tips/80356/: <urlopen error [Errno 8] nodename nor servname provided, or not known>
  [ERROR] https://koeln.mitvergnuegen.com/api/v1/tips/80360/: <urlopen error [Errno 8] nodename nor servname provided, or not known>
  [ERROR] https://koeln.mitvergnuegen.com/api/v1/tips/80417/: <urlopen error [Errno 8] nodename nor servname provided, or not known>
  [ERROR] https://koeln.mitvergnuegen.com/api/v1/tips/80449/: <urlopen error [Errno 8] nodename nor servname provided, or not known>
  [ERROR] https://koeln.mitvergnuegen.com/api/v1/tips/80453/: <urlopen error [Errno 8] nodename nor servname provided, or not known>
  [ERROR] https://koeln.mitvergnuegen.com/api/v1/tips/80455/: <urlopen error [Errno 8] nodename nor servname provided, or not known>
  [ERROR] https://koeln.mitvergnuegen.com/api/v1/tips/80479/: <urlopen error [Errno 8] nodename nor servname provided, or not known>
  [ERROR] https://koeln.mitvergnuegen.com/api/v1/tips/80781/: <urlopen error [Errno 8] nodename nor servname provided, or not known>
  [ERROR] https://koeln.mitvergnuegen.com/api/v1/tips/80790/: <urlopen error [Errno 8] nodename nor servname provided, or not known>
  [ERROR] https://koeln.mitvergnuegen.com/api/v1/tips/81004/: <urlopen error [Errno 8] nodename nor servname provided, or not known>
  [ERROR] https://koeln.mitvergnuegen.com/api/v1/tips/81249/: <urlopen error [Errno 8] nodename nor servname provided, or not known>
  [ERROR] https://koeln.mitvergnuegen.com/api/v1/tips/81295/: <urlopen error [Errno 8] nodename nor servname provided, or not known>
  [ERROR] https://koeln.mitvergnuegen.com/api/v1/tips/81530/: <urlopen error [Errno 8] nodename nor servname provided, or not known>
  [ERROR] https://koeln.mitvergnuegen.com/api/v1/tips/81679/: <urlopen error [Errno 8] nodename nor servname provided, or not known>
  [ERROR] https://koeln.mitvergnuegen.com/api/v1/tips/81684/: <urlopen error [Errno 8] nodename nor servname provided, or not known>
  [ERROR] https://koeln.mitvergnuegen.com/api/v1/tips/81696/: <urlopen error [Errno 8] nodename nor servname provided, or not known>
  [ERROR] https://koeln.mitvergnuegen.com/api/v1/tips/81699/: <urlopen error [Errno 8] nodename nor servname provided, or not known>
  [ERROR] https://koeln.mitvergnuegen.com/api/v1/tips/81700/: <urlopen error [Errno 8] nodename nor servname provided, or not known>
  [ERROR] https://koeln.mitvergnuegen.com/api/v1/tips/81707/: <urlopen error [Errno 8] nodename nor servname provided, or not known>
  [ERROR] https://koeln.mitvergnuegen.com/api/v1/tips/81795/: <urlopen error [Errno 8] nodename nor servname provided, or not known>
  [ERROR] https://koeln.mitvergnuegen.com/api/v1/tips/81978/: <urlopen error [Errno 8] nodename nor servname provided, or not known>
  [ERROR] https://koeln.mitvergnuegen.com/api/v1/tips/82080/: <urlopen error [Errno 8] nodename nor servname provided, or not known>
  [ERROR] https://koeln.mitvergnuegen.com/api/v1/tips/82216/: <urlopen error [Errno 8] nodename nor servname provided, or not known>
  [ERROR] https://koeln.mitvergnuegen.com/api/v1/tips/82321/: <urlopen error [Errno 8] nodename nor servname provided, or not known>
  [ERROR] https://koeln.mitvergnuegen.com/api/v1/tips/82344/: <urlopen error [Errno 8] nodename nor servname provided, or not known>
  [ERROR] https://koeln.mitvergnuegen.com/api/v1/tips/82383/: <urlopen error [Errno 8] nodename nor servname provided, or not known>
  [ERROR] https://koeln.mitvergnuegen.com/api/v1/tips/82596/: <urlopen error [Errno 8] nodename nor servname provided, or not known>
  [ERROR] https://koeln.mitvergnuegen.com/api/v1/tips/82650/: <urlopen error [Errno 8] nodename nor servname provided, or not known>
  [ERROR] https://koeln.mitvergnuegen.com/api/v1/tips/82656/: <urlopen error [Errno 8] nodename nor servname provided, or not known>
  [ERROR] https://koeln.mitvergnuegen.com/api/v1/tips/82675/: <urlopen error [Errno 8] nodename nor servname provided, or not known>
  [ERROR] https://koeln.mitvergnuegen.com/api/v1/tips/82698/: <urlopen error [Errno 8] nodename nor servname provided, or not known>
  [ERROR] https://koeln.mitvergnuegen.com/api/v1/tips/82702/: <urlopen error [Errno 8] nodename nor servname provided, or not known>
  [ERROR] https://koeln.mitvergnuegen.com/api/v1/tips/82718/: <urlopen error [Errno 8] nodename nor servname provided, or not known>
  [ERROR] https://koeln.mitvergnuegen.com/api/v1/tips/82800/: <urlopen error [Errno 8] nodename nor servname provided, or not known>
  [ERROR] https://koeln.mitvergnuegen.com/api/v1/tips/82810/: <urlopen error [Errno 8] nodename nor servname provided, or not known>
  [ERROR] https://koeln.mitvergnuegen.com/api/v1/tips/82818/: <urlopen error [Errno 8] nodename nor servname provided, or not known>
  [ERROR] https://koeln.mitvergnuegen.com/api/v1/tips/82822/: <urlopen error [Errno 8] nodename nor servname provided, or not known>
  [ERROR] https://koeln.mitvergnuegen.com/api/v1/tips/82848/: <urlopen error [Errno 8] nodename nor servname provided, or not known>
  [ERROR] https://koeln.mitvergnuegen.com/api/v1/tips/82938/: <urlopen error [Errno 8] nodename nor servname provided, or not known>
  [ERROR] https://koeln.mitvergnuegen.com/api/v1/tips/83124/: <urlopen error [Errno 8] nodename nor servname provided, or not known>
  [ERROR] https://koeln.mitvergnuegen.com/api/v1/tips/83347/: <urlopen error [Errno 8] nodename nor servname provided, or not known>
  [ERROR] https://koeln.mitvergnuegen.com/api/v1/tips/83370/: <urlopen error [Errno 8] nodename nor servname provided, or not known>
  [ERROR] https://koeln.mitvergnuegen.com/api/v1/tips/83372/: <urlopen error [Errno 8] nodename nor servname provided, or not known>
  [ERROR] https://koeln.mitvergnuegen.com/api/v1/tips/83514/: <urlopen error [Errno 8] nodename nor servname provided, or not known>
  [ERROR] https://koeln.mitvergnuegen.com/api/v1/tips/83644/: <urlopen error [Errno 8] nodename nor servname provided, or not known>
  [ERROR] https://koeln.mitvergnuegen.com/api/v1/tips/84229/: <urlopen error [Errno 8] nodename nor servname provided, or not known>
  [ERROR] https://koeln.mitvergnuegen.com/api/v1/tips/84631/: <urlopen error [Errno 8] nodename nor servname provided, or not known>
  [ERROR] https://koeln.mitvergnuegen.com/api/v1/tips/84676/: <urlopen error [Errno 8] nodename nor servname provided, or not known>
  [ERROR] https://koeln.mitvergnuegen.com/api/v1/tips/84681/: <urlopen error [Errno 8] nodename nor servname provided, or not known>
  [ERROR] https://koeln.mitvergnuegen.com/api/v1/tips/84686/: <urlopen error [Errno 8] nodename nor servname provided, or not known>
  [ERROR] https://koeln.mitvergnuegen.com/api/v1/tips/84695/: <urlopen error [Errno 8] nodename nor servname provided, or not known>
  [ERROR] https://koeln.mitvergnuegen.com/api/v1/tips/84700/: <urlopen error [Errno 8] nodename nor servname provided, or not known>
  [ERROR] https://koeln.mitvergnuegen.com/api/v1/tips/84702/: <urlopen error [Errno 8] nodename nor servname provided, or not known>
  [ERROR] https://koeln.mitvergnuegen.com/api/v1/tips/84712/: <urlopen error [Errno 8] nodename nor servname provided, or not known>
  [ERROR] https://koeln.mitvergnuegen.com/api/v1/tips/84716/: <urlopen error [Errno 8] nodename nor servname provided, or not known>
  [ERROR] https://koeln.mitvergnuegen.com/api/v1/tips/84722/: <urlopen error [Errno 8] nodename nor servname provided, or not known>
  [ERROR] https://koeln.mitvergnuegen.com/api/v1/tips/84734/: <urlopen error [Errno 8] nodename nor servname provided, or not known>
  [ERROR] https://koeln.mitvergnuegen.com/api/v1/tips/84743/: <urlopen error [Errno 8] nodename nor servname provided, or not known>
  [ERROR] https://koeln.mitvergnuegen.com/api/v1/tips/84747/: <urlopen error [Errno 8] nodename nor servname provided, or not known>
  [ERROR] https://koeln.mitvergnuegen.com/api/v1/tips/84751/: <urlopen error [Errno 8] nodename nor servname provided, or not known>
  [ERROR] https://koeln.mitvergnuegen.com/api/v1/tips/85108/: <urlopen error [Errno 8] nodename nor servname provided, or not known>
  [ERROR] https://koeln.mitvergnuegen.com/api/v1/tips/85109/: <urlopen error [Errno 8] nodename nor servname provided, or not known>
  [ERROR] https://koeln.mitvergnuegen.com/api/v1/tips/85441/: <urlopen error [Errno 8] nodename nor servname provided, or not known>
  [ERROR] https://koeln.mitvergnuegen.com/api/v1/tips/85446/: <urlopen error [Errno 8] nodename nor servname provided, or not known>
  [ERROR] https://koeln.mitvergnuegen.com/api/v1/tips/85491/: <urlopen error [Errno 8] nodename nor servname provided, or not known>
  [ERROR] https://koeln.mitvergnuegen.com/api/v1/tips/85523/: <urlopen error [Errno 8] nodename nor servname provided, or not known>
  [ERROR] https://koeln.mitvergnuegen.com/api/v1/tips/85526/: <urlopen error [Errno 8] nodename nor servname provided, or not known>
  [ERROR] https://koeln.mitvergnuegen.com/api/v1/tips/85530/: <urlopen error [Errno 8] nodename nor servname provided, or not known>
  [ERROR] https://koeln.mitvergnuegen.com/api/v1/tips/85535/: <urlopen error [Errno 8] nodename nor servname provided, or not known>
  [ERROR] https://koeln.mitvergnuegen.com/api/v1/tips/85940/: <urlopen error [Errno 8] nodename nor servname provided, or not known>
  [ERROR] https://koeln.mitvergnuegen.com/api/v1/tips/86260/: <urlopen error [Errno 8] nodename nor servname provided, or not known>
  [ERROR] https://koeln.mitvergnuegen.com/api/v1/tips/86263/: <urlopen error [Errno 8] nodename nor servname provided, or not known>
  [ERROR] https://koeln.mitvergnuegen.com/api/v1/tips/86303/: <urlopen error [Errno 8] nodename nor servname provided, or not known>
  [ERROR] https://koeln.mitvergnuegen.com/api/v1/tips/86329/: <urlopen error [Errno 8] nodename nor servname provided, or not known>
  [ERROR] https://koeln.mitvergnuegen.com/api/v1/tips/86557/: <urlopen error [Errno 8] nodename nor servname provided, or not known>
  [ERROR] https://koeln.mitvergnuegen.com/api/v1/tips/87222/: <urlopen error [Errno 8] nodename nor servname provided, or not known>
  [ERROR] https://koeln.mitvergnuegen.com/api/v1/tips/87318/: <urlopen error [Errno 8] nodename nor servname provided, or not known>
  [ERROR] https://koeln.mitvergnuegen.com/api/v1/tips/87362/: <urlopen error [Errno 8] nodename nor servname provided, or not known>
  [ERROR] https://koeln.mitvergnuegen.com/api/v1/tips/87385/: <urlopen error [Errno 8] nodename nor servname provided, or not known>
  [ERROR] https://koeln.mitvergnuegen.com/api/v1/tips/87433/: <urlopen error [Errno 8] nodename nor servname provided, or not known>
  [ERROR] https://koeln.mitvergnuegen.com/api/v1/tips/87737/: <urlopen error [Errno 8] nodename nor servname provided, or not known>
  [ERROR] https://koeln.mitvergnuegen.com/api/v1/tips/87799/: <urlopen error [Errno 8] nodename nor servname provided, or not known>
  [ERROR] https://koeln.mitvergnuegen.com/api/v1/tips/88019/: <urlopen error [Errno 8] nodename nor servname provided, or not known>
  [ERROR] https://koeln.mitvergnuegen.com/api/v1/tips/88092/: <urlopen error [Errno 8] nodename nor servname provided, or not known>
  [ERROR] https://koeln.mitvergnuegen.com/api/v1/tips/88199/: <urlopen error [Errno 8] nodename nor servname provided, or not known>
  [ERROR] https://koeln.mitvergnuegen.com/api/v1/tips/88208/: <urlopen error [Errno 8] nodename nor servname provided, or not known>
  [ERROR] https://koeln.mitvergnuegen.com/api/v1/tips/88384/: <urlopen error [Errno 8] nodename nor servname provided, or not known>
  [ERROR] https://koeln.mitvergnuegen.com/api/v1/tips/88558/: <urlopen error [Errno 8] nodename nor servname provided, or not known>
  [ERROR] https://koeln.mitvergnuegen.com/api/v1/tips/88760/: <urlopen error [Errno 8] nodename nor servname provided, or not known>
  [ERROR] https://koeln.mitvergnuegen.com/api/v1/tips/88770/: <urlopen error [Errno 8] nodename nor servname provided, or not known>
